cancer,n_sig,logrank_p,balance,pass_soft,rank,set
LGG,13,0,0.225490196078431,TRUE,1,1
KIRC,11,3.09664487962991e-06,0.466535433070866,TRUE,2,1
LAML,4,0.0379885927015805,0.369127516778524,TRUE,3,1
LUSC,3,0.046342601590436,0.484276729559749,TRUE,4,1
COADREAD,2,0.01960489889893,0.480565371024735,TRUE,5,1
SKCM,8,0.214550246576886,0.341176470588235,FALSE,6,1
PAAD,7,0.000422476253772119,0.0454545454545455,FALSE,7,1
UCEC,7,0.901924621786423,0.367504835589942,FALSE,8,1
LUAD,5,0.506884952112298,0.346076458752515,FALSE,9,1
CESC,4,0.161203498934036,0.384341637010676,FALSE,10,1
KIRP,3,0.103318282189047,0.360714285714286,FALSE,11,1
BLCA,3,0.200222014497354,0.42962962962963,FALSE,12,1
GBM,3,0.336744809696675,0.5,FALSE,13,1
BRCA,3,0.412156049916117,0.436856875584659,FALSE,14,1
SARC,3,0.623198768652655,0.347826086956522,FALSE,15,1
STAD,3,0.751961360506529,0.494845360824742,FALSE,16,1
ESCA,2,0.571212808932844,0.348066298342541,FALSE,17,1
LIHC,1,0.233493259660335,0.494444444444445,FALSE,18,1
HNSC,0,0.394335898247359,0.252918287937743,FALSE,19,1
OV,0,0.68975496108112,0.394648829431438,FALSE,20,1
KIRC,13,2.26562818528286e-06,0.322834645669291,TRUE,1,2
UCEC,8,0.00923866943662122,0.321083172147002,TRUE,2,2
LGG,6,2.13205160648489e-06,0.286274509803922,TRUE,3,2
SKCM,6,1.16062773570791e-05,0.157647058823529,TRUE,4,2
CESC,6,0.0103682319102196,0.302491103202847,TRUE,5,2
LUAD,4,0.0427919980764168,0.462776659959759,TRUE,6,2
STAD,3,0.0491906106384741,0.342783505154639,TRUE,7,2
BLCA,10,0.533901429421167,0.419753086419753,FALSE,8,2
PAAD,8,0.000422476253772119,0.0454545454545455,FALSE,9,2
KIRP,5,0.28336824212599,0.442857142857143,FALSE,10,2
HNSC,5,0.345327480836408,0.27431906614786,FALSE,11,2
GBM,5,0.600040450447375,0.493506493506494,FALSE,12,2
SARC,5,0.895439503895257,0.490118577075099,FALSE,13,2
LAML,3,0.0859822238820124,0.275167785234899,FALSE,14,2
COADREAD,3,0.257138252161194,0.201413427561837,FALSE,15,2
LIHC,3,0.833065763966578,0.444444444444444,FALSE,16,2
OV,2,0.793258009741873,0.31438127090301,FALSE,17,2
ESCA,2,0.976218907938077,0.419889502762431,FALSE,18,2
LUSC,1,0.707160112984968,0.406708595387841,FALSE,19,2
BRCA,0,0.568255357027854,0.405051449953227,FALSE,20,2
LGG,11,0.00197096893084125,0.370588235294118,TRUE,1,3
SKCM,8,0.00556630591137053,0.202352941176471,TRUE,2,3
LAML,8,0.0103775687393,0.496644295302014,TRUE,3,3
HNSC,6,0.00128752315589042,0.262645914396887,TRUE,4,3
BLCA,5,0.000565715809528578,0.471604938271605,TRUE,5,3
KIRC,12,0.067683426973384,0.0236220472440945,FALSE,6,3
KIRP,9,0.161567281277816,0.464285714285714,FALSE,7,3
PAAD,7,0.298487142504672,0.460227272727273,FALSE,8,3
SARC,6,0.306270410463104,0.379446640316206,FALSE,9,3
CESC,5,0.833018408733496,0.241992882562278,FALSE,10,3
LUAD,4,0.0534743389529594,0.360160965794769,FALSE,11,3
UCEC,4,0.133119318638989,0.315280464216634,FALSE,12,3
GBM,4,0.241927318270739,0.435064935064935,FALSE,13,3
STAD,3,0.0750068645376293,0.448453608247423,FALSE,14,3
LIHC,3,0.404280305618627,0.247222222222222,FALSE,15,3
COADREAD,2,0.152509223074133,0.247349823321555,FALSE,16,3
BRCA,2,0.616470466296499,0.275958840037418,FALSE,17,3
OV,0,0.152503709409502,0.337792642140468,FALSE,18,3
LUSC,0,0.339873790768836,0.308176100628931,FALSE,19,3
ESCA,0,0.979372405528732,0.486187845303867,FALSE,20,3
LGG,15,1.55098156540134e-13,0.245098039215686,TRUE,1,4
LIHC,8,6.04486424896633e-05,0.255555555555556,TRUE,2,4
UCEC,8,0.0278050718145311,0.352030947775629,TRUE,3,4
LUAD,7,0.00462183491496782,0.344064386317907,TRUE,4,4
BLCA,6,0.00201779090866683,0.493827160493827,TRUE,5,4
SARC,6,0.00539869419660644,0.494071146245059,TRUE,6,4
KIRC,11,1.11022302462516e-16,0.0866141732283465,FALSE,7,4
KIRP,7,0,0.0892857142857143,FALSE,8,4
SKCM,7,0.103714333802436,0.350588235294118,FALSE,9,4
PAAD,6,0.222513153833002,0.420454545454546,FALSE,10,4
LAML,6,0.228742406414829,0.315436241610738,FALSE,11,4
OV,4,0.0807256016509903,0.347826086956522,FALSE,12,4
COADREAD,4,0.082720030774194,0.296819787985866,FALSE,13,4
HNSC,4,0.672888908140179,0.422178988326848,FALSE,14,4
STAD,3,0.139436549135335,0.435567010309278,FALSE,15,4
GBM,3,0.74165478414161,0.194805194805195,FALSE,16,4
BRCA,3,0.988202848821251,0.202993451824135,FALSE,17,4
ESCA,1,0.545585404831338,0.392265193370166,FALSE,18,4
CESC,1,0.799012754190671,0.398576512455516,FALSE,19,4
LUSC,0,0.205090383446803,0.423480083857442,FALSE,20,4
LGG,13,0.000338082963073583,0.233333333333333,TRUE,1,5
KIRC,12,0.0124124607336746,0.31496062992126,TRUE,2,5
SKCM,8,0.025825752775713,0.428235294117647,TRUE,3,5
SARC,6,0.0173163533861924,0.367588932806324,TRUE,4,5
PAAD,5,0.0337745748878368,0.465909090909091,TRUE,5,5
UCEC,4,0.0123503183038112,0.357833655705996,TRUE,6,5
STAD,2,0.0389062796282706,0.345360824742268,TRUE,7,5
KIRP,7,0.171990641736929,0.310714285714286,FALSE,8,5
CESC,4,0.272100477257218,0.291814946619217,FALSE,9,5
LIHC,4,0.375787197579797,0.3,FALSE,10,5
BLCA,4,0.944490610669277,0.37037037037037,FALSE,11,5
LAML,3,0.289231287426469,0.355704697986577,FALSE,12,5
LUAD,3,0.954456412397152,0.265593561368209,FALSE,13,5
COADREAD,2,0.39986698666651,0.489399293286219,FALSE,14,5
OV,2,0.595318043539556,0.337792642140468,FALSE,15,5
HNSC,2,0.975675589535031,0.114785992217899,FALSE,16,5
ESCA,1,0.164738669794481,0.475138121546961,FALSE,17,5
GBM,1,0.421687834768237,0.363636363636364,FALSE,18,5
BRCA,1,0.641841996553497,0.329279700654818,FALSE,19,5
LUSC,0,0.166121754444261,0.454926624737946,FALSE,20,5
KIRC,13,1.30834898470766e-10,0.228346456692913,TRUE,1,6
LGG,11,4.17703205357611e-10,0.229411764705882,TRUE,2,6
HNSC,8,0.000646978612360516,0.385214007782101,TRUE,3,6
SKCM,7,0.0003580537297041,0.207058823529412,TRUE,4,6
BLCA,5,0.00385437848506565,0.328395061728395,TRUE,5,6
LUAD,5,0.00739975509162749,0.305835010060362,TRUE,6,6
CESC,4,0.000134370141876117,0.185053380782918,TRUE,7,6
OV,2,0.0107026346969532,0.31438127090301,TRUE,8,6
STAD,2,0.0461892942127854,0.391752577319588,TRUE,9,6
PAAD,8,0.00244475407954681,0.0625,FALSE,10,6
KIRP,8,0.0565151354859043,0.453571428571429,FALSE,11,6
LAML,6,0.418447729328771,0.483221476510067,FALSE,12,6
LIHC,5,0.0759358282699977,0.35,FALSE,13,6
UCEC,4,0.148568210859353,0.226305609284333,FALSE,14,6
COADREAD,3,0.310785649954366,0.459363957597173,FALSE,15,6
BRCA,3,0.350615241785283,0.198316183348924,FALSE,16,6
GBM,3,0.891984307001903,0.253246753246753,FALSE,17,6
LUSC,2,0.259256286511222,0.331236897274633,FALSE,18,6
SARC,2,0.845855796643412,0.33596837944664,FALSE,19,6
ESCA,1,0.649773814435876,0.447513812154696,FALSE,20,6
KIRC,17,3.64469487923458e-08,0.236220472440945,TRUE,1,7
SKCM,5,0.0080129325621654,0.223529411764706,TRUE,2,7
BLCA,5,0.0265185807836713,0.362962962962963,TRUE,3,7
LIHC,4,0.0391170998649243,0.361111111111111,TRUE,4,7
LAML,4,0.043357746182129,0.456375838926175,TRUE,5,7
PAAD,8,0.000569117369908279,0.0454545454545455,FALSE,6,7
LGG,7,0.0968734817654529,0.401960784313726,FALSE,7,7
BRCA,6,0.37482614207822,0.338634237605239,FALSE,8,7
COADREAD,5,0.0797208514052175,0.492932862190813,FALSE,9,7
LUAD,4,0.453630513378464,0.44466800804829,FALSE,10,7
HNSC,4,0.630634580664938,0.215953307392996,FALSE,11,7
CESC,3,0.184974290126184,0.352313167259786,FALSE,12,7
GBM,3,0.269970539585918,0.467532467532468,FALSE,13,7
KIRP,3,0.517191959941816,0.278571428571429,FALSE,14,7
UCEC,3,0.669691586445712,0.433268858800774,FALSE,15,7
SARC,2,0.0538054180838188,0.442687747035573,FALSE,16,7
STAD,1,0.016937645644838,0.175257731958763,FALSE,17,7
OV,1,0.104513592605087,0.354515050167224,FALSE,18,7
LUSC,1,0.81996940952737,0.329140461215933,FALSE,19,7
ESCA,0,0.270229150644288,0.43646408839779,FALSE,20,7
KIRC,15,1.9246118032612e-09,0.291338582677165,TRUE,1,8
LUAD,4,0.0367899072014378,0.378269617706237,TRUE,2,8
STAD,2,0.0444447114710059,0.231958762886598,TRUE,3,8
LGG,10,0.408363884050182,0.301960784313726,FALSE,4,8
PAAD,9,0.199739386157102,0.471590909090909,FALSE,5,8
SKCM,8,0.00109462770810664,0.148235294117647,FALSE,6,8
BLCA,7,0.057225978445526,0.439506172839506,FALSE,7,8
LIHC,7,0.689919176518929,0.302777777777778,FALSE,8,8
OV,6,0.120340919084517,0.394648829431438,FALSE,9,8
KIRP,6,0.668898364917865,0.35,FALSE,10,8
HNSC,5,0.310507222457148,0.178988326848249,FALSE,11,8
SARC,4,0.298442285374585,0.33201581027668,FALSE,12,8
CESC,4,0.574828922393876,0.117437722419929,FALSE,13,8
BRCA,3,0.109526086723746,0.313376987839102,FALSE,14,8
UCEC,3,0.156845157955844,0.179883945841393,FALSE,15,8
LAML,3,0.825034421937614,0.315436241610738,FALSE,16,8
ESCA,2,0.334947276186059,0.348066298342541,FALSE,17,8
LUSC,1,0.211371528883406,0.436058700209644,FALSE,18,8
COADREAD,1,0.281752791835272,0.443462897526502,FALSE,19,8
GBM,0,0.306720702227607,0.162337662337662,FALSE,20,8
LGG,11,5.13398753951844e-05,0.437254901960784,TRUE,1,9
KIRC,10,1.23822957232012e-06,0.364173228346457,TRUE,2,9
SKCM,7,3.10924297055593e-05,0.36,TRUE,3,9
BLCA,4,0.00472497587992737,0.4,TRUE,4,9
KIRP,4,0.0280845152724097,0.435714285714286,TRUE,5,9
STAD,2,0.0354378749635719,0.275773195876289,TRUE,6,9
PAAD,6,0.0010081225544587,0.0397727272727273,FALSE,7,9
UCEC,5,0.39644950229438,0.350096711798839,FALSE,8,9
LAML,5,0.870955457855788,0.395973154362416,FALSE,9,9
HNSC,4,0.140822545254848,0.262645914396887,FALSE,10,9
OV,4,0.316107590984166,0.384615384615385,FALSE,11,9
LIHC,3,0.179489203738954,0.236111111111111,FALSE,12,9
LUAD,3,0.321894196824531,0.426559356136821,FALSE,13,9
BRCA,3,0.42827157019585,0.246024321796071,FALSE,14,9
COADREAD,3,0.480255673938292,0.369257950530035,FALSE,15,9
CESC,3,0.557986654456662,0.437722419928826,FALSE,16,9
SARC,2,0.482432284674706,0.197628458498024,FALSE,17,9
LUSC,1,0.493255115294206,0.289308176100629,FALSE,18,9
GBM,0,0.93227933860865,0.272727272727273,FALSE,19,9
ESCA,0,0.959042284415791,0.453038674033149,FALSE,20,9
KIRC,10,3.87191867456949e-09,0.27755905511811,TRUE,1,10
SKCM,7,0.0428396752610539,0.249411764705882,TRUE,2,10
BLCA,6,0.00135925067139597,0.318518518518519,TRUE,3,10
LGG,8,0.669937895686209,0.401960784313726,FALSE,4,10
PAAD,6,0.000164098644151456,0.0568181818181818,FALSE,5,10
KIRP,6,0.574561813051343,0.446428571428571,FALSE,6,10
COADREAD,6,0.953450997701903,0.0512367491166078,FALSE,7,10
LAML,4,0.0671950173074725,0.288590604026846,FALSE,8,10
SARC,4,0.462686181382456,0.173913043478261,FALSE,9,10
HNSC,4,0.50440663696456,0.488326848249027,FALSE,10,10
BRCA,4,0.578261062610515,0.373246024321796,FALSE,11,10
UCEC,3,0.279630499303269,0.37137330754352,FALSE,12,10
LUSC,2,0.22708147901331,0.318658280922432,FALSE,13,10
GBM,2,0.309797872901631,0.11038961038961,FALSE,14,10
CESC,2,0.329836351442337,0.334519572953737,FALSE,15,10
LUAD,2,0.411664064812402,0.436619718309859,FALSE,16,10
LIHC,2,0.727538662754803,0.377777777777778,FALSE,17,10
STAD,1,0.507262847223362,0.469072164948454,FALSE,18,10
ESCA,1,0.641325933198931,0.441988950276243,FALSE,19,10
OV,0,0.00145506640637949,0.347826086956522,FALSE,20,10
KIRC,9,4.63128434813331e-06,0.281496062992126,TRUE,1,11
LIHC,8,0.00645230480996284,0.333333333333333,TRUE,2,11
PAAD,7,0.0159739273422125,0.465909090909091,TRUE,3,11
SKCM,6,0.0149404182808605,0.228235294117647,TRUE,4,11
COADREAD,5,0.0254116117437859,0.365724381625442,TRUE,5,11
LAML,5,0.0323735945072031,0.395973154362416,TRUE,6,11
LGG,13,0.632805994015457,0.374509803921569,FALSE,7,11
BLCA,8,0.0662414918387593,0.217283950617284,FALSE,8,11
HNSC,6,0.4298006368559,0.103112840466926,FALSE,9,11
KIRP,6,0.667240045687294,0.3,FALSE,10,11
GBM,5,0.88609364670563,0.214285714285714,FALSE,11,11
LUAD,4,0.100737953207071,0.44466800804829,FALSE,12,11
SARC,4,0.23955462647186,0.142292490118577,FALSE,13,11
CESC,4,0.563565423082445,0.0533807829181495,FALSE,14,11
UCEC,4,0.829709956343832,0.224371373307544,FALSE,15,11
BRCA,3,0.394532553607416,0.228250701590271,FALSE,16,11
LUSC,2,0.250123787435309,0.186582809224319,FALSE,17,11
STAD,2,0.469624727154392,0.425257731958763,FALSE,18,11
OV,1,0.00877600059397521,0.354515050167224,FALSE,19,11
ESCA,1,0.831536137694597,0.386740331491713,FALSE,20,11
LGG,12,2.27068922553642e-08,0.166666666666667,TRUE,1,12
KIRC,11,0.00044959928851418,0.198818897637795,TRUE,2,12
LUAD,4,0.00635315019672311,0.394366197183099,TRUE,3,12
SKCM,9,0.000750288934321386,0.138823529411765,FALSE,4,12
UCEC,6,0.285978309752108,0.274661508704062,FALSE,5,12
HNSC,6,0.293106283768302,0.227626459143969,FALSE,6,12
CESC,5,0.0191328918072836,0.149466192170819,FALSE,7,12
LIHC,4,0.0686585047726391,0.0388888888888889,FALSE,8,12
BLCA,4,0.243182080603832,0.145679012345679,FALSE,9,12
KIRP,4,0.374149483344943,0.371428571428571,FALSE,10,12
SARC,4,0.877497570158237,0.189723320158103,FALSE,11,12
LUSC,3,0.155021738711743,0.234800838574424,FALSE,12,12
LAML,2,0.307118071188593,0.214765100671141,FALSE,13,12
ESCA,2,0.626106884973177,0.397790055248619,FALSE,14,12
PAAD,2,0.938085145326694,0.357954545454545,FALSE,15,12
BRCA,1,0.50767188900554,0.318989710009355,FALSE,16,12
COADREAD,1,0.602942218938283,0.318021201413428,FALSE,17,12
STAD,1,0.769177144293629,0.396907216494845,FALSE,18,12
OV,0,0.825259622353176,0.22742474916388,FALSE,19,12
GBM,0,0.866746821425246,0.25974025974026,FALSE,20,12
KIRC,13,5.80466841160199e-06,0.299212598425197,TRUE,1,13
PAAD,11,0.00153754257891103,0.352272727272727,TRUE,2,13
LGG,10,1.54376511574128e-12,0.2,TRUE,3,13
LUAD,6,7.5947328088688e-06,0.364185110663984,TRUE,4,13
BLCA,6,0.0208452786707394,0.444444444444444,TRUE,5,13
UCEC,6,0.0272184570100242,0.477756286266925,TRUE,6,13
STAD,4,0.0465022688771869,0.314432989690722,TRUE,7,13
SKCM,10,1.99918349430561e-07,0.129411764705882,FALSE,8,13
HNSC,6,0.302173705150784,0.336575875486381,FALSE,9,13
KIRP,5,0.917690752065548,0.432142857142857,FALSE,10,13
SARC,4,0.0517540927641318,0.347826086956522,FALSE,11,13
COADREAD,4,0.0895971592179212,0.0936395759717314,FALSE,12,13
BRCA,4,0.158534141386734,0.41534144059869,FALSE,13,13
GBM,3,0.214312696255496,0.396103896103896,FALSE,14,13
CESC,2,0.173784647542263,0.327402135231317,FALSE,15,13
LAML,2,0.280693771060439,0.355704697986577,FALSE,16,13
ESCA,2,0.742391362466888,0.386740331491713,FALSE,17,13
LIHC,2,0.917107708132386,0.302777777777778,FALSE,18,13
OV,1,0.251860185916844,0.491638795986622,FALSE,19,13
LUSC,0,0.841021914305645,0.477987421383648,FALSE,20,13
LGG,11,0,0.188235294117647,TRUE,1,14
KIRC,9,1.36794963945253e-06,0.37992125984252,TRUE,2,14
PAAD,7,0.0486059786499808,0.488636363636364,TRUE,3,14
COADREAD,2,0.0237744086583076,0.3886925795053,TRUE,4,14
HNSC,2,0.0265296044040999,0.291828793774319,TRUE,5,14
KIRP,8,0.28204631919905,0.453571428571429,FALSE,6,14
SARC,6,0.086049287426459,0.351778656126482,FALSE,7,14
BRCA,5,0.0517335545323169,0.366697848456501,FALSE,8,14
SKCM,5,0.550814437856525,0.435294117647059,FALSE,9,14
LUAD,4,0.0725509506027369,0.496981891348089,FALSE,10,14
LIHC,4,0.0944115593873309,0.269444444444444,FALSE,11,14
LAML,4,0.374020154019172,0.496644295302014,FALSE,12,14
UCEC,3,0.392225663742788,0.392649903288201,FALSE,13,14
CESC,3,0.595249615161069,0.259786476868327,FALSE,14,14
ESCA,1,0.157316072348536,0.464088397790055,FALSE,15,14
GBM,1,0.400114021857538,0.266233766233766,FALSE,16,14
LUSC,1,0.442956491822219,0.415094339622642,FALSE,17,14
STAD,1,0.68322212530152,0.332474226804124,FALSE,18,14
BLCA,1,0.957821341683125,0.459259259259259,FALSE,19,14
OV,0,0.625179830563999,0.311036789297659,FALSE,20,14
LGG,14,9.3126178990488e-09,0.325490196078431,TRUE,1,15
PAAD,8,0.00572870490813926,0.448863636363636,TRUE,2,15
BLCA,4,0.0442939599978688,0.491358024691358,TRUE,3,15
STAD,2,0.022537089109491,0.448453608247423,TRUE,4,15
KIRC,14,0.086855357749735,0.47244094488189,FALSE,5,15
LUAD,7,0.167540358079218,0.394366197183099,FALSE,6,15
KIRP,6,0.597905145372234,0.5,FALSE,7,15
HNSC,5,0.0756968369449892,0.295719844357977,FALSE,8,15
UCEC,4,0.257286023351821,0.411992263056093,FALSE,9,15
SKCM,4,0.273872189274529,0.378823529411765,FALSE,10,15
BRCA,4,0.454233772769369,0.338634237605239,FALSE,11,15
LIHC,4,0.640540304184468,0.436111111111111,FALSE,12,15
GBM,3,0.257261098586113,0.435064935064935,FALSE,13,15
LAML,3,0.440808959690144,0.48993288590604,FALSE,14,15
CESC,3,0.566464954253777,0.398576512455516,FALSE,15,15
SARC,2,0.801103008318439,0.494071146245059,FALSE,16,15
COADREAD,2,0.970216666286162,0.404593639575972,FALSE,17,15
OV,1,0.374899970816332,0.471571906354515,FALSE,18,15
LUSC,1,0.683559557881159,0.452830188679245,FALSE,19,15
ESCA,0,0.335927904993161,0.209944751381215,FALSE,20,15
KIRC,9,3.08733517639936e-08,0.403543307086614,TRUE,1,16
SARC,4,0.0185415826307523,0.328063241106719,TRUE,2,16
GBM,3,0.00177837267031067,0.168831168831169,TRUE,3,16
STAD,3,0.0358561842096102,0.185567010309278,TRUE,4,16
LUSC,2,0.0268582691073209,0.387840670859539,TRUE,5,16
LGG,9,0.466030907756328,0.429411764705882,FALSE,6,16
KIRP,7,0.0785772998352217,0.375,FALSE,7,16
PAAD,6,0.708377692591603,0.295454545454545,FALSE,8,16
UCEC,5,0.618724546127771,0.497098646034816,FALSE,9,16
BRCA,4,0.422342270335635,0.412535079513564,FALSE,10,16
LUAD,4,0.721042571806192,0.424547283702213,FALSE,11,16
LIHC,4,0.803664961479067,0.00555555555555556,FALSE,12,16
CESC,4,0.866718701776152,0.103202846975089,FALSE,13,16
LAML,3,0.230376031987054,0.355704697986577,FALSE,14,16
BLCA,3,0.318053355553498,0.239506172839506,FALSE,15,16
COADREAD,3,0.346971515796869,0.18904593639576,FALSE,16,16
HNSC,2,0.0882169624015032,0.324902723735409,FALSE,17,16
SKCM,2,0.558360219459954,0.341176470588235,FALSE,18,16
ESCA,0,0.33531929806381,0.314917127071823,FALSE,19,16
OV,0,0.925734099247072,0.494983277591973,FALSE,20,16
KIRC,10,5.78245158766588e-06,0.299212598425197,TRUE,1,17
SKCM,5,0.0396452176220757,0.221176470588235,TRUE,2,17
BLCA,3,0.0266754031172058,0.335802469135802,TRUE,3,17
LGG,12,0.353608750873013,0.382352941176471,FALSE,4,17
PAAD,8,0.000951502111151248,0.0568181818181818,FALSE,5,17
LAML,5,0.23461209648746,0.322147651006711,FALSE,6,17
SARC,5,0.282672422136471,0.280632411067194,FALSE,7,17
KIRP,5,0.312368599112572,0.325,FALSE,8,17
LIHC,5,0.463599522789694,0.361111111111111,FALSE,9,17
HNSC,5,0.710608505390359,0.192607003891051,FALSE,10,17
COADREAD,4,0.264574165951918,0.340989399293286,FALSE,11,17
LUSC,3,0.0842657073893544,0.406708595387841,FALSE,12,17
UCEC,3,0.336571763687548,0.303675048355899,FALSE,13,17
CESC,3,0.541082780214136,0.473309608540925,FALSE,14,17
GBM,2,0.0760253087970225,0.441558441558442,FALSE,15,17
BRCA,2,0.494111441839133,0.212347988774556,FALSE,16,17
LUAD,2,0.676318305537863,0.45271629778672,FALSE,17,17
STAD,1,0.424470439140305,0.407216494845361,FALSE,18,17
ESCA,1,0.693812178341782,0.458563535911602,FALSE,19,17
OV,1,0.955735974157074,0.311036789297659,FALSE,20,17
KIRC,11,5.90334323824493e-06,0.423228346456693,TRUE,1,18
LGG,11,0.000142172526884532,0.394117647058824,TRUE,2,18
PAAD,6,0.00797084790431091,0.443181818181818,TRUE,3,18
COADREAD,2,0.0349219976474541,0.181978798586572,TRUE,4,18
SARC,7,0.546419089725921,0.268774703557312,FALSE,5,18
BLCA,6,0.763702691320431,0.454320987654321,FALSE,6,18
KIRP,5,0.149211666146261,0.432142857142857,FALSE,7,18
CESC,5,0.352036175170183,0.366548042704626,FALSE,8,18
HNSC,5,0.737194611388018,0.169260700389105,FALSE,9,18
LAML,4,0.101898207094553,0.248322147651007,FALSE,10,18
LUAD,4,0.228613330360508,0.466800804828974,FALSE,11,18
LIHC,4,0.904617943480686,0.444444444444444,FALSE,12,18
SKCM,3,0.241065730732142,0.341176470588235,FALSE,13,18
UCEC,3,0.616276382280609,0.350096711798839,FALSE,14,18
OV,2,0.0526744461928043,0.498327759197324,FALSE,15,18
STAD,2,0.0621287595964471,0.167525773195876,FALSE,16,18
BRCA,1,0.771606771949772,0.363891487371375,FALSE,17,18
GBM,1,0.967215624218956,0.318181818181818,FALSE,18,18
ESCA,0,0.528674898007906,0.441988950276243,FALSE,19,18
LUSC,0,0.937166054888261,0.457023060796646,FALSE,20,18
KIRC,13,1.23877875557454e-05,0.387795275590551,TRUE,1,19
UCEC,7,0.00256987898164318,0.481624758220503,TRUE,2,19
LGG,15,0.478582755582947,0.119607843137255,FALSE,3,19
PAAD,12,0.000422476253772119,0.0454545454545455,FALSE,4,19
KIRP,9,0.596879724257823,0.496428571428571,FALSE,5,19
HNSC,6,0.522708044683249,0.383268482490272,FALSE,6,19
LIHC,5,0.218059877533688,0.497222222222222,FALSE,7,19
SKCM,5,0.696436414788879,0.275294117647059,FALSE,8,19
BRCA,4,0.303749484216777,0.379794200187091,FALSE,9,19
LUAD,4,0.514997423165314,0.388329979879276,FALSE,10,19
CESC,4,0.541176994184704,0.462633451957295,FALSE,11,19
GBM,3,0.373886367361065,0.246753246753247,FALSE,12,19
OV,3,0.394859054121217,0.431438127090301,FALSE,13,19
SARC,3,0.906552136596011,0.399209486166008,FALSE,14,19
STAD,2,0.19216920746484,0.489690721649485,FALSE,15,19
LUSC,2,0.196401488454225,0.448637316561845,FALSE,16,19
BLCA,2,0.392732173985295,0.412345679012346,FALSE,17,19
COADREAD,2,0.479417982626467,0.462897526501767,FALSE,18,19
ESCA,2,0.56629081795422,0.38121546961326,FALSE,19,19
LAML,2,0.884754287969743,0.476510067114094,FALSE,20,19
KIRC,14,1.85665994689721e-07,0.403543307086614,TRUE,1,20
UCEC,11,1.0221420576606e-07,0.342359767891683,TRUE,2,20
LGG,11,0.000865703765313031,0.435294117647059,TRUE,3,20
PAAD,7,0.00111716197992418,0.335227272727273,TRUE,4,20
SKCM,5,0.0353381842107727,0.277647058823529,TRUE,5,20
LIHC,4,0.00989480014938204,0.172222222222222,TRUE,6,20
LUAD,4,0.0200166304600947,0.470824949698189,TRUE,7,20
HNSC,2,0.0309284035534482,0.391050583657588,TRUE,8,20
KIRP,6,0.293463099477915,0.307142857142857,FALSE,9,20
COADREAD,4,0.0605196708777485,0.45583038869258,FALSE,10,20
LAML,3,0.175848896615789,0.483221476510067,FALSE,11,20
SARC,2,0.362909269919537,0.367588932806324,FALSE,12,20
LUSC,2,0.677603319183431,0.488469601677149,FALSE,13,20
GBM,2,0.868655991734633,0.188311688311688,FALSE,14,20
BRCA,2,0.897383570965003,0.229186155285313,FALSE,15,20
CESC,1,0.0579671076084967,0.473309608540925,FALSE,16,20
OV,1,0.103200296505443,0.347826086956522,FALSE,17,20
ESCA,1,0.352350001941907,0.447513812154696,FALSE,18,20
STAD,1,0.578097271581437,0.11340206185567,FALSE,19,20
BLCA,1,0.712921338844049,0.207407407407407,FALSE,20,20
KIRC,14,7.39520111814329e-10,0.265748031496063,TRUE,1,21
BLCA,6,0.00552474645129952,0.362962962962963,TRUE,2,21
STAD,3,0.0358467919551989,0.229381443298969,TRUE,3,21
LGG,16,1.93005566555549e-05,0.00588235294117647,FALSE,4,21
UCEC,8,0.0350869944978478,0.121856866537718,FALSE,5,21
PAAD,7,0.000422476253772119,0.0454545454545455,FALSE,6,21
KIRP,7,0.325908412665537,0.282142857142857,FALSE,7,21
COADREAD,4,0.235471436529067,0.390459363957597,FALSE,8,21
LAML,4,0.26589241947807,0.449664429530201,FALSE,9,21
SARC,4,0.511291091230715,0.399209486166008,FALSE,10,21
SKCM,4,0.686653359655424,0.00705882352941177,FALSE,11,21
ESCA,3,0.19050910224892,0.441988950276243,FALSE,12,21
BRCA,2,0.351582501422439,0.00467726847521048,FALSE,13,21
GBM,2,0.7338248065092,0.0324675324675325,FALSE,14,21
HNSC,2,0.815853834089326,0.00389105058365759,FALSE,15,21
OV,2,0.913089331013103,0.0267558528428094,FALSE,16,21
LIHC,1,0.00845203771309955,0.277777777777778,FALSE,17,21
LUAD,1,0.316796698798689,0.0120724346076459,FALSE,18,21
CESC,1,0.356924848003904,0.0106761565836299,FALSE,19,21
LUSC,1,0.906617421644494,0.00628930817610063,FALSE,20,21
LGG,12,2.665645482125e-13,0.225490196078431,TRUE,1,22
SKCM,11,3.16425736446302e-06,0.157647058823529,TRUE,2,22
KIRC,11,0.00162015519148484,0.454724409448819,TRUE,3,22
KIRP,6,2.32226074181607e-05,0.203571428571429,TRUE,4,22
UCEC,6,0.00322802040951942,0.220502901353965,TRUE,5,22
LIHC,4,0.0258050131917672,0.255555555555556,TRUE,6,22
LUAD,4,0.0375139571880994,0.492957746478873,TRUE,7,22
LAML,2,0.0119607033297836,0.228187919463087,TRUE,8,22
PAAD,5,0.317548894540249,0.00568181818181818,FALSE,9,22
BLCA,5,0.913391316694676,0.180246913580247,FALSE,10,22
SARC,3,0.135814922297354,0.296442687747036,FALSE,11,22
BRCA,3,0.254408188662091,0.257249766136576,FALSE,12,22
HNSC,3,0.384007331148413,0.130350194552529,FALSE,13,22
CESC,3,0.596804423192024,0.220640569395018,FALSE,14,22
GBM,3,0.621462278027562,0.162337662337662,FALSE,15,22
OV,2,0.0896279055215659,0.418060200668896,FALSE,16,22
COADREAD,2,0.25678918149708,0.298586572438163,FALSE,17,22
STAD,1,0.0772923100853662,0.311855670103093,FALSE,18,22
LUSC,1,0.251863369451497,0.427672955974843,FALSE,19,22
ESCA,1,0.511175572178315,0.408839779005525,FALSE,20,22
LGG,13,3.39209609734326e-07,0.417647058823529,TRUE,1,23
KIRC,10,8.69540428549698e-09,0.328740157480315,TRUE,2,23
KIRP,8,1.50403438481384e-07,0.221428571428571,TRUE,3,23
BLCA,7,0.0318326813850113,0.464197530864198,TRUE,4,23
LIHC,6,0.00192987337378925,0.288888888888889,TRUE,5,23
LUAD,4,0.00455683486280001,0.323943661971831,TRUE,6,23
STAD,3,0.0401405262729595,0.38659793814433,TRUE,7,23
PAAD,9,0.239533531830715,0.431818181818182,FALSE,8,23
SKCM,7,0.0876543595680661,0.402352941176471,FALSE,9,23
UCEC,6,0.351460048321402,0.369439071566731,FALSE,10,23
LAML,6,0.390664149055088,0.422818791946309,FALSE,11,23
SARC,5,0.982296531904776,0.33596837944664,FALSE,12,23
GBM,3,0.602780182389198,0.175324675324675,FALSE,13,23
CESC,1,0.149675294166155,0.142348754448399,FALSE,14,23
OV,1,0.173961326343519,0.297658862876254,FALSE,15,23
LUSC,1,0.249838755458066,0.488469601677149,FALSE,16,23
BRCA,1,0.691315582158392,0.306828811973807,FALSE,17,23
HNSC,1,0.847535491891012,0.212062256809339,FALSE,18,23
ESCA,1,0.917870649517343,0.441988950276243,FALSE,19,23
COADREAD,0,0.370741443545737,0.454063604240283,FALSE,20,23
LGG,15,4.44089209850063e-16,0.225490196078431,TRUE,1,24
KIRC,9,0.000150816471834236,0.230314960629921,TRUE,2,24
SKCM,6,0.0022998043371838,0.164705882352941,TRUE,3,24
PAAD,7,0.0028249623811788,0.0340909090909091,FALSE,4,24
SARC,7,0.448670048398534,0.292490118577075,FALSE,5,24
LAML,6,0.263447942797029,0.409395973154362,FALSE,6,24
UCEC,6,0.850309724242411,0.338491295938105,FALSE,7,24
COADREAD,5,0.478991769732223,0.393992932862191,FALSE,8,24
LIHC,4,0.0366694944580772,0.15,FALSE,9,24
KIRP,4,0.0573018445302914,0.360714285714286,FALSE,10,24
BRCA,4,0.176335124598941,0.255378858746492,FALSE,11,24
CESC,4,0.208417610383034,0.352313167259786,FALSE,12,24
LUSC,3,0.110554557480442,0.360587002096436,FALSE,13,24
LUAD,3,0.130174810834114,0.344064386317907,FALSE,14,24
HNSC,2,0.439653789486763,0.221789883268483,FALSE,15,24
STAD,2,0.649342825941914,0.497422680412371,FALSE,16,24
GBM,1,0.0364910465187633,0.428571428571429,FALSE,17,24
OV,1,0.0909514425641001,0.387959866220736,FALSE,18,24
BLCA,1,0.976631646418735,0.125925925925926,FALSE,19,24
ESCA,0,0.687803712420305,0.0165745856353591,FALSE,20,24
KIRC,12,2.11055656751391e-06,0.381889763779528,TRUE,1,25
SKCM,8,0.0407276384450029,0.251764705882353,TRUE,2,25
COADREAD,3,0.0232117041334741,0.376325088339223,TRUE,3,25
LGG,13,0.0656675562341412,0.43921568627451,FALSE,4,25
KIRP,7,0.257285878110931,0.375,FALSE,5,25
PAAD,7,0.580950415934808,0.403409090909091,FALSE,6,25
LAML,6,0.0506805068812702,0.483221476510067,FALSE,7,25
UCEC,5,0.423910237002771,0.431334622823985,FALSE,8,25
LIHC,5,0.52472232308564,0.344444444444444,FALSE,9,25
SARC,5,0.691245150788378,0.395256916996047,FALSE,10,25
CESC,3,0.161228427254563,0.409252669039146,FALSE,11,25
LUAD,3,0.58335740829083,0.462776659959759,FALSE,12,25
BLCA,2,0.182374119706896,0.390123456790123,FALSE,13,25
HNSC,2,0.379944133709491,0.317120622568093,FALSE,14,25
GBM,2,0.694442725302257,0.155844155844156,FALSE,15,25
BRCA,1,0.262508721811007,0.432179607109448,FALSE,16,25
STAD,1,0.309128487525965,0.206185567010309,FALSE,17,25
OV,1,0.763833706300692,0.324414715719064,FALSE,18,25
ESCA,0,0.133780751658082,0.43646408839779,FALSE,19,25
LUSC,0,0.572916244503125,0.385744234800839,FALSE,20,25
LGG,15,2.22044604925031e-16,0.262745098039216,TRUE,1,26
KIRC,10,2.23287904537184e-05,0.421259842519685,TRUE,2,26
PAAD,9,0.0126076541328231,0.488636363636364,TRUE,3,26
LIHC,8,0.000499874133496947,0.255555555555556,TRUE,4,26
KIRP,6,0.0107002923861291,0.5,TRUE,5,26
STAD,3,0.0196277847101066,0.20360824742268,TRUE,6,26
SKCM,6,0.742031914257729,0.298823529411765,FALSE,7,26
UCEC,6,0.745937372373597,0.30174081237911,FALSE,8,26
SARC,5,0.496619674098028,0.347826086956522,FALSE,9,26
HNSC,4,0.0755626037831684,0.38715953307393,FALSE,10,26
COADREAD,4,0.347873665644927,0.42756183745583,FALSE,11,26
OV,4,0.655696456799777,0.424749163879599,FALSE,12,26
CESC,3,0.465445032081046,0.423487544483986,FALSE,13,26
LUAD,3,0.568090804806222,0.414486921529175,FALSE,14,26
LAML,2,0.186938519830825,0.302013422818792,FALSE,15,26
LUSC,2,0.732718477038974,0.00209643605870021,FALSE,16,26
BLCA,1,0.186967135813214,0.385185185185185,FALSE,17,26
GBM,1,0.368242444063526,0.324675324675325,FALSE,18,26
ESCA,1,0.563232208954181,0.464088397790055,FALSE,19,26
BRCA,0,0.444196125456819,0.31244153414406,FALSE,20,26
LGG,11,0.0436524949257088,0.415686274509804,TRUE,1,27
KIRP,8,0.0269280563265825,0.407142857142857,TRUE,2,27
SKCM,7,0.0259971137411469,0.244705882352941,TRUE,3,27
KIRC,10,0.172351652696714,0.0413385826771654,FALSE,4,27
UCEC,7,0.0870649171675266,0.328820116054159,FALSE,5,27
PAAD,7,0.133818850708157,0.329545454545455,FALSE,6,27
LUAD,5,0.734184483852513,0.0925553319919517,FALSE,7,27
LIHC,5,0.833224315244693,0.413888888888889,FALSE,8,27
LAML,4,0.0635334490512933,0.402684563758389,FALSE,9,27
BRCA,4,0.226671123316148,0.316183348924228,FALSE,10,27
COADREAD,4,0.355990054338193,0.277385159010601,FALSE,11,27
HNSC,3,0.205326588060768,0.307392996108949,FALSE,12,27
SARC,3,0.358029628273333,0.430830039525692,FALSE,13,27
ESCA,3,0.444073394363822,0.419889502762431,FALSE,14,27
STAD,3,0.501337335914364,0.484536082474227,FALSE,15,27
CESC,3,0.997991937344796,0.402135231316726,FALSE,16,27
LUSC,2,0.559584776834941,0.138364779874214,FALSE,17,27
BLCA,1,0.11583698386108,0.459259259259259,FALSE,18,27
GBM,0,0.165482624821413,0.0909090909090909,FALSE,19,27
OV,0,0.777277877134343,0.344481605351171,FALSE,20,27
KIRC,14,2.14521621311192e-06,0.309055118110236,TRUE,1,28
LGG,12,0,0.152941176470588,TRUE,2,28
SKCM,8,0.00495891871081322,0.202352941176471,TRUE,3,28
BLCA,7,0.022364263494203,0.496296296296296,TRUE,4,28
LIHC,3,0.000665599201955303,0.197222222222222,TRUE,5,28
STAD,2,0.0337690876171893,0.244845360824742,TRUE,6,28
PAAD,8,0.240331061492396,0.5,FALSE,7,28
UCEC,8,0.926075744626436,0.284332688588008,FALSE,8,28
GBM,6,0.110588324490395,0.480519480519481,FALSE,9,28
KIRP,5,0.811575941534485,0.310714285714286,FALSE,10,28
LUAD,4,0.572542072462793,0.466800804828974,FALSE,11,28
HNSC,4,0.773758917084676,0.332684824902724,FALSE,12,28
SARC,3,0.221415504134109,0.407114624505929,FALSE,13,28
COADREAD,3,0.230944454901276,0.0671378091872792,FALSE,14,28
LAML,2,0.929449301752552,0.463087248322148,FALSE,15,28
CESC,2,0.960153571192175,0.391459074733096,FALSE,16,28
BRCA,2,0.961600064015476,0.28999064546305,FALSE,17,28
LUSC,1,0.432287608665566,0.49895178197065,FALSE,18,28
OV,0,0.766622409795811,0.481605351170569,FALSE,19,28
ESCA,0,0.959976161450333,0.425414364640884,FALSE,20,28
LGG,12,1.70157011292194e-06,0.362745098039216,TRUE,1,29
KIRC,8,4.02104353075528e-05,0.338582677165354,TRUE,2,29
UCEC,8,0.0283015216264625,0.46615087040619,TRUE,3,29
SKCM,7,0.000153555182252019,0.312941176470588,TRUE,4,29
CESC,7,0.03210533866168,0.384341637010676,TRUE,5,29
BLCA,5,0.0104514144108626,0.261728395061728,TRUE,6,29
LAML,2,0.0402710655149211,0.288590604026846,TRUE,7,29
PAAD,6,0.000422476253772119,0.0454545454545455,FALSE,8,29
HNSC,6,0.919886668595207,0.301556420233463,FALSE,9,29
SARC,4,0.293446235315734,0.49802371541502,FALSE,10,29
KIRP,4,0.411277973567506,0.457142857142857,FALSE,11,29
LUAD,4,0.419419453491846,0.424547283702213,FALSE,12,29
STAD,4,0.84837288387829,0.358247422680412,FALSE,13,29
LIHC,3,0.438587676997422,0.386111111111111,FALSE,14,29
COADREAD,3,0.552109202904559,0.485865724381625,FALSE,15,29
BRCA,1,0.177536096234059,0.337698783910196,FALSE,16,29
GBM,1,0.941633896079587,0.311688311688312,FALSE,17,29
OV,1,0.993203757321382,0.424749163879599,FALSE,18,29
LUSC,0,0.0878934081676895,0.436058700209644,FALSE,19,29
ESCA,0,0.298435863189925,0.486187845303867,FALSE,20,29
KIRC,11,0.0043753469578629,0.40748031496063,TRUE,1,30
SKCM,9,0.0477523484632322,0.289411764705882,TRUE,2,30
LGG,12,0.329124227877779,0.133333333333333,FALSE,3,30
PAAD,7,0.000888194934348774,0.0454545454545455,FALSE,4,30
UCEC,6,0.376215008928173,0.411992263056093,FALSE,5,30
LAML,6,0.74391925120589,0.496644295302014,FALSE,6,30
KIRP,5,0.0836920769606968,0.407142857142857,FALSE,7,30
STAD,4,0.0951113640098078,0.201030927835052,FALSE,8,30
CESC,3,0.0646860427671526,0.459074733096086,FALSE,9,30
BLCA,3,0.328679164840091,0.496296296296296,FALSE,10,30
COADREAD,3,0.594364499855619,0.439929328621908,FALSE,11,30
BRCA,3,0.666894393347599,0.459307764265669,FALSE,12,30
LIHC,3,0.765516735104094,0.386111111111111,FALSE,13,30
SARC,3,0.918814815991093,0.312252964426877,FALSE,14,30
ESCA,2,0.454437709978379,0.43646408839779,FALSE,15,30
LUAD,1,0.202891951990418,0.41851106639839,FALSE,16,30
HNSC,1,0.428261268570794,0.468871595330739,FALSE,17,30
LUSC,1,0.556141785768071,0.358490566037736,FALSE,18,30
GBM,1,0.606587262062137,0.357142857142857,FALSE,19,30
OV,0,0.408598045912327,0.28428093645485,FALSE,20,30
KIRC,15,7.96895882615445e-11,0.226377952755906,TRUE,1,31
LUAD,6,0.0464926210999527,0.492957746478873,TRUE,2,31
OV,3,0.00792455420168536,0.234113712374582,TRUE,3,31
BRCA,2,0.0259884557624241,0.344246959775491,TRUE,4,31
LGG,12,0.289409764951403,0.492156862745098,FALSE,5,31
GBM,9,0.740136861191675,0.292207792207792,FALSE,6,31
PAAD,7,0.00107095214332986,0.102272727272727,FALSE,7,31
SKCM,7,0.076394828309736,0.190588235294118,FALSE,8,31
SARC,6,0.986326779623865,0.482213438735178,FALSE,9,31
BLCA,5,0.162638290910895,0.308641975308642,FALSE,10,31
KIRP,5,0.679713848144311,0.396428571428571,FALSE,11,31
UCEC,4,0.166642003313927,0.361702127659575,FALSE,12,31
HNSC,4,0.60449536350576,0.11284046692607,FALSE,13,31
STAD,4,0.664776806716703,0.471649484536083,FALSE,14,31
CESC,3,0.202536120464951,0.138790035587189,FALSE,15,31
LAML,3,0.606190649674287,0.442953020134228,FALSE,16,31
LUSC,2,0.418695915674597,0.471698113207547,FALSE,17,31
COADREAD,1,0.722206199279555,0.289752650176678,FALSE,18,31
LIHC,1,0.871192560563356,0.358333333333333,FALSE,19,31
ESCA,0,0.666667295180394,0.475138121546961,FALSE,20,31
KIRC,11,1.57635052500105e-06,0.37992125984252,TRUE,1,32
LGG,11,0.000357613508076615,0.466666666666667,TRUE,2,32
BLCA,7,0.000492652394202486,0.491358024691358,TRUE,3,32
SKCM,5,0.00709695281133027,0.204705882352941,TRUE,4,32
LUSC,4,0.0123134255975909,0.364779874213836,TRUE,5,32
PAAD,7,0.132937506143656,0.369318181818182,FALSE,6,32
LIHC,7,0.438777957833536,0.475,FALSE,7,32
BRCA,5,0.274019126525363,0.347053320860617,FALSE,8,32
OV,5,0.483585302272274,0.404682274247492,FALSE,9,32
KIRP,5,0.637759191467136,0.435714285714286,FALSE,10,32
SARC,4,0.923682085139052,0.442687747035573,FALSE,11,32
UCEC,4,0.989669057572474,0.382978723404255,FALSE,12,32
HNSC,3,0.111665945346811,0.363813229571984,FALSE,13,32
STAD,3,0.308575478096747,0.445876288659794,FALSE,14,32
GBM,2,0.228729713751746,0.474025974025974,FALSE,15,32
COADREAD,2,0.493485860038107,0.42226148409894,FALSE,16,32
LUAD,2,0.58533316667759,0.446680080482897,FALSE,17,32
LAML,2,0.678057689856803,0.342281879194631,FALSE,18,32
CESC,1,0.015976490146387,0.334519572953737,FALSE,19,32
ESCA,1,0.784191198048456,0.430939226519337,FALSE,20,32
KIRC,11,2.23265850252119e-13,0.381889763779528,TRUE,1,33
KIRP,4,0.0293799284015723,0.467857142857143,TRUE,2,33
LGG,12,0.229997284541186,0.135294117647059,FALSE,3,33
PAAD,11,0.000422476253772119,0.0454545454545455,FALSE,4,33
HNSC,4,0.233339682221789,0.381322957198444,FALSE,5,33
SKCM,4,0.239557708638768,0.284705882352941,FALSE,6,33
BRCA,4,0.327784439574578,0.179607109448082,FALSE,7,33
LIHC,4,0.617633323672825,0.497222222222222,FALSE,8,33
LUAD,4,0.780504190902662,0.458752515090543,FALSE,9,33
COADREAD,3,0.0507270915650612,0.376325088339223,FALSE,10,33
SARC,3,0.857180142393428,0.355731225296443,FALSE,11,33
UCEC,3,0.877835346145399,0.311411992263056,FALSE,12,33
CESC,2,0.342361638700241,0.377224199288256,FALSE,13,33
LAML,2,0.361878707053929,0.416107382550336,FALSE,14,33
GBM,1,0.292299150050045,0.24025974025974,FALSE,15,33
STAD,1,0.467214564910083,0.384020618556701,FALSE,16,33
BLCA,0,0.017567210962669,0.42716049382716,FALSE,17,33
LUSC,0,0.0551595774965568,0.40251572327044,FALSE,18,33
ESCA,0,0.210944454796812,0.491712707182321,FALSE,19,33
OV,0,0.422922905486649,0.414715719063545,FALSE,20,33
KIRC,10,0.00180520462277656,0.324803149606299,TRUE,1,34
SKCM,9,7.75549887799265e-06,0.202352941176471,TRUE,2,34
OV,4,0.0238505585074742,0.464882943143813,TRUE,3,34
PAAD,8,0.00111924596811519,0.0397727272727273,FALSE,4,34
LGG,7,0.655117391754688,0.447058823529412,FALSE,5,34
LUAD,6,0.415202592016385,0.358148893360161,FALSE,6,34
SARC,6,0.565221793769489,0.450592885375494,FALSE,7,34
KIRP,5,0.334468746761056,0.417857142857143,FALSE,8,34
COADREAD,5,0.787479622401324,0.0777385159010601,FALSE,9,34
UCEC,4,0.805741100274725,0.270793036750484,FALSE,10,34
HNSC,3,0.880219802353519,0.25875486381323,FALSE,11,34
STAD,2,0.128138359593956,0.350515463917526,FALSE,12,34
GBM,2,0.326404358285988,0.38961038961039,FALSE,13,34
CESC,2,0.426503049586089,0.00355871886120996,FALSE,14,34
LUSC,2,0.720711137596026,0.40041928721174,FALSE,15,34
LIHC,2,0.953227982708228,0.419444444444444,FALSE,16,34
ESCA,2,0.978524693589484,0.486187845303867,FALSE,17,34
LAML,1,0.37562898097455,0.395973154362416,FALSE,18,34
BLCA,1,0.85478515003757,0.31358024691358,FALSE,19,34
BRCA,0,0.306116710817165,0.280636108512629,FALSE,20,34
KIRC,11,9.62326646638534e-05,0.381889763779528,TRUE,1,35
KIRP,7,0.000142527028722972,0.321428571428571,TRUE,2,35
STAD,3,0.0122539762353536,0.319587628865979,TRUE,3,35
LGG,12,0.528432998719668,0.129411764705882,FALSE,4,35
BRCA,8,0.406465209962675,0.237605238540692,FALSE,5,35
SKCM,8,0.692129377471985,0.465882352941177,FALSE,6,35
PAAD,6,0.15884103182597,0.4375,FALSE,7,35
UCEC,6,0.355010803509539,0.475822050290135,FALSE,8,35
GBM,6,0.859770670979163,0.38961038961039,FALSE,9,35
LIHC,5,0.452411022634422,0.241666666666667,FALSE,10,35
HNSC,5,0.516159948305825,0.252918287937743,FALSE,11,35
LAML,4,0.0287789994437512,0.0134228187919463,FALSE,12,35
COADREAD,4,0.0636188808826183,0.139575971731449,FALSE,13,35
BLCA,4,0.292331038724598,0.103703703703704,FALSE,14,35
CESC,4,0.944203046102499,0.131672597864769,FALSE,15,35
SARC,3,0.181696594792983,0.438735177865613,FALSE,16,35
OV,3,0.269346989734292,0.354515050167224,FALSE,17,35
LUSC,3,0.812486025328147,0.234800838574424,FALSE,18,35
LUAD,2,0.15875696421303,0.348088531187123,FALSE,19,35
ESCA,2,0.93569601255143,0.458563535911602,FALSE,20,35
KIRC,7,0.00025335499026502,0.316929133858268,TRUE,1,36
SKCM,6,0.000904759391147203,0.211764705882353,TRUE,2,36
BLCA,3,7.84838052475534e-05,0.459259259259259,TRUE,3,36
LGG,8,0.375932156446658,0.135294117647059,FALSE,4,36
PAAD,6,0.374756428205182,0.460227272727273,FALSE,5,36
KIRP,6,0.422431115179143,0.382142857142857,FALSE,6,36
UCEC,5,0.0587496843788954,0.299806576402321,FALSE,7,36
GBM,5,0.0608411750775428,0.487012987012987,FALSE,8,36
HNSC,5,0.168310160285219,0.266536964980545,FALSE,9,36
LAML,4,0.122158546013616,0.281879194630873,FALSE,10,36
SARC,4,0.358208404536203,0.308300395256917,FALSE,11,36
CESC,4,0.940329171847144,0.462633451957295,FALSE,12,36
OV,3,0.122572204798961,0.418060200668896,FALSE,13,36
LIHC,3,0.161600711641949,0.269444444444444,FALSE,14,36
STAD,3,0.288348588847045,0.381443298969072,FALSE,15,36
LUAD,2,0.128720180779876,0.374245472837022,FALSE,16,36
ESCA,2,0.282738577034248,0.458563535911602,FALSE,17,36
BRCA,2,0.762672983006062,0.333021515434986,FALSE,18,36
LUSC,1,0.0229172505824607,0.341719077568134,FALSE,19,36
COADREAD,1,0.281234024528265,0.498233215547703,FALSE,20,36
KIRC,11,4.82318274652727e-07,0.293307086614173,TRUE,1,37
LUSC,2,0.00902088760684161,0.427672955974843,TRUE,2,37
SKCM,9,0.000531192983989959,0.117647058823529,FALSE,3,37
LGG,9,0.211568017298685,0.298039215686275,FALSE,4,37
PAAD,8,0.0645591172799968,0.465909090909091,FALSE,5,37
KIRP,7,0.968977071420569,0.278571428571429,FALSE,6,37
UCEC,6,0.268456164299724,0.187620889748549,FALSE,7,37
LUAD,6,0.873775988692723,0.323943661971831,FALSE,8,37
LAML,5,0.0577555501719369,0.167785234899329,FALSE,9,37
SARC,4,0.0502548246967984,0.245059288537549,FALSE,10,37
HNSC,4,0.195193813637574,0.0778210116731518,FALSE,11,37
BRCA,4,0.492248305540432,0.270346117867166,FALSE,12,37
BLCA,4,0.901743895308265,0.31358024691358,FALSE,13,37
LIHC,4,0.909329120646118,0.325,FALSE,14,37
COADREAD,3,0.496981623584563,0.473498233215548,FALSE,15,37
STAD,2,0.562487001504715,0.451030927835052,FALSE,16,37
OV,2,0.773029260095497,0.150501672240803,FALSE,17,37
GBM,1,0.723373326924561,0.201298701298701,FALSE,18,37
CESC,1,0.900293536149455,0.263345195729537,FALSE,19,37
ESCA,0,0.378750315566082,0.464088397790055,FALSE,20,37
KIRC,8,0.000154708420122662,0.330708661417323,TRUE,1,38
COADREAD,4,0.0174127494622868,0.358657243816254,TRUE,2,38
HNSC,4,0.0295685830500503,0.375486381322957,TRUE,3,38
LAML,3,0.020308084393157,0.228187919463087,TRUE,4,38
OV,2,0.0273282242946965,0.448160535117057,TRUE,5,38
SKCM,9,0.000735475228122562,0.117647058823529,FALSE,6,38
UCEC,9,0.161386267428718,0.199226305609284,FALSE,7,38
LGG,6,0.0685352271665741,0.427450980392157,FALSE,8,38
KIRP,5,0.898884311834306,0.342857142857143,FALSE,9,38
PAAD,5,0.912855101630076,0.420454545454546,FALSE,10,38
LIHC,4,0.151131141723435,0.336111111111111,FALSE,11,38
BLCA,4,0.258664894930865,0.424691358024691,FALSE,12,38
SARC,3,0.0754598675535354,0.474308300395257,FALSE,13,38
ESCA,2,0.466360684722145,0.43646408839779,FALSE,14,38
LUAD,2,0.536264324567368,0.360160965794769,FALSE,15,38
BRCA,2,0.671719559616886,0.172123479887746,FALSE,16,38
STAD,2,0.705466397160803,0.443298969072165,FALSE,17,38
GBM,2,0.791328819958242,0.305194805194805,FALSE,18,38
CESC,2,0.884628146941441,0.274021352313167,FALSE,19,38
LUSC,1,0.0744238790604502,0.448637316561845,FALSE,20,38
LGG,14,0.0487946493560557,0.43921568627451,TRUE,1,39
SKCM,7,2.1765178092048e-06,0.181176470588235,TRUE,2,39
HNSC,3,0.0315501444438052,0.249027237354086,TRUE,3,39
KIRC,13,0.178417383204833,0.401574803149606,FALSE,4,39
KIRP,8,0.867103312333608,0.00357142857142857,FALSE,5,39
UCEC,6,0.154300279549674,0.230174081237911,FALSE,6,39
COADREAD,6,0.191609780663278,0.452296819787986,FALSE,7,39
STAD,5,0.0584604380180548,0.288659793814433,FALSE,8,39
LAML,5,0.133259800385118,0.335570469798658,FALSE,9,39
SARC,4,0.574602964660882,0.359683794466403,FALSE,10,39
LUAD,4,0.657451827886726,0.340040241448692,FALSE,11,39
PAAD,4,0.828498807230947,0.414772727272727,FALSE,12,39
LIHC,4,0.838120854036375,0.0444444444444444,FALSE,13,39
OV,3,0.248028350340948,0.37123745819398,FALSE,14,39
CESC,3,0.477829064597955,0.419928825622776,FALSE,15,39
BRCA,2,0.0636330352282918,0.367633302151544,FALSE,16,39
GBM,2,0.112177578500507,0.402597402597403,FALSE,17,39
BLCA,1,0.146989545672259,0.328395061728395,FALSE,18,39
LUSC,1,0.28579881070952,0.350104821802935,FALSE,19,39
ESCA,0,0.76786601265137,0.43646408839779,FALSE,20,39
LGG,9,1.08832259981817e-07,0.323529411764706,TRUE,1,40
KIRC,8,2.55034297569345e-07,0.395669291338583,TRUE,2,40
SKCM,4,0.00357703314427282,0.157647058823529,TRUE,3,40
STAD,3,0.0315984179569432,0.36340206185567,TRUE,4,40
PAAD,6,0.139881104546581,0.426136363636364,FALSE,5,40
SARC,5,0.376637862412021,0.33201581027668,FALSE,6,40
BLCA,4,0.0691796483437592,0.454320987654321,FALSE,7,40
GBM,4,0.117993569496076,0.467532467532468,FALSE,8,40
UCEC,4,0.647614261956621,0.336557059961315,FALSE,9,40
LAML,4,0.648825004390633,0.348993288590604,FALSE,10,40
CESC,4,0.74555367908725,0.138790035587189,FALSE,11,40
KIRP,3,0.463730160256752,0.332142857142857,FALSE,12,40
LUSC,2,0.124892144084713,0.364779874213836,FALSE,13,40
LIHC,2,0.183584676680521,0.330555555555556,FALSE,14,40
BRCA,2,0.232166085579328,0.256314312441534,FALSE,15,40
OV,2,0.450640241649255,0.45819397993311,FALSE,16,40
COADREAD,2,0.752490615793188,0.480565371024735,FALSE,17,40
ESCA,1,0.355687465925397,0.425414364640884,FALSE,18,40
LUAD,1,0.399065943010036,0.442655935613682,FALSE,19,40
HNSC,1,0.519833661408856,0.24124513618677,FALSE,20,40
KIRC,17,3.03860048234128e-10,0.279527559055118,TRUE,1,41
LGG,13,4.29641855426155e-08,0.325490196078431,TRUE,2,41
COADREAD,6,4.72220301388493e-05,0.240282685512367,TRUE,3,41
KIRP,9,0.87863914067774,0.292857142857143,FALSE,4,41
SKCM,8,0.000748847323420954,0.127058823529412,FALSE,5,41
PAAD,7,0.000368679673060202,0.0511363636363636,FALSE,6,41
SARC,6,0.86451061925931,0.245059288537549,FALSE,7,41
STAD,5,0.0525307977853511,0.278350515463918,FALSE,8,41
LAML,5,0.241542738379876,0.496644295302014,FALSE,9,41
HNSC,4,0.0769182445232486,0.375486381322957,FALSE,10,41
LUSC,3,0.1166017858663,0.490566037735849,FALSE,11,41
CESC,3,0.421263987425142,0.323843416370107,FALSE,12,41
LIHC,3,0.587965935321704,0.344444444444444,FALSE,13,41
LUAD,3,0.669977411430054,0.221327967806841,FALSE,14,41
BRCA,1,0.278677989793408,0.277829747427502,FALSE,15,41
BLCA,1,0.668992829406017,0.323456790123457,FALSE,16,41
GBM,1,0.698270094667018,0.246753246753247,FALSE,17,41
UCEC,1,0.852671731968048,0.226305609284333,FALSE,18,41
OV,0,0.237095112074084,0.404682274247492,FALSE,19,41
ESCA,0,0.843907039357449,0.469613259668508,FALSE,20,41
LGG,15,5.77501491072496e-10,0.313725490196078,TRUE,1,42
KIRC,13,3.01847575068237e-06,0.307086614173228,TRUE,2,42
KIRP,9,0.00627498726252118,0.385714285714286,TRUE,3,42
BLCA,7,0.000729034152045505,0.434567901234568,TRUE,4,42
GBM,3,0.00377470031989868,0.298701298701299,TRUE,5,42
COADREAD,3,0.0362643451336154,0.153710247349823,TRUE,6,42
CESC,2,0.0294992630448617,0.466192170818505,TRUE,7,42
UCEC,7,0.226066837380751,0.483558994197292,FALSE,8,42
LIHC,7,0.778861159977077,0.172222222222222,FALSE,9,42
PAAD,6,0.449745809006256,0.318181818181818,FALSE,10,42
STAD,5,0.0511330018577546,0.301546391752577,FALSE,11,42
SKCM,5,0.0518529446373388,0.275294117647059,FALSE,12,42
HNSC,4,0.0709302302441425,0.389105058365759,FALSE,13,42
SARC,3,0.0636926729836937,0.466403162055336,FALSE,14,42
LUSC,3,0.313935302331958,0.480083857442348,FALSE,15,42
LUAD,2,0.0551439553736693,0.348088531187123,FALSE,16,42
OV,1,0.717332938934271,0.354515050167224,FALSE,17,42
BRCA,1,0.800600015090739,0.231057062675398,FALSE,18,42
LAML,0,0.0946085449444907,0.456375838926175,FALSE,19,42
ESCA,0,0.815896723451974,0.497237569060774,FALSE,20,42
LGG,11,4.11970457747657e-12,0.241176470588235,TRUE,1,43
KIRC,8,0.000815047056909712,0.320866141732283,TRUE,2,43
CESC,5,0.0275074721406602,0.362989323843416,TRUE,3,43
PAAD,7,0.000422476253772119,0.0454545454545455,FALSE,4,43
SKCM,6,0.0868901086414562,0.230588235294118,FALSE,5,43
UCEC,5,0.537623716495021,0.25531914893617,FALSE,6,43
STAD,4,0.0536815752544861,0.201030927835052,FALSE,7,43
LAML,4,0.653378362719624,0.422818791946309,FALSE,8,43
BLCA,3,0.0462513952517001,0.00246913580246914,FALSE,9,43
LIHC,3,0.0610324530538072,0.425,FALSE,10,43
KIRP,3,0.293401063103818,0.471428571428571,FALSE,11,43
GBM,3,0.295874107155764,0.214285714285714,FALSE,12,43
COADREAD,2,0.201641236080492,0.459363957597173,FALSE,13,43
LUAD,2,0.32638044004191,0.00201207243460765,FALSE,14,43
SARC,2,0.45650361703685,0.450592885375494,FALSE,15,43
OV,2,0.744875967484044,0.361204013377926,FALSE,16,43
BRCA,2,0.898998655243066,0.385406922357343,FALSE,17,43
ESCA,1,0.536868404309381,0.138121546961326,FALSE,18,43
HNSC,1,0.963221369405252,0.369649805447471,FALSE,19,43
LUSC,0,0.0642681343806422,0.383647798742138,FALSE,20,43
KIRC,12,2.37107836142947e-07,0.452755905511811,TRUE,1,44
LGG,10,3.11184623520422e-05,0.437254901960784,TRUE,2,44
LIHC,6,0.00336686913077056,0.280555555555556,TRUE,3,44
SARC,5,0.0183351924480025,0.458498023715415,TRUE,4,44
KIRP,9,0.0584722871518756,0.485714285714286,FALSE,5,44
SKCM,8,0.00387827721961642,0.00470588235294118,FALSE,6,44
PAAD,6,0.0501531876055709,0.460227272727273,FALSE,7,44
UCEC,6,0.683280484432644,0.473887814313346,FALSE,8,44
LAML,5,0.901910182583393,0.436241610738255,FALSE,9,44
BLCA,4,0.116449276072679,0.301234567901235,FALSE,10,44
LUAD,3,0.365829442461234,0.464788732394366,FALSE,11,44
COADREAD,3,0.405680197407386,0.390459363957597,FALSE,12,44
GBM,3,0.754706547207987,0.344155844155844,FALSE,13,44
BRCA,2,0.447073062635769,0.37511693171188,FALSE,14,44
CESC,2,0.651948075473352,0.487544483985765,FALSE,15,44
LUSC,1,0.293177694085284,0.427672955974843,FALSE,16,44
STAD,1,0.460315465515158,0.378865979381443,FALSE,17,44
OV,1,0.538772390832559,0.384615384615385,FALSE,18,44
HNSC,1,0.665881174201466,0.392996108949416,FALSE,19,44
ESCA,1,0.80424768703842,0.226519337016575,FALSE,20,44
SKCM,12,0.00198332498331277,0.171764705882353,TRUE,1,45
KIRP,5,0.0284489110872387,0.489285714285714,TRUE,2,45
LGG,9,0.127953756067755,0.431372549019608,FALSE,3,45
UCEC,7,0.100375215347658,0.44294003868472,FALSE,4,45
STAD,6,0.0692362250300581,0.479381443298969,FALSE,5,45
KIRC,6,0.0820997282062667,0.385826771653543,FALSE,6,45
LIHC,6,0.111046701307104,0.397222222222222,FALSE,7,45
PAAD,6,0.468031909220228,0.409090909090909,FALSE,8,45
SARC,5,0.120881684412017,0.363636363636364,FALSE,9,45
HNSC,4,0.661202627585031,0.243190661478599,FALSE,10,45
BRCA,3,0.124057096755965,0.379794200187091,FALSE,11,45
LUAD,3,0.834324775713948,0.362173038229376,FALSE,12,45
COADREAD,3,0.868492156434798,0.369257950530035,FALSE,13,45
LAML,3,0.902777843039367,0.449664429530201,FALSE,14,45
OV,2,0.0693098508366679,0.347826086956522,FALSE,15,45
CESC,2,0.317354589501244,0.377224199288256,FALSE,16,45
BLCA,2,0.839593852460006,0.397530864197531,FALSE,17,45
ESCA,1,0.116882530550556,0.480662983425414,FALSE,18,45
LUSC,1,0.574451723429612,0.473794549266247,FALSE,19,45
GBM,1,0.950100318260568,0.428571428571429,FALSE,20,45
KIRC,10,1.62734972608547e-07,0.328740157480315,TRUE,1,46
LUAD,8,0.0291271208166376,0.309859154929577,TRUE,2,46
LIHC,7,0.0492884088592889,0.283333333333333,TRUE,3,46
HNSC,6,0.0382992771588871,0.194552529182879,TRUE,4,46
CESC,3,0.0436747848510216,0.330960854092527,TRUE,5,46
PAAD,14,0.00111924596811519,0.0397727272727273,FALSE,6,46
LGG,12,0.334231658912269,0.358823529411765,FALSE,7,46
SKCM,9,0.121348611099571,0.345882352941177,FALSE,8,46
KIRP,5,0.438824632295258,0.475,FALSE,9,46
STAD,5,0.513625762761729,0.201030927835052,FALSE,10,46
COADREAD,4,0.0136762397601377,0.146643109540636,FALSE,11,46
BLCA,4,0.0462513952516619,0.00246913580246914,FALSE,12,46
UCEC,4,0.102591635927722,0.48742746615087,FALSE,13,46
BRCA,4,0.691789498527568,0.332086061739944,FALSE,14,46
SARC,3,0.32094004406805,0.284584980237154,FALSE,15,46
LAML,3,0.44848119855359,0.355704697986577,FALSE,16,46
LUSC,2,0.226736285428964,0.440251572327044,FALSE,17,46
OV,2,0.358153210827068,0.297658862876254,FALSE,18,46
ESCA,1,0.702757160618851,0.469613259668508,FALSE,19,46
GBM,0,0.844022095710909,0.279220779220779,FALSE,20,46
LGG,15,1.03723483158014e-06,0.423529411764706,TRUE,1,47
KIRC,10,1.57653444743389e-08,0.437007874015748,TRUE,2,47
SARC,6,0.00168639696955486,0.177865612648221,TRUE,3,47
BLCA,6,0.0173667489543061,0.466666666666667,TRUE,4,47
KIRP,4,0.00145306948109425,0.321428571428571,TRUE,5,47
LIHC,3,0.00781323399779232,0.272222222222222,TRUE,6,47
GBM,3,0.0182562247415953,0.201298701298701,TRUE,7,47
UCEC,6,0.230006603857902,0.44294003868472,FALSE,8,47
LUAD,5,0.00559601412443722,0.130784708249497,FALSE,9,47
BRCA,5,0.178528637240685,0.461178671655753,FALSE,10,47
PAAD,4,0.000422476253772119,0.0454545454545455,FALSE,11,47
HNSC,4,0.650830757199395,0.334630350194553,FALSE,12,47
STAD,4,0.659581164777144,0.0592783505154639,FALSE,13,47
COADREAD,3,0.212715077213771,0.143109540636042,FALSE,14,47
SKCM,3,0.670259955459997,0.458823529411765,FALSE,15,47
LAML,3,0.671557687227831,0.335570469798658,FALSE,16,47
LUSC,2,0.139651272020325,0.463312368972746,FALSE,17,47
ESCA,1,0.0767982814639951,0.270718232044199,FALSE,18,47
CESC,1,0.114396726284494,0.306049822064057,FALSE,19,47
OV,1,0.296252370022511,0.438127090301003,FALSE,20,47
LGG,13,0,0.249019607843137,TRUE,1,48
KIRC,12,2.86098880108998e-05,0.383858267716535,TRUE,2,48
CESC,5,0.0125797589324933,0.224199288256228,TRUE,3,48
LAML,6,0.169822560269574,0.322147651006711,FALSE,4,48
LIHC,6,0.416936616716599,0.35,FALSE,5,48
PAAD,5,0.00144792309141228,0.0965909090909091,FALSE,6,48
COADREAD,4,0.0662524886073269,0.379858657243816,FALSE,7,48
LUAD,4,0.156306444514918,0.257545271629779,FALSE,8,48
SARC,4,0.193595823677926,0.272727272727273,FALSE,9,48
STAD,4,0.298626467688524,0.463917525773196,FALSE,10,48
KIRP,4,0.611599272628166,0.325,FALSE,11,48
UCEC,4,0.66597196057691,0.311411992263056,FALSE,12,48
BLCA,2,0.0647680098971193,0.271604938271605,FALSE,13,48
HNSC,2,0.82180239076073,0.149805447470817,FALSE,14,48
BRCA,2,0.860817470606916,0.343311506080449,FALSE,15,48
OV,1,0.114480395128644,0.25752508361204,FALSE,16,48
SKCM,1,0.427116609372128,0.345882352941177,FALSE,17,48
ESCA,1,0.785893503326276,0.204419889502762,FALSE,18,48
GBM,1,0.859668935762738,0.24025974025974,FALSE,19,48
LUSC,0,0.142620525055585,0.230607966457023,FALSE,20,48
KIRC,15,9.42552580429634e-09,0.291338582677165,TRUE,1,49
SKCM,7,0.00821692597384138,0.190588235294118,TRUE,2,49
BLCA,6,0.0405986417938782,0.355555555555556,TRUE,3,49
LAML,5,0.00338369395917781,0.214765100671141,TRUE,4,49
CESC,2,0.0189508086136356,0.316725978647687,TRUE,5,49
LGG,12,0.278176677770413,0.472549019607843,FALSE,6,49
PAAD,9,0.000878998527295338,0.0511363636363636,FALSE,7,49
KIRP,6,0.570479750596811,0.332142857142857,FALSE,8,49
STAD,5,0.565340723245435,0.0695876288659794,FALSE,9,49
BRCA,4,0.704096806495906,0.447146866230122,FALSE,10,49
LUAD,3,0.478662457287715,0.404426559356137,FALSE,11,49
HNSC,3,0.661355047378874,0.262645914396887,FALSE,12,49
LIHC,3,0.883460408314444,0.419444444444444,FALSE,13,49
GBM,2,0.409626838718992,0.246753246753247,FALSE,14,49
OV,1,0.0311838491445753,0.290969899665552,FALSE,15,49
UCEC,1,0.651891740033934,0.367504835589942,FALSE,16,49
LUSC,0,0.100324688057874,0.417190775681342,FALSE,17,49
COADREAD,0,0.618394274690625,0.0530035335689046,FALSE,18,49
ESCA,0,0.784838782356879,0.469613259668508,FALSE,19,49
SARC,0,0.797403668643695,0.470355731225297,FALSE,20,49
LGG,13,2.89630323613288e-07,0.415686274509804,TRUE,1,50
KIRC,9,2.19722754435381e-08,0.393700787401575,TRUE,2,50
BLCA,5,0.0329162921824999,0.451851851851852,TRUE,3,50
SKCM,4,0.0134340721797784,0.258823529411765,TRUE,4,50
HNSC,4,0.0278304080269716,0.324902723735409,TRUE,5,50
PAAD,8,0.053994883250687,0.306818181818182,FALSE,6,50
LUAD,5,0.251373730636173,0.265593561368209,FALSE,7,50
UCEC,5,0.71115473978966,0.222437137330754,FALSE,8,50
LIHC,4,0.0903220693466227,0.313888888888889,FALSE,9,50
LAML,4,0.257039431033428,0.416107382550336,FALSE,10,50
GBM,4,0.57013975567918,0.227272727272727,FALSE,11,50
KIRP,3,0.259421899869905,0.421428571428571,FALSE,12,50
STAD,3,0.463672242546048,0.394329896907216,FALSE,13,50
BRCA,3,0.792109430472486,0.438727782974743,FALSE,14,50
OV,2,0.0760677397474583,0.481605351170569,FALSE,15,50
SARC,2,0.149855874438973,0.134387351778656,FALSE,16,50
CESC,2,0.389228917802398,0.274021352313167,FALSE,17,50
ESCA,2,0.856702849789603,0.287292817679558,FALSE,18,50
LUSC,1,0.106878567203661,0.389937106918239,FALSE,19,50
COADREAD,1,0.862180034789114,0.374558303886926,FALSE,20,50
LGG,13,2.8966828935495e-12,0.235294117647059,TRUE,1,51
SKCM,10,0.00621437163490235,0.174117647058824,TRUE,2,51
KIRP,8,3.46493643887946e-06,0.292857142857143,TRUE,3,51
STAD,6,0.0298959799744798,0.371134020618557,TRUE,4,51
BLCA,3,0.000925817953396857,0.471604938271605,TRUE,5,51
LAML,3,0.04165458719917,0.288590604026846,TRUE,6,51
KIRC,11,0.658676417221277,0.0374015748031496,FALSE,7,51
SARC,5,0.431602663335327,0.442687747035573,FALSE,8,51
LUAD,5,0.51409436770636,0.446680080482897,FALSE,9,51
UCEC,5,0.751095221473742,0.309477756286267,FALSE,10,51
BRCA,5,0.869771182417754,0.369504209541628,FALSE,11,51
HNSC,4,0.336769033521545,0.406614785992218,FALSE,12,51
PAAD,4,0.422708365629633,0.443181818181818,FALSE,13,51
LIHC,4,0.817192394975176,0.447222222222222,FALSE,14,51
GBM,3,0.787298037013013,0.311688311688312,FALSE,15,51
CESC,2,0.346932194480945,0.284697508896797,FALSE,16,51
COADREAD,1,0.721423851273259,0.49469964664311,FALSE,17,51
OV,0,0.264111574246749,0.491638795986622,FALSE,18,51
LUSC,0,0.306265190406505,0.287211740041929,FALSE,19,51
ESCA,0,0.62042044166382,0.475138121546961,FALSE,20,51
LGG,15,3.47505793030223e-08,0.33921568627451,TRUE,1,52
KIRC,12,4.72817827017469e-05,0.230314960629921,TRUE,2,52
BLCA,8,0.00714012928604024,0.246913580246914,TRUE,3,52
SKCM,7,0.000132166113835597,0.183529411764706,TRUE,4,52
STAD,4,0.0207239097062525,0.373711340206186,TRUE,5,52
UCEC,4,0.0371190273773296,0.253384912959381,TRUE,6,52
PAAD,9,0.541181568331241,0.426136363636364,FALSE,7,52
COADREAD,6,0.0519512682028445,0.252650176678445,FALSE,8,52
KIRP,6,0.658691547236199,0.342857142857143,FALSE,9,52
LIHC,4,0.436410914954758,0.333333333333333,FALSE,10,52
HNSC,4,0.567313961331687,0.116731517509728,FALSE,11,52
LUAD,4,0.578601675803127,0.414486921529175,FALSE,12,52
CESC,3,0.0960392648466566,0.238434163701068,FALSE,13,52
LAML,3,0.242167101217325,0.302013422818792,FALSE,14,52
OV,3,0.371319444974496,0.474916387959866,FALSE,15,52
ESCA,2,0.687999200337369,0.386740331491713,FALSE,16,52
SARC,2,0.914077188218184,0.422924901185771,FALSE,17,52
GBM,2,0.960765344653972,0.5,FALSE,18,52
BRCA,1,0.452193461500983,0.285313376987839,FALSE,19,52
LUSC,0,0.106062945876571,0.49685534591195,FALSE,20,52
SKCM,9,3.73316799304746e-05,0.152941176470588,TRUE,1,53
KIRC,8,3.45023630199393e-06,0.22244094488189,TRUE,2,53
UCEC,5,0.0338156587426529,0.253384912959381,TRUE,3,53
LGG,12,0.868518877734063,0.188235294117647,FALSE,4,53
BLCA,9,0.356877159425535,0.219753086419753,FALSE,5,53
PAAD,9,0.438773780453628,0.375,FALSE,6,53
KIRP,7,0.0937121897017797,0.235714285714286,FALSE,7,53
LIHC,6,0.29189566950665,0.247222222222222,FALSE,8,53
LUAD,6,0.456669968167782,0.354124748490946,FALSE,9,53
LAML,5,0.3309479520952,0.369127516778524,FALSE,10,53
CESC,4,0.118624832862499,0.145907473309609,FALSE,11,53
STAD,4,0.356317730037116,0.332474226804124,FALSE,12,53
COADREAD,3,0.466910176807151,0.296819787985866,FALSE,13,53
SARC,2,0.206914504268236,0.209486166007905,FALSE,14,53
HNSC,2,0.359192782690681,0.075875486381323,FALSE,15,53
LUSC,1,0.232006982603871,0.429769392033543,FALSE,16,53
OV,1,0.31309062079785,0.294314381270903,FALSE,17,53
BRCA,0,0.22785960836331,0.21421889616464,FALSE,18,53
ESCA,0,0.818005743625441,0.43646408839779,FALSE,19,53
GBM,0,0.851869018523433,0.318181818181818,FALSE,20,53
KIRC,14,0,0.324803149606299,TRUE,1,54
SKCM,10,0.00552748773483769,0.251764705882353,TRUE,2,54
HNSC,5,0.0185052209526688,0.282101167315175,TRUE,3,54
COADREAD,4,0.00459736524901089,0.250883392226148,TRUE,4,54
BLCA,3,0.0415451546696212,0.409876543209877,TRUE,5,54
PAAD,7,0.000422476253772119,0.0454545454545455,FALSE,6,54
LGG,7,0.741713349400198,0.125490196078431,FALSE,7,54
CESC,5,0.144878403284772,0.416370106761566,FALSE,8,54
SARC,4,0.13562347594927,0.351778656126482,FALSE,9,54
KIRP,4,0.141154596240697,0.35,FALSE,10,54
LAML,4,0.145681665676867,0.322147651006711,FALSE,11,54
BRCA,4,0.325071865760721,0.422825070159027,FALSE,12,54
UCEC,4,0.854469694455896,0.177949709864603,FALSE,13,54
STAD,3,0.0934847076256479,0.172680412371134,FALSE,14,54
LIHC,3,0.0946162400120548,0.441666666666667,FALSE,15,54
GBM,3,0.602434886130243,0.188311688311688,FALSE,16,54
OV,3,0.663170137355943,0.207357859531773,FALSE,17,54
LUAD,2,0.150775231744815,0.400402414486922,FALSE,18,54
ESCA,1,0.645763252745112,0.480662983425414,FALSE,19,54
LUSC,1,0.875543491623151,0.251572327044025,FALSE,20,54
LGG,14,0.000143220558360913,0.33921568627451,TRUE,1,55
SKCM,10,6.80998224232843e-05,0.174117647058824,TRUE,2,55
KIRC,9,0.00265897059515163,0.368110236220472,TRUE,3,55
BLCA,3,0.000947925415892614,0.419753086419753,TRUE,4,55
LUAD,3,0.0248608049691977,0.388329979879276,TRUE,5,55
KIRP,9,0.958145763676405,0.392857142857143,FALSE,6,55
PAAD,7,0.122842955845107,0.443181818181818,FALSE,7,55
SARC,5,0.410752193522557,0.320158102766798,FALSE,8,55
HNSC,4,0.0659826656789725,0.367704280155642,FALSE,9,55
COADREAD,4,0.0786981697102229,0.441696113074205,FALSE,10,55
LAML,4,0.556030016960152,0.496644295302014,FALSE,11,55
LIHC,3,0.359050375516535,0.408333333333333,FALSE,12,55
BRCA,3,0.920640337876007,0.325537885874649,FALSE,13,55
UCEC,3,0.991982978687099,0.369439071566731,FALSE,14,55
OV,2,0.185460950730594,0.387959866220736,FALSE,15,55
STAD,2,0.322614404388783,0.469072164948454,FALSE,16,55
ESCA,1,0.202099329581875,0.408839779005525,FALSE,17,55
GBM,1,0.216447250095335,0.428571428571429,FALSE,18,55
LUSC,1,0.814630361664325,0.316561844863732,FALSE,19,55
CESC,0,0.711756272851547,0.395017793594306,FALSE,20,55
KIRC,14,1.93254079405847e-10,0.338582677165354,TRUE,1,56
LGG,10,0.00832716413588586,0.366666666666667,TRUE,2,56
KIRP,10,0.0443832800773841,0.4,TRUE,3,56
SKCM,9,8.6113535619381e-05,0.155294117647059,TRUE,4,56
LIHC,6,0.0469962783737248,0.327777777777778,TRUE,5,56
SARC,5,0.000251711413790656,0.312252964426877,TRUE,6,56
HNSC,4,0.0299436009748433,0.431906614785992,TRUE,7,56
PAAD,11,0.000444008755546954,0.0511363636363636,FALSE,8,56
LAML,7,0.252398582373612,0.483221476510067,FALSE,9,56
UCEC,7,0.285701286206125,0.357833655705996,FALSE,10,56
COADREAD,6,0.230090931575518,0.485865724381625,FALSE,11,56
LUAD,6,0.319614844767152,0.474849094567404,FALSE,12,56
BRCA,3,0.728183848542046,0.4911131898971,FALSE,13,56
GBM,2,0.228240415177086,0.337662337662338,FALSE,14,56
CESC,1,0.722425933297923,0.384341637010676,FALSE,15,56
BLCA,0,0.252525874410925,0.311111111111111,FALSE,16,56
OV,0,0.375843628721435,0.277591973244147,FALSE,17,56
ESCA,0,0.418940228849029,0.453038674033149,FALSE,18,56
STAD,0,0.547827433540455,0.358247422680412,FALSE,19,56
LUSC,0,0.603151970176401,0.333333333333333,FALSE,20,56
LGG,14,3.24180880028058e-05,0.401960784313726,TRUE,1,57
KIRC,12,1.26775256958922e-11,0.28740157480315,TRUE,2,57
COADREAD,6,0.000641240774074459,0.325088339222615,TRUE,3,57
BLCA,5,0.0057588071851441,0.37283950617284,TRUE,4,57
KIRP,7,0.541230437980853,0.217857142857143,FALSE,5,57
UCEC,6,0.299251872038015,0.187620889748549,FALSE,6,57
PAAD,6,0.534967722112971,0.431818181818182,FALSE,7,57
LIHC,4,0.0647032238560067,0.347222222222222,FALSE,8,57
LAML,4,0.127399254018113,0.261744966442953,FALSE,9,57
LUAD,4,0.878281885438452,0.358148893360161,FALSE,10,57
STAD,3,0.101087586495969,0.422680412371134,FALSE,11,57
SKCM,3,0.237176490196973,0.254117647058824,FALSE,12,57
BRCA,3,0.437876957849303,0.199251637043966,FALSE,13,57
HNSC,2,0.191830608374086,0.227626459143969,FALSE,14,57
SARC,2,0.961645066954981,0.422924901185771,FALSE,15,57
LUSC,1,0.0177284647158281,0.431865828092243,FALSE,16,57
ESCA,1,0.415563772358661,0.419889502762431,FALSE,17,57
GBM,1,0.910875230332834,0.428571428571429,FALSE,18,57
OV,1,0.914071876743176,0.464882943143813,FALSE,19,57
CESC,1,0.956916308893142,0.245551601423488,FALSE,20,57
KIRC,11,1.30247109741966e-06,0.34251968503937,TRUE,1,58
LGG,10,8.71926585892524e-05,0.390196078431373,TRUE,2,58
COADREAD,4,0.0384589375360069,0.480565371024735,TRUE,3,58
PAAD,8,0.858166381853661,0.380681818181818,FALSE,4,58
UCEC,6,0.250308547912502,0.365570599613153,FALSE,5,58
KIRP,6,0.352760104741852,0.217857142857143,FALSE,6,58
LIHC,5,0.665325784358104,0.194444444444444,FALSE,7,58
SARC,4,0.12281292657198,0.470355731225297,FALSE,8,58
LAML,4,0.482669595425385,0.463087248322148,FALSE,9,58
GBM,4,0.869792899039111,0.220779220779221,FALSE,10,58
BLCA,3,0.187958414352647,0.365432098765432,FALSE,11,58
OV,2,0.62887225282209,0.244147157190635,FALSE,12,58
CESC,2,0.966074770103502,0.266903914590747,FALSE,13,58
SKCM,1,0.0297901202096589,0.334117647058824,FALSE,14,58
STAD,1,0.0301370917318433,0.234536082474227,FALSE,15,58
LUAD,1,0.13551958577517,0.23943661971831,FALSE,16,58
BRCA,1,0.27153990926891,0.35734331150608,FALSE,17,58
ESCA,1,0.677119200146841,0.414364640883978,FALSE,18,58
LUSC,1,0.692351032512332,0.465408805031447,FALSE,19,58
HNSC,1,0.732313214107011,0.140077821011673,FALSE,20,58
KIRC,13,1.13432801251978e-06,0.385826771653543,TRUE,1,59
LGG,13,0.000135006501481127,0.447058823529412,TRUE,2,59
SKCM,6,3.75169774515793e-05,0.181176470588235,TRUE,3,59
UCEC,5,0.0231456324867683,0.290135396518375,TRUE,4,59
PAAD,6,0.582414204896314,0.443181818181818,FALSE,5,59
LIHC,4,0.0553947266803128,0.380555555555556,FALSE,6,59
KIRP,4,0.0815876853656471,0.335714285714286,FALSE,7,59
SARC,4,0.569536854334482,0.41501976284585,FALSE,8,59
CESC,4,0.678912131958971,0.398576512455516,FALSE,9,59
STAD,3,0.0904819330816291,0.440721649484536,FALSE,10,59
LAML,3,0.138739416915548,0.456375838926175,FALSE,11,59
COADREAD,3,0.634919372717008,0.46643109540636,FALSE,12,59
HNSC,3,0.917498993766578,0.25875486381323,FALSE,13,59
LUAD,3,0.991565008759986,0.432595573440644,FALSE,14,59
BRCA,2,0.49471938971295,0.443405051449953,FALSE,15,59
OV,1,0.0276707839248207,0.478260869565217,FALSE,16,59
LUSC,1,0.0341158385390039,0.207547169811321,FALSE,17,59
GBM,1,0.941217950376529,0.188311688311688,FALSE,18,59
BLCA,0,0.272771900907691,0.434567901234568,FALSE,19,59
ESCA,0,0.989559067992988,0.453038674033149,FALSE,20,59
KIRC,12,0.000702501600929772,0.336614173228347,TRUE,1,60
OV,4,0.0261768564397723,0.474916387959866,TRUE,2,60
CESC,3,0.0155092515268732,0.298932384341637,TRUE,3,60
LGG,10,0.80493454382896,0.349019607843137,FALSE,4,60
KIRP,9,0.130012728627264,0.439285714285714,FALSE,5,60
UCEC,7,0.117306372045795,0.444874274661509,FALSE,6,60
BLCA,5,0.371655596005742,0.318518518518519,FALSE,7,60
SARC,5,0.554208391946969,0.284584980237154,FALSE,8,60
BRCA,4,0.106611731092245,0.332086061739944,FALSE,9,60
LAML,4,0.338955457288232,0.369127516778524,FALSE,10,60
PAAD,4,0.823849103121464,0.301136363636364,FALSE,11,60
LIHC,4,0.833024853289207,0.469444444444445,FALSE,12,60
GBM,3,0.170678845904582,0.441558441558442,FALSE,13,60
COADREAD,3,0.623151528946462,0.365724381625442,FALSE,14,60
HNSC,2,0.650815154595808,0.196498054474708,FALSE,15,60
LUAD,2,0.936017075418771,0.408450704225352,FALSE,16,60
STAD,1,0.803621261520889,0.492268041237113,FALSE,17,60
ESCA,1,0.842243900828395,0.486187845303867,FALSE,18,60
LUSC,0,0.424799286250058,0.415094339622642,FALSE,19,60
SKCM,0,0.833104856405626,0.350588235294118,FALSE,20,60
LGG,18,2.15349310606072e-08,0.315686274509804,TRUE,1,61
KIRC,11,4.41232740344688e-08,0.232283464566929,TRUE,2,61
KIRP,6,0.0197538429680577,0.396428571428571,TRUE,3,61
UCEC,5,0.000929138180836397,0.297872340425532,TRUE,4,61
BLCA,7,0.116813755519716,0.264197530864198,FALSE,5,61
PAAD,6,0.215635952839788,0.477272727272727,FALSE,6,61
SKCM,6,0.357056623008041,0.315294117647059,FALSE,7,61
HNSC,4,0.0569787522297683,0.212062256809339,FALSE,8,61
COADREAD,4,0.177156002012987,0.164310954063604,FALSE,9,61
GBM,4,0.443354541585731,0.123376623376623,FALSE,10,61
LIHC,3,0.0507813556919405,0.352777777777778,FALSE,11,61
STAD,3,0.0963056909023113,0.229381443298969,FALSE,12,61
SARC,3,0.111440543189461,0.241106719367589,FALSE,13,61
LUAD,3,0.278363967311891,0.126760563380282,FALSE,14,61
BRCA,3,0.989060044177444,0.278765201122544,FALSE,15,61
CESC,2,0.0867448518513947,0.209964412811388,FALSE,16,61
LAML,2,0.787488513991721,0.322147651006711,FALSE,17,61
OV,1,0.211118879665611,0.297658862876254,FALSE,18,61
LUSC,1,0.792270808747416,0.146750524109015,FALSE,19,61
ESCA,0,0.107141263380726,0.215469613259669,FALSE,20,61
KIRC,13,0.000128270281766318,0.364173228346457,TRUE,1,62
KIRP,9,0.0186435702413368,0.471428571428571,TRUE,2,62
SKCM,8,0.00891167626857425,0.475294117647059,TRUE,3,62
LUAD,8,0.0350155005634734,0.458752515090543,TRUE,4,62
UCEC,6,0.0202082056907155,0.4642166344294,TRUE,5,62
BLCA,5,0.0170245341815143,0.318518518518519,TRUE,6,62
LGG,12,0.922046081634699,0.131372549019608,FALSE,7,62
SARC,8,0.536420152859088,0.462450592885376,FALSE,8,62
PAAD,6,0.00033473302611442,0.0511363636363636,FALSE,9,62
BRCA,4,0.729567506112836,0.401309635173059,FALSE,10,62
LIHC,3,0.69438176968333,0.472222222222222,FALSE,11,62
COADREAD,3,0.873372700814664,0.420494699646643,FALSE,12,62
HNSC,2,0.337434646087309,0.408560311284047,FALSE,13,62
CESC,2,0.34954730020181,0.434163701067616,FALSE,14,62
OV,1,0.287054934035619,0.334448160535117,FALSE,15,62
LAML,1,0.428642758307162,0.456375838926175,FALSE,16,62
STAD,1,0.612556654014532,0.381443298969072,FALSE,17,62
ESCA,1,0.874372067293164,0.276243093922652,FALSE,18,62
LUSC,0,0.051375360445851,0.30398322851153,FALSE,19,62
GBM,0,0.986631033202307,0.435064935064935,FALSE,20,62
LGG,16,0,0.154901960784314,TRUE,1,63
KIRC,14,4.24481910143992e-06,0.263779527559055,TRUE,2,63
KIRP,9,0.00217306391786254,0.321428571428571,TRUE,3,63
UCEC,5,0.000541018104804003,0.276595744680851,TRUE,4,63
SARC,5,0.0164363430212036,0.446640316205534,TRUE,5,63
PAAD,10,0.00111924596811519,0.0397727272727273,FALSE,6,63
LIHC,6,0.0502635802227945,0.238888888888889,FALSE,7,63
BLCA,6,0.050499134273553,0.402469135802469,FALSE,8,63
HNSC,5,0.0758091503431593,0.122568093385214,FALSE,9,63
COADREAD,5,0.107125400161122,0.420494699646643,FALSE,10,63
CESC,5,0.212016009460199,0.405693950177936,FALSE,11,63
LUAD,4,0.158883710949426,0.492957746478873,FALSE,12,63
SKCM,4,0.528078919376359,0.225882352941176,FALSE,13,63
LAML,3,0.811134679597193,0.436241610738255,FALSE,14,63
STAD,2,0.198841924983873,0.430412371134021,FALSE,15,63
BRCA,2,0.260924789033411,0.331150608044902,FALSE,16,63
LUSC,1,0.00737753575303934,0.429769392033543,FALSE,17,63
ESCA,1,0.769415173842806,0.464088397790055,FALSE,18,63
OV,1,0.804994813442657,0.334448160535117,FALSE,19,63
GBM,1,0.890838087240257,0.116883116883117,FALSE,20,63
PAAD,6,0.00365937084059675,0.318181818181818,TRUE,1,64
STAD,5,0.00573648615751288,0.29639175257732,TRUE,2,64
BLCA,4,0.00501847285198476,0.496296296296296,TRUE,3,64
LUAD,3,0.0348628804326476,0.442655935613682,TRUE,4,64
KIRC,11,0.34771362717389,0.0334645669291339,FALSE,5,64
LGG,7,0.510922050026523,0.096078431372549,FALSE,6,64
SARC,5,0.0758391382045935,0.189723320158103,FALSE,7,64
KIRP,5,0.164590097496688,0.410714285714286,FALSE,8,64
UCEC,4,0.411579937154793,0.4642166344294,FALSE,9,64
SKCM,3,0.000394971468525629,0.136470588235294,FALSE,10,64
LIHC,3,0.0570243647204256,0.377777777777778,FALSE,11,64
CESC,3,0.116558415379603,0.199288256227758,FALSE,12,64
LAML,3,0.130425226073857,0.369127516778524,FALSE,13,64
BRCA,3,0.70185646903559,0.467726847521048,FALSE,14,64
HNSC,2,0.0905258748708041,0.311284046692607,FALSE,15,64
GBM,2,0.158583097532855,0.324675324675325,FALSE,16,64
COADREAD,2,0.277528774780236,0.399293286219081,FALSE,17,64
OV,2,0.555349907499222,0.411371237458194,FALSE,18,64
LUSC,2,0.879111300163272,0.394129979035639,FALSE,19,64
ESCA,0,0.398653013239735,0.359116022099448,FALSE,20,64
KIRC,13,6.31185022803571e-07,0.395669291338583,TRUE,1,65
LGG,11,0.0131223596481621,0.411764705882353,TRUE,2,65
SKCM,8,0.00356824431416392,0.223529411764706,TRUE,3,65
BLCA,6,0.00380391551174808,0.419753086419753,TRUE,4,65
LIHC,4,0.044730706667655,0.238888888888889,TRUE,5,65
PAAD,9,0.000422476253772119,0.0454545454545455,FALSE,6,65
KIRP,8,8.04979162216668e-08,0.142857142857143,FALSE,7,65
LUAD,5,0.140921656745303,0.398390342052314,FALSE,8,65
UCEC,5,0.946425765419498,0.177949709864603,FALSE,9,65
GBM,4,0.173543692275555,0.337662337662338,FALSE,10,65
COADREAD,4,0.345991513537366,0.26678445229682,FALSE,11,65
OV,3,0.110572425818351,0.287625418060201,FALSE,12,65
LAML,3,0.157438779662345,0.348993288590604,FALSE,13,65
SARC,3,0.682430450883181,0.00395256916996047,FALSE,14,65
BRCA,3,0.699960159174539,0.224508886810103,FALSE,15,65
HNSC,3,0.887091453194704,0.00778210116731518,FALSE,16,65
ESCA,2,0.24404585360283,0.453038674033149,FALSE,17,65
STAD,2,0.850359036826432,0.34020618556701,FALSE,18,65
CESC,1,0.27733266609075,0.0355871886120997,FALSE,19,65
LUSC,1,0.955053043160865,0.174004192872117,FALSE,20,65
KIRC,10,0.000529437472155281,0.301181102362205,TRUE,1,66
BLCA,8,0.00884000825354015,0.362962962962963,TRUE,2,66
STAD,2,0.0200181857316505,0.293814432989691,TRUE,3,66
UCEC,8,0.837970852209402,0.388781431334623,FALSE,4,66
SKCM,7,0.0192654973568047,0.136470588235294,FALSE,5,66
KIRP,7,0.845558866237952,0.403571428571429,FALSE,6,66
PAAD,6,0.281618248045632,0.494318181818182,FALSE,7,66
LGG,6,0.790394263022089,0.280392156862745,FALSE,8,66
OV,3,0.145199990000678,0.461538461538462,FALSE,9,66
SARC,3,0.227891786244898,0.403162055335968,FALSE,10,66
BRCA,2,0.0814595087733839,0.305893358278765,FALSE,11,66
CESC,2,0.115223114605491,0.256227758007117,FALSE,12,66
LUSC,2,0.356966822121175,0.348008385744235,FALSE,13,66
LUAD,2,0.466482745337405,0.340040241448692,FALSE,14,66
GBM,2,0.668732441817646,0.402597402597403,FALSE,15,66
LIHC,2,0.81432010349567,0.341666666666667,FALSE,16,66
COADREAD,2,0.864118612836561,0.434628975265018,FALSE,17,66
LAML,1,0.315502844988435,0.449664429530201,FALSE,18,66
HNSC,1,0.947179623925265,0.422178988326848,FALSE,19,66
ESCA,0,0.458309264434699,0.259668508287293,FALSE,20,66
KIRC,11,0.00107776654962966,0.360236220472441,TRUE,1,67
SKCM,8,0.0155240943331612,0.294117647058824,TRUE,2,67
PAAD,4,0.0297853750388269,0.340909090909091,TRUE,3,67
LGG,13,0.766816020651331,0.345098039215686,FALSE,4,67
LUAD,7,0.769386785825664,0.235412474849095,FALSE,5,67
LUSC,5,0.0731075693854364,0.306079664570231,FALSE,6,67
GBM,5,0.435506331028744,0.181818181818182,FALSE,7,67
HNSC,5,0.688435260874386,0.326848249027237,FALSE,8,67
LAML,4,0.183967263304608,0.429530201342282,FALSE,9,67
BLCA,3,0.0691446221587697,0.479012345679012,FALSE,10,67
UCEC,3,0.396800552258934,0.481624758220503,FALSE,11,67
KIRP,3,0.532247409054708,0.382142857142857,FALSE,12,67
COADREAD,3,0.956677150211657,0.478798586572438,FALSE,13,67
STAD,2,0.063944303718201,0.337628865979382,FALSE,14,67
LIHC,2,0.260562460411258,0.394444444444444,FALSE,15,67
OV,1,0.384302445797319,0.481605351170569,FALSE,16,67
BRCA,1,0.510462937157407,0.496725912067353,FALSE,17,67
SARC,1,0.591425025538575,0.454545454545455,FALSE,18,67
ESCA,1,0.912149930643761,0.486187845303867,FALSE,19,67
CESC,1,0.987528058832366,0.466192170818505,FALSE,20,67
KIRC,11,0.00241603353783848,0.484251968503937,TRUE,1,68
SKCM,3,0.00514352245573779,0.171764705882353,TRUE,2,68
LAML,3,0.0246048360467759,0.389261744966443,TRUE,3,68
KIRP,9,0.406447573225329,0.364285714285714,FALSE,4,68
LGG,8,0.247491381731839,0.398039215686274,FALSE,5,68
LIHC,7,0.88992040133359,0.425,FALSE,6,68
PAAD,6,0.000933601089390668,0.0625,FALSE,7,68
HNSC,4,0.143423550591933,0.439688715953307,FALSE,8,68
LUAD,4,0.283600812627553,0.348088531187123,FALSE,9,68
LUSC,4,0.33375988369649,0.459119496855346,FALSE,10,68
BLCA,4,0.761830105491517,0.481481481481482,FALSE,11,68
SARC,4,0.935123506102831,0.446640316205534,FALSE,12,68
UCEC,3,0.368227744878457,0.39651837524178,FALSE,13,68
CESC,3,0.516635155093113,0.419928825622776,FALSE,14,68
BRCA,2,0.611844273189987,0.462114125350795,FALSE,15,68
OV,2,0.806384022722984,0.488294314381271,FALSE,16,68
COADREAD,2,0.87490366988987,0.432862190812721,FALSE,17,68
ESCA,1,0.269283244206393,0.464088397790055,FALSE,18,68
GBM,1,0.445722673067464,0.409090909090909,FALSE,19,68
STAD,1,0.92077453258358,0.497422680412371,FALSE,20,68
KIRC,14,1.01024395515736e-08,0.338582677165354,TRUE,1,69
HNSC,5,0.030588860946165,0.377431906614786,TRUE,2,69
STAD,4,0.0333549353527516,0.298969072164948,TRUE,3,69
BLCA,3,0.00283303788276768,0.424691358024691,TRUE,4,69
LGG,8,0.518996305337213,0.0607843137254902,FALSE,5,69
KIRP,8,0.579004132518336,0.432142857142857,FALSE,6,69
PAAD,7,0.000422476253772119,0.0454545454545455,FALSE,7,69
LIHC,7,0.202842807801129,0.386111111111111,FALSE,8,69
SKCM,4,0.0811931360703024,0.282352941176471,FALSE,9,69
LAML,4,0.173796405747431,0.48993288590604,FALSE,10,69
LUAD,4,0.253217959194752,0.48692152917505,FALSE,11,69
UCEC,4,0.555214426984998,0.454545454545455,FALSE,12,69
SARC,3,0.91595838014905,0.41501976284585,FALSE,13,69
GBM,2,0.108477650321411,0.233766233766234,FALSE,14,69
CESC,2,0.227420885052741,0.451957295373665,FALSE,15,69
COADREAD,2,0.64270550263033,0.257950530035336,FALSE,16,69
BRCA,2,0.791451357116924,0.368568755846586,FALSE,17,69
ESCA,1,0.88960919913365,0.403314917127072,FALSE,18,69
OV,0,0.264946840962884,0.438127090301003,FALSE,19,69
LUSC,0,0.361539614425739,0.436058700209644,FALSE,20,69
LGG,12,0.000736913064702582,0.413725490196078,TRUE,1,70
KIRC,11,0.000197780758668831,0.312992125984252,TRUE,2,70
BLCA,6,0.0135349435312727,0.441975308641975,TRUE,3,70
KIRP,5,0.0452076673849668,0.471428571428571,TRUE,4,70
UCEC,4,0.00141491050707399,0.328820116054159,TRUE,5,70
LIHC,3,0.0439178205333722,0.155555555555556,TRUE,6,70
HNSC,7,0.800147473168075,0.461089494163424,FALSE,7,70
LAML,5,0.597468865074385,0.436241610738255,FALSE,8,70
PAAD,5,0.91277135311629,0.4375,FALSE,9,70
SKCM,4,6.52440970244639e-05,0.138823529411765,FALSE,10,70
CESC,4,0.268729563492299,0.462633451957295,FALSE,11,70
GBM,3,0.225621748594694,0.142857142857143,FALSE,12,70
LUAD,3,0.788326103595319,0.108651911468813,FALSE,13,70
SARC,2,0.0754153785729862,0.241106719367589,FALSE,14,70
BRCA,2,0.27043806582008,0.412535079513564,FALSE,15,70
COADREAD,2,0.641552877191417,0.199646643109541,FALSE,16,70
ESCA,1,0.248446489680728,0.469613259668508,FALSE,17,70
OV,1,0.694802464868748,0.438127090301003,FALSE,18,70
STAD,1,0.996848053892653,0.322164948453608,FALSE,19,70
LUSC,0,0.865489727054235,0.19706498951782,FALSE,20,70
KIRC,12,2.041456670554e-05,0.285433070866142,TRUE,1,71
LGG,11,0.014640929633146,0.464705882352941,TRUE,2,71
BLCA,6,0.00265232687326333,0.360493827160494,TRUE,3,71
CESC,6,0.00361961778153797,0.195729537366548,TRUE,4,71
LUAD,5,0.0414422241586687,0.368209255533199,TRUE,5,71
STAD,5,0.0494207536632416,0.190721649484536,TRUE,6,71
UCEC,4,0.0276582003929483,0.334622823984526,TRUE,7,71
KIRP,7,0.0750535021210689,0.253571428571429,FALSE,8,71
PAAD,6,0.000422476253772119,0.0454545454545455,FALSE,9,71
COADREAD,4,0.136798489409037,0.132508833922262,FALSE,10,71
LAML,3,0.114255489140201,0.496644295302014,FALSE,11,71
OV,3,0.116274255846557,0.25752508361204,FALSE,12,71
LIHC,3,0.131413118273136,0.294444444444444,FALSE,13,71
LUSC,2,0.684475047787149,0.316561844863732,FALSE,14,71
HNSC,2,0.762998653904717,0.0914396887159533,FALSE,15,71
SKCM,2,0.812375981158498,0.223529411764706,FALSE,16,71
BRCA,1,0.396595619775803,0.298409728718428,FALSE,17,71
SARC,1,0.519701325478619,0.359683794466403,FALSE,18,71
GBM,1,0.745991051307937,0.162337662337662,FALSE,19,71
ESCA,0,0.699563112860146,0.464088397790055,FALSE,20,71
KIRC,13,1.00064158570223e-06,0.34251968503937,TRUE,1,72
LGG,12,0,0.16078431372549,TRUE,2,72
LUAD,6,0.000235496136151481,0.305835010060362,TRUE,3,72
BLCA,6,0.0121485370334606,0.474074074074074,TRUE,4,72
SKCM,4,0.0319839973422768,0.421176470588235,TRUE,5,72
COADREAD,2,0.0126723611328806,0.404593639575972,TRUE,6,72
PAAD,8,0.98136443338057,0.329545454545455,FALSE,7,72
UCEC,7,0.120980541112371,0.41779497098646,FALSE,8,72
KIRP,6,0.155151531721461,0.492857142857143,FALSE,9,72
LIHC,5,0.204980453544164,0.361111111111111,FALSE,10,72
BRCA,3,0.0805138229626743,0.286248830682881,FALSE,11,72
LAML,3,0.503640705024624,0.469798657718121,FALSE,12,72
OV,2,0.139412876847012,0.454849498327759,FALSE,13,72
HNSC,2,0.179681179530462,0.315175097276265,FALSE,14,72
CESC,2,0.206510236051664,0.380782918149466,FALSE,15,72
SARC,2,0.270136429867566,0.33201581027668,FALSE,16,72
LUSC,2,0.306311536699444,0.419287211740042,FALSE,17,72
ESCA,2,0.385011995022172,0.408839779005525,FALSE,18,72
STAD,1,0.0452115659827722,0.368556701030928,FALSE,19,72
GBM,1,0.254653036599138,0.0909090909090909,FALSE,20,72
SKCM,8,0.0105708496155941,0.392941176470588,TRUE,1,73
LGG,7,0.00051625524075205,0.372549019607843,TRUE,2,73
SARC,6,0.0380080598500533,0.229249011857708,TRUE,3,73
KIRP,3,0.00465662497640229,0.382142857142857,TRUE,4,73
PAAD,10,7.37228169811477e-05,0.0568181818181818,FALSE,5,73
CESC,7,0.285561932007515,0.153024911032029,FALSE,6,73
BLCA,7,0.419010472089925,0.244444444444444,FALSE,7,73
LUAD,6,0.567974012313584,0.319919517102616,FALSE,8,73
KIRC,5,0.178652206875499,0.0393700787401575,FALSE,9,73
HNSC,5,0.959776659825752,0.0836575875486381,FALSE,10,73
STAD,3,0.0736172452030492,0.180412371134021,FALSE,11,73
LUSC,3,0.108875124800568,0.427672955974843,FALSE,12,73
UCEC,3,0.523340032691541,0.237911025145068,FALSE,13,73
GBM,3,0.576113909244176,0.220779220779221,FALSE,14,73
LIHC,3,0.653995599462952,0.00277777777777778,FALSE,15,73
OV,2,0.115839873501674,0.37123745819398,FALSE,16,73
BRCA,2,0.394716761747682,0.285313376987839,FALSE,17,73
LAML,1,0.0234362900880126,0.402684563758389,FALSE,18,73
COADREAD,1,0.719989393113229,0.245583038869258,FALSE,19,73
ESCA,0,0.698194779052274,0.226519337016575,FALSE,20,73
LGG,15,0,0.286274509803922,TRUE,1,74
SKCM,9,0.000535768584047358,0.167058823529412,TRUE,2,74
KIRP,8,4.2589228412826e-05,0.171428571428571,TRUE,3,74
COADREAD,6,0.00155611435460612,0.312720848056537,TRUE,4,74
LUAD,3,0.00485670583770304,0.327967806841046,TRUE,5,74
KIRC,11,0.285812445676928,0.0866141732283465,FALSE,6,74
UCEC,8,0.0184935061269791,0.00193423597678917,FALSE,7,74
PAAD,8,0.198681000741239,0.272727272727273,FALSE,8,74
LIHC,5,0.0600021513565983,0.372222222222222,FALSE,9,74
LAML,4,0.0799679663529244,0.308724832214765,FALSE,10,74
STAD,4,0.272796144151815,0.381443298969072,FALSE,11,74
BLCA,3,0.159257197442196,0.483950617283951,FALSE,12,74
GBM,3,0.242867246067737,0.272727272727273,FALSE,13,74
CESC,3,0.382650917086612,0.380782918149466,FALSE,14,74
SARC,2,0.495031224434626,0.41501976284585,FALSE,15,74
HNSC,2,0.800781578999913,0.24124513618677,FALSE,16,74
OV,1,0.319259872466226,0.361204013377926,FALSE,17,74
BRCA,1,0.480074081689822,0.25444340505145,FALSE,18,74
ESCA,1,0.505231255311654,0.475138121546961,FALSE,19,74
LUSC,0,0.00715048680431318,0.448637316561845,FALSE,20,74
KIRC,16,6.55031584528842e-15,0.224409448818898,TRUE,1,75
LGG,10,9.28646735509631e-07,0.343137254901961,TRUE,2,75
HNSC,5,0.00871766137265606,0.260700389105058,TRUE,3,75
KIRP,5,0.0316345818476385,0.3,TRUE,4,75
LAML,5,0.0349710661222097,0.348993288590604,TRUE,5,75
COADREAD,3,0.0123139975230329,0.365724381625442,TRUE,6,75
PAAD,3,0.0350598461450568,0.420454545454546,TRUE,7,75
SKCM,7,0.726268479986502,0.390588235294118,FALSE,8,75
UCEC,5,0.190321189375955,0.25531914893617,FALSE,9,75
LIHC,4,0.143436140804117,0.283333333333333,FALSE,10,75
SARC,4,0.475332656037489,0.49802371541502,FALSE,11,75
LUAD,3,0.141108167542908,0.38430583501006,FALSE,12,75
BLCA,3,0.216342495343413,0.382716049382716,FALSE,13,75
OV,3,0.532325899664092,0.264214046822743,FALSE,14,75
CESC,2,0.34976869460028,0.348754448398577,FALSE,15,75
BRCA,2,0.398611375050785,0.169317118802619,FALSE,16,75
STAD,1,0.404312077962879,0.229381443298969,FALSE,17,75
LUSC,1,0.485857580034618,0.268343815513627,FALSE,18,75
ESCA,0,0.496097697329646,0.403314917127072,FALSE,19,75
GBM,0,0.602987589359396,0.428571428571429,FALSE,20,75
KIRC,14,1.98840943710366e-13,0.214566929133858,TRUE,1,76
SKCM,10,0.000109693639268049,0.183529411764706,TRUE,2,76
BLCA,5,0.00216374550973797,0.464197530864198,TRUE,3,76
STAD,3,0.0462838756325893,0.479381443298969,TRUE,4,76
LUSC,2,0.0301030898993979,0.383647798742138,TRUE,5,76
LGG,11,0.555115724735588,0.343137254901961,FALSE,6,76
PAAD,7,0.199714504159799,0.465909090909091,FALSE,7,76
LUAD,6,0.700212715217765,0.311871227364185,FALSE,8,76
LAML,6,0.756458906194764,0.23489932885906,FALSE,9,76
UCEC,5,0.273135201686489,0.203094777562863,FALSE,10,76
BRCA,4,0.177631325415624,0.265668849391955,FALSE,11,76
GBM,4,0.22308058163855,0.324675324675325,FALSE,12,76
COADREAD,4,0.278874093865699,0.363957597173145,FALSE,13,76
HNSC,4,0.440711444860487,0.221789883268483,FALSE,14,76
KIRP,4,0.654533737486411,0.242857142857143,FALSE,15,76
LIHC,3,0.653995599462952,0.00277777777777778,FALSE,16,76
SARC,3,0.886805937583953,0.478260869565217,FALSE,17,76
OV,2,0.588891583593725,0.324414715719064,FALSE,18,76
CESC,1,0.0913654673333621,0.298932384341637,FALSE,19,76
ESCA,1,0.453864061897755,0.447513812154696,FALSE,20,76
KIRC,7,9.92712095204684e-06,0.322834645669291,TRUE,1,77
HNSC,5,0.0464142065309642,0.359922178988327,TRUE,2,77
LGG,9,0.133429485772338,0.490196078431373,FALSE,3,77
LAML,7,0.310681578034757,0.416107382550336,FALSE,4,77
SKCM,6,0.622368123302185,0.277647058823529,FALSE,5,77
PAAD,5,0.00216351281634941,0.0340909090909091,FALSE,6,77
LIHC,5,0.381619993369173,0.211111111111111,FALSE,7,77
GBM,4,0.440191048259523,0.350649350649351,FALSE,8,77
CESC,3,0.198509442321887,0.427046263345196,FALSE,9,77
UCEC,3,0.210166141205171,0.264990328820116,FALSE,10,77
SARC,3,0.250434387362559,0.454545454545455,FALSE,11,77
COADREAD,3,0.766730147543366,0.371024734982332,FALSE,12,77
KIRP,3,0.989864736413675,0.335714285714286,FALSE,13,77
LUSC,2,0.381689926414091,0.39622641509434,FALSE,14,77
BLCA,2,0.646118026982294,0.281481481481482,FALSE,15,77
BRCA,2,0.669576837302544,0.279700654817587,FALSE,16,77
STAD,1,0.187437021489205,0.324742268041237,FALSE,17,77
ESCA,1,0.259686026384504,0.414364640883978,FALSE,18,77
OV,1,0.342504448232582,0.374581939799331,FALSE,19,77
LUAD,1,0.99698616032604,0.446680080482897,FALSE,20,77
LGG,11,9.51522911363245e-06,0.164705882352941,TRUE,1,78
KIRC,11,6.78873750671327e-05,0.421259842519685,TRUE,2,78
PAAD,8,0.00323512643130486,0.159090909090909,TRUE,3,78
HNSC,4,0.0258351374521694,0.165369649805447,TRUE,4,78
KIRP,7,0.0908271930332536,0.335714285714286,FALSE,5,78
SKCM,6,0.130553632710785,0.0141176470588235,FALSE,6,78
LAML,6,0.161668141482926,0.48993288590604,FALSE,7,78
LIHC,5,0.0626656932091101,0.194444444444444,FALSE,8,78
COADREAD,4,0.0573591890485793,0.279151943462898,FALSE,9,78
CESC,4,0.304992796778337,0.206405693950178,FALSE,10,78
UCEC,4,0.614466696471249,0.39651837524178,FALSE,11,78
BRCA,3,0.206519181993921,0.270346117867166,FALSE,12,78
BLCA,3,0.539482678773721,0.0148148148148148,FALSE,13,78
SARC,2,0.0952922454961338,0.351778656126482,FALSE,14,78
STAD,2,0.10626464191226,0.384020618556701,FALSE,15,78
LUSC,2,0.231371458256596,0.0251572327044025,FALSE,16,78
GBM,2,0.394033110528296,0.376623376623377,FALSE,17,78
LUAD,2,0.679107185623562,0.291750503018109,FALSE,18,78
OV,2,0.934830002149383,0.40133779264214,FALSE,19,78
ESCA,1,0.115557674858011,0.00552486187845304,FALSE,20,78
LGG,10,0.00131879240436983,0.46078431372549,TRUE,1,79
LUAD,6,0.000915476270948123,0.426559356136821,TRUE,2,79
KIRP,6,0.049115000019659,0.371428571428571,TRUE,3,79
OV,5,0.00288546301817272,0.307692307692308,TRUE,4,79
COADREAD,5,0.0405011227978729,0.487632508833922,TRUE,5,79
BLCA,3,0.00860645669201698,0.404938271604938,TRUE,6,79
PAAD,8,0.00186351432775489,0.0852272727272727,FALSE,7,79
SARC,6,0.166771755854608,0.351778656126482,FALSE,8,79
KIRC,6,0.927656435456742,0.0669291338582677,FALSE,9,79
LIHC,5,0.0855200088292281,0.386111111111111,FALSE,10,79
SKCM,5,0.328084734820115,0.308235294117647,FALSE,11,79
UCEC,4,0.263538257596431,0.297872340425532,FALSE,12,79
BRCA,4,0.624045670438632,0.324602432179607,FALSE,13,79
LAML,4,0.742546563570531,0.456375838926175,FALSE,14,79
CESC,3,0.1769870859856,0.224199288256228,FALSE,15,79
HNSC,2,0.0769979327385343,0.321011673151751,FALSE,16,79
GBM,2,0.084665485991376,0.428571428571429,FALSE,17,79
LUSC,2,0.191592284318101,0.473794549266247,FALSE,18,79
STAD,1,0.11072771964576,0.378865979381443,FALSE,19,79
ESCA,1,0.688292693676979,0.497237569060774,FALSE,20,79
KIRP,7,2.83620077003999e-05,0.378571428571429,TRUE,1,80
COADREAD,7,0.0111058562954901,0.160777385159011,TRUE,2,80
KIRC,6,0.000293940587434927,0.31496062992126,TRUE,3,80
BRCA,3,0.00785700975295856,0.249766136576239,TRUE,4,80
LUSC,2,0.0204598829685717,0.29559748427673,TRUE,5,80
GBM,2,0.0468308982838813,0.38961038961039,TRUE,6,80
LGG,13,0.55163115404104,0.270588235294118,FALSE,7,80
LAML,9,0.398999978571801,0.442953020134228,FALSE,8,80
UCEC,8,0.404165593783247,0.311411992263056,FALSE,9,80
HNSC,6,0.177576385604711,0.138132295719844,FALSE,10,80
SKCM,6,0.704008842352689,0.301176470588235,FALSE,11,80
BLCA,6,0.917498021171837,0.207407407407407,FALSE,12,80
PAAD,4,0.000569117369908279,0.0454545454545455,FALSE,13,80
SARC,4,0.0969264072097744,0.264822134387352,FALSE,14,80
LIHC,4,0.602151469676221,0.397222222222222,FALSE,15,80
CESC,3,0.426503049586089,0.00355871886120996,FALSE,16,80
LUAD,2,0.0627450014267107,0.432595573440644,FALSE,17,80
STAD,2,0.65139395948576,0.121134020618557,FALSE,18,80
OV,2,0.689053024159704,0.270903010033445,FALSE,19,80
ESCA,0,0.810711033762906,0.464088397790055,FALSE,20,80
LGG,14,8.90909568340703e-12,0.252941176470588,TRUE,1,81
KIRC,13,3.06227043722629e-10,0.283464566929134,TRUE,2,81
HNSC,6,0.0463907446694477,0.32295719844358,TRUE,3,81
UCEC,4,0.00360095266155502,0.379110251450677,TRUE,4,81
COADREAD,3,0.0149406063373861,0.477031802120141,TRUE,5,81
SARC,3,0.0313755560404495,0.355731225296443,TRUE,6,81
PAAD,9,0.0708599253586939,0.454545454545455,FALSE,7,81
KIRP,7,0.173437925095566,0.471428571428571,FALSE,8,81
SKCM,7,0.583233633959774,0.185882352941176,FALSE,9,81
LIHC,5,0.0981439638541742,0.333333333333333,FALSE,10,81
GBM,4,0.222176818718834,0.396103896103896,FALSE,11,81
BLCA,4,0.416651783797541,0.45679012345679,FALSE,12,81
LAML,3,0.317836307727188,0.449664429530201,FALSE,13,81
LUAD,2,0.25462477117859,0.474849094567404,FALSE,14,81
STAD,2,0.25784351113262,0.255154639175258,FALSE,15,81
OV,2,0.823652515741436,0.377926421404682,FALSE,16,81
LUSC,1,0.143902612447754,0.442348008385744,FALSE,17,81
CESC,1,0.626995798289738,0.306049822064057,FALSE,18,81
BRCA,1,0.997178119755189,0.304957904583723,FALSE,19,81
ESCA,0,0.49403272823753,0.419889502762431,FALSE,20,81
LGG,15,2.77555756156289e-15,0.301960784313726,TRUE,1,82
KIRC,13,3.79552067553135e-09,0.326771653543307,TRUE,2,82
SKCM,6,0.00403354461663363,0.183529411764706,TRUE,3,82
PAAD,8,0.000422476253772119,0.0454545454545455,FALSE,4,82
HNSC,6,0.707159694489104,0.192607003891051,FALSE,5,82
UCEC,6,0.73425308941998,0.249516441005803,FALSE,6,82
COADREAD,5,0.0664550116573177,0.293286219081272,FALSE,7,82
LIHC,3,0.0660982271828931,0.322222222222222,FALSE,8,82
BRCA,3,0.442867775823561,0.301216089803555,FALSE,9,82
KIRP,3,0.673326293833424,0.453571428571429,FALSE,10,82
ESCA,3,0.930908908160561,0.353591160220994,FALSE,11,82
LUSC,2,0.069453772114034,0.0670859538784067,FALSE,12,82
OV,2,0.158305218801892,0.334448160535117,FALSE,13,82
BLCA,2,0.449992717586025,0.0123456790123457,FALSE,14,82
GBM,2,0.716784307850627,0.279220779220779,FALSE,15,82
LAML,1,0.204168344857138,0.429530201342282,FALSE,16,82
STAD,1,0.499514354963836,0.371134020618557,FALSE,17,82
SARC,1,0.546216504385696,0.438735177865613,FALSE,18,82
CESC,1,0.605496738655956,0.234875444839858,FALSE,19,82
LUAD,1,0.608784677954503,0.0824949698189135,FALSE,20,82
LGG,12,0.000466845774607094,0.313725490196078,TRUE,1,83
KIRC,9,2.44201743659911e-06,0.196850393700787,TRUE,2,83
OV,5,0.0359847155655774,0.270903010033445,TRUE,3,83
CESC,5,0.0496454282696226,0.185053380782918,TRUE,4,83
SARC,4,0.00737611775083857,0.237154150197628,TRUE,5,83
BLCA,4,0.0282884052522703,0.491358024691358,TRUE,6,83
SKCM,10,7.57885496249777e-07,0.122352941176471,FALSE,7,83
PAAD,7,0.0954900478718,0.494318181818182,FALSE,8,83
UCEC,6,0.947989811545016,0.261121856866538,FALSE,9,83
KIRP,5,0.413484561595112,0.196428571428571,FALSE,10,83
LUAD,4,0.722805454622838,0.17102615694165,FALSE,11,83
HNSC,4,0.999487733766203,0.138132295719844,FALSE,12,83
LAML,3,0.132121952325056,0.100671140939597,FALSE,13,83
GBM,3,0.317951010229564,0.12987012987013,FALSE,14,83
LIHC,3,0.824982022205122,0.211111111111111,FALSE,15,83
BRCA,2,0.702037679106609,0.23199251637044,FALSE,16,83
COADREAD,2,0.913154055482988,0.159010600706714,FALSE,17,83
STAD,1,0.417779289057742,0.435567010309278,FALSE,18,83
ESCA,1,0.977123610824659,0.464088397790055,FALSE,19,83
LUSC,0,0.125312678350924,0.352201257861635,FALSE,20,83
KIRC,12,1.33461639004739e-05,0.364173228346457,TRUE,1,84
PAAD,10,0.0279868904079378,0.346590909090909,TRUE,2,84
SARC,4,0.014053381581737,0.320158102766798,TRUE,3,84
LGG,13,0.0804959127809214,0.294117647058824,FALSE,4,84
UCEC,8,0.0863092343452207,0.44100580270793,FALSE,5,84
KIRP,7,0.300259094336492,0.45,FALSE,6,84
SKCM,6,0.24527135405329,0.2,FALSE,7,84
CESC,5,0.0601786064162674,0.352313167259786,FALSE,8,84
OV,5,0.365494246899177,0.254180602006689,FALSE,9,84
LIHC,5,0.840042380687802,0.455555555555556,FALSE,10,84
HNSC,4,0.538618559981928,0.122568093385214,FALSE,11,84
BLCA,3,0.149909584892115,0.348148148148148,FALSE,12,84
LAML,3,0.767203822124488,0.36241610738255,FALSE,13,84
LUSC,2,0.425761981525097,0.423480083857442,FALSE,14,84
COADREAD,1,0.30651380289186,0.300353356890459,FALSE,15,84
STAD,1,0.360582300138194,0.474226804123711,FALSE,16,84
ESCA,1,0.416515815747129,0.419889502762431,FALSE,17,84
BRCA,1,0.542370837857142,0.199251637043966,FALSE,18,84
LUAD,0,0.308570451658078,0.492957746478873,FALSE,19,84
GBM,0,0.60574876185974,0.00649350649350649,FALSE,20,84
LGG,13,3.08163083939661e-08,0.429411764705882,TRUE,1,85
KIRC,12,0.0198505685719491,0.383858267716535,TRUE,2,85
KIRP,8,0.0092970323790359,0.45,TRUE,3,85
SKCM,5,0.000550151522807019,0.237647058823529,TRUE,4,85
BLCA,4,0.00480264904186201,0.439506172839506,TRUE,5,85
HNSC,4,0.0389130596056861,0.369649805447471,TRUE,6,85
PAAD,7,0.000103079566594055,0.0568181818181818,FALSE,7,85
STAD,5,0.116085734446534,0.22680412371134,FALSE,8,85
LUAD,5,0.145223118899759,0.356136820925553,FALSE,9,85
UCEC,5,0.166445753364332,0.323017408123791,FALSE,10,85
LIHC,4,0.0581515272382306,0.413888888888889,FALSE,11,85
LAML,4,0.306145395158177,0.422818791946309,FALSE,12,85
BRCA,4,0.693785091764811,0.449017773620206,FALSE,13,85
OV,3,0.123879447080796,0.294314381270903,FALSE,14,85
CESC,3,0.225469658959541,0.434163701067616,FALSE,15,85
ESCA,2,0.447492570345542,0.375690607734807,FALSE,16,85
SARC,2,0.816017512204414,0.41501976284585,FALSE,17,85
LUSC,1,0.0374287068054813,0.29979035639413,FALSE,18,85
GBM,1,0.130827682629483,0.493506493506494,FALSE,19,85
COADREAD,1,0.654212198361935,0.363957597173145,FALSE,20,85
KIRC,13,0.00326675445238411,0.411417322834646,TRUE,1,86
LGG,12,0,0.266666666666667,TRUE,2,86
HNSC,6,0.0124271120124698,0.328793774319066,TRUE,3,86
UCEC,5,0.0412022304991655,0.39651837524178,TRUE,4,86
BLCA,4,0.0435849332022106,0.451851851851852,TRUE,5,86
LUAD,6,0.000124323411502147,0.00201207243460765,FALSE,6,86
PAAD,6,0.000422476253772119,0.0454545454545455,FALSE,7,86
SARC,6,0.200297261860052,0.403162055335968,FALSE,8,86
SKCM,5,0.157170677674154,0.00941176470588235,FALSE,9,86
CESC,5,0.837291737590525,0.427046263345196,FALSE,10,86
LIHC,4,0.582015595968303,0.4,FALSE,11,86
COADREAD,3,0.138388577726945,0.425795053003534,FALSE,12,86
KIRP,3,0.237780784455641,0.335714285714286,FALSE,13,86
STAD,3,0.308040173731722,0.376288659793814,FALSE,14,86
LAML,3,0.608303231104918,0.422818791946309,FALSE,15,86
BRCA,3,0.801678540684963,0.347053320860617,FALSE,16,86
OV,2,0.26638443834825,0.137123745819398,FALSE,17,86
GBM,2,0.433459545701953,0.123376623376623,FALSE,18,86
ESCA,1,0.766407927206157,0.469613259668508,FALSE,19,86
LUSC,0,0.0522931106577802,0.392033542976939,FALSE,20,86
KIRC,11,2.02133821680661e-07,0.377952755905512,TRUE,1,87
KIRP,6,0.028659810943682,0.446428571428571,TRUE,2,87
HNSC,2,0.0134331497608244,0.206225680933852,TRUE,3,87
LGG,14,0.318376247722672,0.117647058823529,FALSE,4,87
SKCM,6,3.19813875055974e-05,0.12,FALSE,5,87
BLCA,5,0.0642879371598401,0.432098765432099,FALSE,6,87
UCEC,5,0.152865113764629,0.297872340425532,FALSE,7,87
LUAD,5,0.156669360104587,0.462776659959759,FALSE,8,87
PAAD,5,0.213746090138494,0.448863636363636,FALSE,9,87
BRCA,3,0.43980222582768,0.395696913002806,FALSE,10,87
SARC,3,0.599695464448363,0.446640316205534,FALSE,11,87
LAML,2,0.139770893698127,0.402684563758389,FALSE,12,87
LUSC,2,0.318648114080697,0.278825995807128,FALSE,13,87
CESC,2,0.911387375404526,0.362989323843416,FALSE,14,87
LIHC,2,0.99056560039658,0.463888888888889,FALSE,15,87
STAD,1,0.360671371000889,0.489690721649485,FALSE,16,87
GBM,1,0.503422940370853,0.383116883116883,FALSE,17,87
ESCA,1,0.670338227869774,0.359116022099448,FALSE,18,87
COADREAD,1,0.876139628003923,0.0530035335689046,FALSE,19,87
OV,1,0.937078788792872,0.488294314381271,FALSE,20,87
KIRC,11,7.4499572420561e-05,0.344488188976378,TRUE,1,88
LGG,10,2.42063031452577e-06,0.456862745098039,TRUE,2,88
LIHC,8,0.0306201165660084,0.316666666666667,TRUE,3,88
SKCM,6,0.000141450936700482,0.152941176470588,TRUE,4,88
UCEC,5,0.0346916479218997,0.404255319148936,TRUE,5,88
LUAD,4,0.0132018595264213,0.402414486921529,TRUE,6,88
KIRP,9,0.438477183480017,0.35,FALSE,7,88
PAAD,8,0.256799165753347,0.426136363636364,FALSE,8,88
LAML,5,0.621670801435558,0.328859060402685,FALSE,9,88
BLCA,4,0.116078763187337,0.471604938271605,FALSE,10,88
CESC,3,0.355369184105168,0.330960854092527,FALSE,11,88
COADREAD,3,0.875265615536589,0.478798586572438,FALSE,12,88
SARC,3,0.980589806452075,0.426877470355731,FALSE,13,88
STAD,1,0.238418335499895,0.306701030927835,FALSE,14,88
LUSC,1,0.800777953971815,0.480083857442348,FALSE,15,88
BRCA,1,0.833946142099637,0.200187090739008,FALSE,16,88
HNSC,1,0.944960865722621,0.410505836575875,FALSE,17,88
ESCA,0,0.671069135466899,0.403314917127072,FALSE,18,88
GBM,0,0.81457421919101,0.344155844155844,FALSE,19,88
OV,0,0.82236315572167,0.48494983277592,FALSE,20,88
KIRC,13,7.7568635958869e-09,0.318897637795276,TRUE,1,89
LGG,10,0.0492583451566614,0.425490196078431,TRUE,2,89
LIHC,9,0.00542063136835769,0.202777777777778,TRUE,3,89
PAAD,12,0.000422476253772119,0.0454545454545455,FALSE,4,89
KIRP,7,0.103294531733791,0.357142857142857,FALSE,5,89
LUAD,6,0.280113109058949,0.398390342052314,FALSE,6,89
SARC,6,0.351706216669061,0.122529644268775,FALSE,7,89
LAML,4,0.101601995728173,0.315436241610738,FALSE,8,89
SKCM,4,0.281432839192589,0.357647058823529,FALSE,9,89
STAD,3,0.196137168159228,0.335051546391753,FALSE,10,89
OV,3,0.233853025407563,0.324414715719064,FALSE,11,89
BLCA,3,0.513808549999782,0.269135802469136,FALSE,12,89
UCEC,3,0.85538724438111,0.297872340425532,FALSE,13,89
HNSC,3,0.953764536128051,0.132295719844358,FALSE,14,89
CESC,2,0.0587451939387372,0.227758007117438,FALSE,15,89
LUSC,1,0.0322854122400418,0.477987421383648,FALSE,16,89
COADREAD,1,0.049357923718627,0.293286219081272,FALSE,17,89
GBM,1,0.815133972101253,0.331168831168831,FALSE,18,89
ESCA,1,0.848139773460329,0.243093922651934,FALSE,19,89
BRCA,0,0.592158052869977,0.240411599625819,FALSE,20,89
LGG,16,0,0.229411764705882,TRUE,1,90
SKCM,8,4.4540588139963e-05,0.263529411764706,TRUE,2,90
BLCA,7,0.000692615622855608,0.432098765432099,TRUE,3,90
KIRC,6,6.50006937163994e-10,0.291338582677165,TRUE,4,90
COADREAD,4,0.00520414580969031,0.190812720848057,TRUE,5,90
UCEC,3,3.08965107886916e-05,0.454545454545455,TRUE,6,90
OV,3,0.0227056496297604,0.404682274247492,TRUE,7,90
KIRP,8,0.394867567379971,0.25,FALSE,8,90
PAAD,6,0.689506214487277,0.4375,FALSE,9,90
STAD,4,0.250680494629552,0.337628865979382,FALSE,10,90
SARC,4,0.572328379732693,0.486166007905138,FALSE,11,90
LIHC,4,0.653995599462961,0.00277777777777778,FALSE,12,90
GBM,4,0.874577613205928,0.383116883116883,FALSE,13,90
CESC,3,0.190120616536741,0.295373665480427,FALSE,14,90
HNSC,3,0.491158540207822,0.492217898832685,FALSE,15,90
LAML,2,0.241886366168206,0.36241610738255,FALSE,16,90
LUAD,2,0.264803412485809,0.370221327967807,FALSE,17,90
BRCA,2,0.289785472794375,0.299345182413471,FALSE,18,90
ESCA,2,0.318429344396797,0.259668508287293,FALSE,19,90
LUSC,1,0.0114345130329528,0.329140461215933,FALSE,20,90
KIRC,7,3.73871678936988e-05,0.202755905511811,TRUE,1,91
SKCM,6,0.0194779427473353,0.183529411764706,TRUE,2,91
UCEC,4,0.00870351461919949,0.237911025145068,TRUE,3,91
CESC,3,0.00742845633775846,0.266903914590747,TRUE,4,91
BLCA,2,0.0454295640720068,0.424691358024691,TRUE,5,91
LGG,11,0.473669670194055,0.235294117647059,FALSE,6,91
LAML,6,0.8949949962798,0.268456375838926,FALSE,7,91
KIRP,5,0.769140505344898,0.164285714285714,FALSE,8,91
COADREAD,4,0.304952394816169,0.318021201413428,FALSE,9,91
PAAD,4,0.61292675636015,0.295454545454545,FALSE,10,91
OV,3,0.451930258661696,0.307692307692308,FALSE,11,91
LIHC,3,0.951347317044915,0.258333333333333,FALSE,12,91
GBM,2,0.383250709886202,0.123376623376623,FALSE,13,91
SARC,2,0.483901178595509,0.193675889328063,FALSE,14,91
ESCA,2,0.523663151560291,0.458563535911602,FALSE,15,91
LUAD,2,0.700464542566984,0.225352112676056,FALSE,16,91
STAD,1,0.568223684175088,0.376288659793814,FALSE,17,91
BRCA,1,0.670267950976592,0.209541627689429,FALSE,18,91
HNSC,1,0.939554207630423,0.105058365758755,FALSE,19,91
LUSC,0,0.169561263157663,0.310272536687631,FALSE,20,91
KIRC,8,0.000756748001056851,0.401574803149606,TRUE,1,92
STAD,3,0.00159985097726278,0.324742268041237,TRUE,2,92
LGG,10,0.565666947963706,0.372549019607843,FALSE,3,92
PAAD,7,0.531027651567389,0.340909090909091,FALSE,4,92
UCEC,5,0.109368674863156,0.338491295938105,FALSE,5,92
COADREAD,5,0.120577484125239,0.381625441696113,FALSE,6,92
HNSC,5,0.439619632761553,0.192607003891051,FALSE,7,92
SARC,4,0.162781837291966,0.355731225296443,FALSE,8,92
SKCM,3,0.128964478734625,0.223529411764706,FALSE,9,92
LUAD,3,0.321477261194878,0.48692152917505,FALSE,10,92
KIRP,3,0.411749965966052,0.460714285714286,FALSE,11,92
LIHC,3,0.412887814860731,0.308333333333333,FALSE,12,92
CESC,2,0.0514863777844644,0.298932384341637,FALSE,13,92
LUSC,2,0.0845677481294083,0.438155136268344,FALSE,14,92
BLCA,2,0.336011234768638,0.335802469135802,FALSE,15,92
LAML,2,0.81867763890296,0.395973154362416,FALSE,16,92
BRCA,2,0.978959436957111,0.376052385406922,FALSE,17,92
OV,1,0.366028518666952,0.421404682274248,FALSE,18,92
GBM,1,0.5407274349981,0.396103896103896,FALSE,19,92
ESCA,0,0.472225496431815,0.480662983425414,FALSE,20,92
UCEC,8,0.0126777049189537,0.408123791102515,TRUE,1,93
LAML,5,0.0197644446548395,0.483221476510067,TRUE,2,93
CESC,3,0.00927907965585961,0.494661921708185,TRUE,3,93
STAD,3,0.0204087215436128,0.317010309278351,TRUE,4,93
LGG,13,0.0512078591285614,0.194117647058824,FALSE,5,93
KIRC,11,0.066195871183241,0.265748031496063,FALSE,6,93
KIRP,8,0.599789775319967,0.346428571428571,FALSE,7,93
PAAD,7,0.000422476253772119,0.0454545454545455,FALSE,8,93
BLCA,5,0.55747540546341,0.362962962962963,FALSE,9,93
SKCM,4,0.312260005429441,0.272941176470588,FALSE,10,93
BRCA,4,0.407026876275852,0.400374181478017,FALSE,11,93
LIHC,4,0.933068162180148,0.00833333333333333,FALSE,12,93
COADREAD,3,0.24768666105342,0.217314487632509,FALSE,13,93
GBM,3,0.545974819230203,0.441558441558442,FALSE,14,93
SARC,2,0.202634290587807,0.264822134387352,FALSE,15,93
LUAD,2,0.549347439694606,0.346076458752515,FALSE,16,93
HNSC,1,0.607540979086314,0.264591439688716,FALSE,17,93
OV,1,0.619048498556019,0.324414715719064,FALSE,18,93
ESCA,1,0.922231438698905,0.403314917127072,FALSE,19,93
LUSC,0,0.677321567110052,0.306079664570231,FALSE,20,93
KIRC,17,4.28193813739597e-09,0.415354330708661,TRUE,1,94
LGG,12,0.000101911202687432,0.366666666666667,TRUE,2,94
UCEC,11,0.0169973700516363,0.483558994197292,TRUE,3,94
LIHC,8,4.81507437721795e-06,0.194444444444444,TRUE,4,94
SKCM,7,0.0191659804976461,0.376470588235294,TRUE,5,94
PAAD,5,0.0112776256401879,0.5,TRUE,6,94
HNSC,5,0.0139149273393256,0.385214007782101,TRUE,7,94
SARC,4,0.000120372136042435,0.225296442687747,TRUE,8,94
BLCA,7,0.152290477372372,0.479012345679012,FALSE,9,94
COADREAD,5,0.304437874582432,0.425795053003534,FALSE,10,94
CESC,5,0.673845086738812,0.398576512455516,FALSE,11,94
OV,4,0.182021115504688,0.444816053511706,FALSE,12,94
BRCA,4,0.341684473772588,0.408793264733396,FALSE,13,94
LUAD,3,0.0692047366280092,0.289738430583501,FALSE,14,94
KIRP,3,0.069415217407946,0.464285714285714,FALSE,15,94
GBM,2,0.416652568885135,0.461038961038961,FALSE,16,94
ESCA,2,0.667604011403324,0.464088397790055,FALSE,17,94
LUSC,1,0.121053865754493,0.475890985324948,FALSE,18,94
LAML,1,0.152044162979389,0.496644295302014,FALSE,19,94
STAD,1,0.188479446360397,0.494845360824742,FALSE,20,94
KIRC,11,1.14683107454994e-09,0.318897637795276,TRUE,1,95
SKCM,6,0.000995723442763663,0.183529411764706,TRUE,2,95
COADREAD,6,0.020226111011451,0.485865724381625,TRUE,3,95
LUAD,5,0.0279701191939051,0.336016096579477,TRUE,4,95
HNSC,5,0.0304186156824477,0.321011673151751,TRUE,5,95
BLCA,3,0.0237014461764901,0.45679012345679,TRUE,6,95
LGG,13,0.47772563742789,0.386274509803922,FALSE,7,95
LIHC,8,0.587562595698026,0.477777777777778,FALSE,8,95
PAAD,8,0.925592679612022,0.386363636363636,FALSE,9,95
UCEC,6,0.283394181116076,0.429400386847195,FALSE,10,95
SARC,5,0.601631973717855,0.474308300395257,FALSE,11,95
BRCA,4,0.758486449361959,0.318989710009355,FALSE,12,95
KIRP,3,0.18213797362626,0.453571428571429,FALSE,13,95
LUSC,3,0.858238969208041,0.463312368972746,FALSE,14,95
LAML,2,0.175445327771399,0.375838926174497,FALSE,15,95
STAD,1,0.00558623460685626,0.404639175257732,FALSE,16,95
OV,1,0.516734999981106,0.431438127090301,FALSE,17,95
CESC,1,0.613028620229211,0.362989323843416,FALSE,18,95
GBM,1,0.918456318877226,0.233766233766234,FALSE,19,95
ESCA,0,0.0532707881049728,0.331491712707182,FALSE,20,95
KIRC,13,1.56235147596995e-07,0.425196850393701,TRUE,1,96
LGG,10,0.0279900885671537,0.317647058823529,TRUE,2,96
COADREAD,6,0.00171848539760833,0.208480565371025,TRUE,3,96
SKCM,6,0.00429717051015843,0.268235294117647,TRUE,4,96
PAAD,8,0.412613559782285,0.323863636363636,FALSE,5,96
UCEC,7,0.581621795071411,0.477756286266925,FALSE,6,96
KIRP,6,0.421928986101844,0.482142857142857,FALSE,7,96
LUAD,6,0.870138738641485,0.454728370221328,FALSE,8,96
GBM,4,0.367335042218553,0.337662337662338,FALSE,9,96
BLCA,3,0.0606060149319975,0.466666666666667,FALSE,10,96
SARC,3,0.383750945130227,0.395256916996047,FALSE,11,96
STAD,2,0.0760192172665626,0.291237113402062,FALSE,12,96
LIHC,2,0.590207259927802,0.425,FALSE,13,96
LUSC,2,0.840330287866659,0.486373165618449,FALSE,14,96
LAML,1,0.0980232543732077,0.328859060402685,FALSE,15,96
CESC,1,0.163501479148196,0.395017793594306,FALSE,16,96
OV,1,0.167923537039254,0.441471571906355,FALSE,17,96
BRCA,1,0.456229662290452,0.490177736202058,FALSE,18,96
HNSC,1,0.832911924520837,0.284046692607004,FALSE,19,96
ESCA,0,0.886640755863814,0.464088397790055,FALSE,20,96
KIRC,12,6.07388694895406e-10,0.358267716535433,TRUE,1,97
LGG,11,0.000797590217903821,0.337254901960784,TRUE,2,97
HNSC,9,0.0306625112252029,0.317120622568093,TRUE,3,97
SKCM,6,0.000244200437399922,0.197647058823529,TRUE,4,97
LAML,3,0.0176957555307394,0.395973154362416,TRUE,5,97
PAAD,7,0.0719893063036557,0.346590909090909,FALSE,6,97
LIHC,4,0.108501995728862,0.369444444444444,FALSE,7,97
SARC,4,0.215051517128652,0.328063241106719,FALSE,8,97
BLCA,3,0.329532236204082,0.474074074074074,FALSE,9,97
UCEC,3,0.33387768776986,0.276595744680851,FALSE,10,97
GBM,2,0.055622699910027,0.12987012987013,FALSE,11,97
STAD,2,0.34074966531439,0.497422680412371,FALSE,12,97
CESC,2,0.534961550809152,0.462633451957295,FALSE,13,97
OV,2,0.648385504548119,0.454849498327759,FALSE,14,97
KIRP,2,0.849146551457101,0.492857142857143,FALSE,15,97
COADREAD,2,0.883252720581842,0.0795053003533569,FALSE,16,97
LUAD,2,0.890209221059661,0.183098591549296,FALSE,17,97
BRCA,1,0.268618091294196,0.380729653882133,FALSE,18,97
LUSC,1,0.952429089908212,0.335429769392034,FALSE,19,97
ESCA,0,0.997729829867986,0.403314917127072,FALSE,20,97
KIRC,13,1.88134943571727e-05,0.401574803149606,TRUE,1,98
LGG,9,0.00218817087071477,0.494117647058824,TRUE,2,98
SKCM,6,0.0287383785673047,0.308235294117647,TRUE,3,98
KIRP,6,0.0436284072190277,0.417857142857143,TRUE,4,98
COADREAD,8,0.0290912360608436,0.128975265017668,FALSE,5,98
LIHC,7,0.0975352134185655,0.469444444444445,FALSE,6,98
PAAD,7,0.278589895329591,0.380681818181818,FALSE,7,98
UCEC,6,0.189870847690258,0.475822050290135,FALSE,8,98
GBM,5,0.142896204868314,0.272727272727273,FALSE,9,98
LUAD,4,0.257836411173825,0.398390342052314,FALSE,10,98
BLCA,4,0.324992228174138,0.48641975308642,FALSE,11,98
SARC,3,0.638002560966519,0.486166007905138,FALSE,12,98
LUSC,2,0.222310776336982,0.408805031446541,FALSE,13,98
BRCA,2,0.376204236247812,0.46866230121609,FALSE,14,98
OV,2,0.726357138829313,0.331103678929766,FALSE,15,98
CESC,1,0.234269840403761,0.387900355871886,FALSE,16,98
LAML,1,0.399106354610325,0.409395973154362,FALSE,17,98
HNSC,1,0.505565353495913,0.299610894941634,FALSE,18,98
STAD,1,0.618632659753527,0.487113402061856,FALSE,19,98
ESCA,1,0.803186882377589,0.419889502762431,FALSE,20,98
KIRC,13,4.7285125115426e-07,0.360236220472441,TRUE,1,99
LGG,8,0.0775746323388473,0.492156862745098,FALSE,2,99
COADREAD,7,0.556561029104363,0.492932862190813,FALSE,3,99
PAAD,6,0.483752881490567,0.488636363636364,FALSE,4,99
KIRP,6,0.650517690851506,0.417857142857143,FALSE,5,99
CESC,4,0.123325867911908,0.281138790035587,FALSE,6,99
SKCM,4,0.234559145755866,0.418823529411765,FALSE,7,99
BRCA,4,0.433000434231766,0.434050514499532,FALSE,8,99
UCEC,4,0.570249073117218,0.328820116054159,FALSE,9,99
LUAD,4,0.976447177230868,0.44466800804829,FALSE,10,99
STAD,3,0.0485781028607747,0.141752577319588,FALSE,11,99
BLCA,3,0.187690783092996,0.328395061728395,FALSE,12,99
ESCA,3,0.229747854172528,0.198895027624309,FALSE,13,99
HNSC,3,0.664890602029745,0.249027237354086,FALSE,14,99
OV,3,0.702856121714933,0.267558528428094,FALSE,15,99
LAML,2,0.353092270440842,0.281879194630873,FALSE,16,99
GBM,2,0.921501536908707,0.318181818181818,FALSE,17,99
LUSC,1,0.0152443948304939,0.228511530398323,FALSE,18,99
LIHC,1,0.928095676248575,0.425,FALSE,19,99
SARC,0,0.99706638739717,0.494071146245059,FALSE,20,99
LGG,16,0.00532775489295345,0.47843137254902,TRUE,1,100
KIRC,12,0.000136250401640337,0.332677165354331,TRUE,2,100
HNSC,6,0.00540140844394021,0.17704280155642,TRUE,3,100
SKCM,5,0.00581199437698121,0.350588235294118,TRUE,4,100
KIRP,4,0.00733114953142633,0.332142857142857,TRUE,5,100
LUSC,3,0.00511988639128091,0.440251572327044,TRUE,6,100
PAAD,8,0.000422476253772119,0.0454545454545455,FALSE,7,100
LUAD,7,0.0557297790527923,0.476861167002012,FALSE,8,100
SARC,5,0.96827822985598,0.434782608695652,FALSE,9,100
UCEC,4,0.14932396748914,0.392649903288201,FALSE,10,100
LAML,4,0.883429633469178,0.449664429530201,FALSE,11,100
OV,3,0.537695791772291,0.321070234113712,FALSE,12,100
CESC,3,0.976909307901305,0.281138790035587,FALSE,13,100
LIHC,2,0.169740764117683,0.216666666666667,FALSE,14,100
COADREAD,2,0.390682609651759,0.482332155477032,FALSE,15,100
BLCA,1,0.164983636322326,0.4,FALSE,16,100
BRCA,1,0.169196711562928,0.333021515434986,FALSE,17,100
GBM,1,0.317089886578164,0.422077922077922,FALSE,18,100
STAD,0,0.209672427197852,0.329896907216495,FALSE,19,100
ESCA,0,0.275014019496767,0.430939226519337,FALSE,20,100
KIRP,6,0.0258228361703107,0.357142857142857,TRUE,1,101
BRCA,4,0.0195186706244993,0.311506080449018,TRUE,2,101
LGG,16,0.385278177654302,0.390196078431373,FALSE,3,101
PAAD,10,0.000776124515140975,0.0568181818181818,FALSE,4,101
KIRC,7,0.063745951113769,0.275590551181102,FALSE,5,101
LIHC,5,0.359370420735225,0.427777777777778,FALSE,6,101
SARC,4,0.0723265703208278,0.237154150197628,FALSE,7,101
UCEC,4,0.271212542118041,0.274661508704062,FALSE,8,101
LUAD,4,0.369480799753695,0.27364185110664,FALSE,9,101
SKCM,3,0.258347273713573,0.216470588235294,FALSE,10,101
BLCA,3,0.461742527803239,0.316049382716049,FALSE,11,101
LAML,3,0.830732366787613,0.25503355704698,FALSE,12,101
CESC,2,0.275930800391355,0.238434163701068,FALSE,13,101
COADREAD,2,0.613756263372185,0.0865724381625442,FALSE,14,101
HNSC,2,0.837958613526985,0.101167315175097,FALSE,15,101
OV,1,0.331078335486235,0.217391304347826,FALSE,16,101
ESCA,1,0.980772894474754,0.226519337016575,FALSE,17,101
STAD,0,0.14111649337771,0.461340206185567,FALSE,18,101
GBM,0,0.336007087344001,0.136363636363636,FALSE,19,101
LUSC,0,0.914900249922904,0.213836477987421,FALSE,20,101
KIRC,11,3.34107541632989e-08,0.230314960629921,TRUE,1,102
SKCM,6,0.000739272070399921,0.16,TRUE,2,102
GBM,3,0.0476196664594889,0.318181818181818,TRUE,3,102
PAAD,8,0.219070968886765,0.397727272727273,FALSE,4,102
KIRP,7,0.165592328857447,0.296428571428571,FALSE,5,102
LGG,7,0.843175098049538,0.492156862745098,FALSE,6,102
BLCA,6,0.382771956375927,0.353086419753086,FALSE,7,102
UCEC,5,0.102125117682094,0.353965183752418,FALSE,8,102
COADREAD,5,0.136886393271751,0.238515901060071,FALSE,9,102
LAML,5,0.205431511291103,0.436241610738255,FALSE,10,102
SARC,4,0.600888065986451,0.00395256916996047,FALSE,11,102
LUAD,4,0.628012153507249,0.430583501006036,FALSE,12,102
BRCA,4,0.819047231336315,0.266604303086997,FALSE,13,102
HNSC,3,0.154437422811148,0.219844357976654,FALSE,14,102
CESC,3,0.379955028361948,0.395017793594306,FALSE,15,102
LIHC,2,0.079602768527513,0.488888888888889,FALSE,16,102
LUSC,2,0.160556742825596,0.312368972746331,FALSE,17,102
STAD,2,0.190283712087479,0.381443298969072,FALSE,18,102
OV,2,0.606262487395807,0.321070234113712,FALSE,19,102
ESCA,1,0.333235560215023,0.453038674033149,FALSE,20,102
KIRC,13,8.9593142904576e-09,0.240157480314961,TRUE,1,103
LGG,10,0.0402656939215467,0.241176470588235,TRUE,2,103
UCEC,7,0.0110257927172623,0.203094777562863,TRUE,3,103
COADREAD,7,0.0217105450134059,0.238515901060071,TRUE,4,103
LIHC,4,0.0385587855000958,0.252777777777778,TRUE,5,103
BLCA,10,0.168947425758087,0.175308641975309,FALSE,6,103
SARC,7,0.228042407048838,0.146245059288538,FALSE,7,103
HNSC,5,0.0659629302190612,0.0680933852140078,FALSE,8,103
KIRP,5,0.0869969187767804,0.196428571428571,FALSE,9,103
STAD,4,0.467271243490904,0.347938144329897,FALSE,10,103
LAML,3,0.325695396642529,0.208053691275168,FALSE,11,103
PAAD,3,0.396268718581827,0.465909090909091,FALSE,12,103
OV,2,0.0816281681637984,0.163879598662207,FALSE,13,103
BRCA,2,0.287043615412334,0.189897100093545,FALSE,14,103
SKCM,2,0.348793196892369,0.171764705882353,FALSE,15,103
LUAD,2,0.394468232381883,0.354124748490946,FALSE,16,103
LUSC,1,0.273572829587713,0.174004192872117,FALSE,17,103
CESC,1,0.286834611215357,0.0925266903914591,FALSE,18,103
GBM,1,0.379259275500519,0.136363636363636,FALSE,19,103
ESCA,0,0.529188996550443,0.453038674033149,FALSE,20,103
LGG,14,0,0.166666666666667,TRUE,1,104
KIRC,13,1.57175161774603e-09,0.301181102362205,TRUE,2,104
BLCA,6,0.0028847077898726,0.432098765432099,TRUE,3,104
PAAD,6,0.918023836422756,0.403409090909091,FALSE,4,104
COADREAD,5,0.181062759249352,0.268551236749117,FALSE,5,104
STAD,5,0.261832567043211,0.0927835051546392,FALSE,6,104
UCEC,5,0.845364992249525,0.470019342359768,FALSE,7,104
SKCM,5,0.861272900120664,0.28,FALSE,8,104
SARC,4,0.11551732719286,0.391304347826087,FALSE,9,104
KIRP,3,0.253599219932635,0.364285714285714,FALSE,10,104
GBM,3,0.31394926954197,0.38961038961039,FALSE,11,104
HNSC,3,0.476612855204877,0.381322957198444,FALSE,12,104
LIHC,3,0.503290388749125,0.413888888888889,FALSE,13,104
LAML,3,0.611974664433431,0.214765100671141,FALSE,14,104
CESC,2,0.0845424649361459,0.423487544483986,FALSE,15,104
LUAD,2,0.424601388856923,0.498993963782696,FALSE,16,104
LUSC,2,0.480438107725187,0.272536687631027,FALSE,17,104
BRCA,2,0.825032191507676,0.417212347988775,FALSE,18,104
OV,0,0.198609890927336,0.438127090301003,FALSE,19,104
ESCA,0,0.516426567360373,0.43646408839779,FALSE,20,104
LGG,13,0.0304942162892828,0.403921568627451,TRUE,1,105
KIRC,10,8.14116551950406e-11,0.297244094488189,TRUE,2,105
UCEC,8,0.00358816098424475,0.413926499032882,TRUE,3,105
LIHC,6,0.00197378201665632,0.25,TRUE,4,105
LUAD,5,0.00263221162563809,0.277665995975855,TRUE,5,105
STAD,2,0.0286183939086188,0.355670103092784,TRUE,6,105
SKCM,8,0.650729955620108,0.331764705882353,FALSE,7,105
PAAD,7,0.149323499268039,0.295454545454545,FALSE,8,105
KIRP,6,0,0.0821428571428571,FALSE,9,105
GBM,5,0.90872125801388,0.467532467532468,FALSE,10,105
BLCA,4,0.487168376876577,0.00246913580246914,FALSE,11,105
LAML,3,0.715451207717065,0.375838926174497,FALSE,12,105
HNSC,3,0.841866739325947,0.486381322957198,FALSE,13,105
BRCA,2,0.317372161505989,0.387277829747428,FALSE,14,105
COADREAD,2,0.363320689336118,0.215547703180212,FALSE,15,105
SARC,2,0.524348607536896,0.383399209486166,FALSE,16,105
LUSC,2,0.847735867287764,0.00209643605870021,FALSE,17,105
OV,1,0.262884416252056,0.441471571906355,FALSE,18,105
CESC,1,0.519919945741207,0.338078291814947,FALSE,19,105
ESCA,0,0.44402151390364,0.453038674033149,FALSE,20,105
LGG,10,0.00564061414713346,0.419607843137255,TRUE,1,106
BLCA,6,0.00598434720634478,0.446913580246914,TRUE,2,106
STAD,4,0.0498036993936422,0.286082474226804,TRUE,3,106
HNSC,2,0.00539677791670767,0.346303501945525,TRUE,4,106
KIRC,11,0.252265744798813,0.0393700787401575,FALSE,5,106
PAAD,6,0.918891428421077,0.409090909090909,FALSE,6,106
LIHC,4,0.129946961891194,0.425,FALSE,7,106
UCEC,4,0.366396377779137,0.444874274661509,FALSE,8,106
ESCA,4,0.603743906334806,0.480662983425414,FALSE,9,106
SARC,3,0.268606138748577,0.379446640316206,FALSE,10,106
COADREAD,3,0.358754801138207,0.425795053003534,FALSE,11,106
OV,3,0.435726902647138,0.317725752508361,FALSE,12,106
SKCM,3,0.778353633607596,0.489411764705882,FALSE,13,106
KIRP,3,0.851443395946621,0.414285714285714,FALSE,14,106
CESC,2,0.0841489727690444,0.281138790035587,FALSE,15,106
GBM,2,0.285940796715911,0.383116883116883,FALSE,16,106
LAML,2,0.296341707729765,0.422818791946309,FALSE,17,106
LUAD,2,0.480398185473456,0.490945674044266,FALSE,18,106
BRCA,1,0.369879545785768,0.45088868101029,FALSE,19,106
LUSC,0,0.0926401034818408,0.387840670859539,FALSE,20,106
LGG,13,6.187272916236e-13,0.307843137254902,TRUE,1,107
KIRC,11,2.11255870238292e-05,0.281496062992126,TRUE,2,107
LIHC,6,0.0104235438390072,0.319444444444444,TRUE,3,107
STAD,5,0.01360842917365,0.172680412371134,TRUE,4,107
CESC,4,0.00140707207694435,0.370106761565836,TRUE,5,107
PAAD,11,4.40661967415767e-05,0.0625,FALSE,6,107
KIRP,10,0.0801076931008444,0.432142857142857,FALSE,7,107
BLCA,7,0.0698342391857664,0.180246913580247,FALSE,8,107
SKCM,7,0.110490252611403,0.289411764705882,FALSE,9,107
COADREAD,5,0.221947543824526,0.127208480565371,FALSE,10,107
BRCA,4,0.128778020268588,0.342376052385407,FALSE,11,107
LUAD,4,0.190800729978576,0.390342052313883,FALSE,12,107
SARC,4,0.36048038697378,0.304347826086957,FALSE,13,107
LAML,4,0.817112669446781,0.409395973154362,FALSE,14,107
GBM,3,0.182291021811953,0.285714285714286,FALSE,15,107
HNSC,3,0.402547263100704,0.330739299610895,FALSE,16,107
UCEC,3,0.64315687341536,0.317214700193424,FALSE,17,107
OV,2,0.593092710873454,0.391304347826087,FALSE,18,107
ESCA,1,0.282623172209189,0.497237569060774,FALSE,19,107
LUSC,1,0.7203057527441,0.327044025157233,FALSE,20,107
KIRC,13,9.1553093385377e-06,0.28740157480315,TRUE,1,108
SKCM,7,1.82141732310015e-05,0.221176470588235,TRUE,2,108
KIRP,7,0.0188222977248923,0.457142857142857,TRUE,3,108
LIHC,6,0.0288873939401559,0.247222222222222,TRUE,4,108
BLCA,3,0.0353777137294682,0.491358024691358,TRUE,5,108
HNSC,3,0.046180579638796,0.260700389105058,TRUE,6,108
LGG,10,0.722781039114416,0.170588235294118,FALSE,7,108
PAAD,7,0.000422476253772119,0.0454545454545455,FALSE,8,108
SARC,5,0.173647919906878,0.189723320158103,FALSE,9,108
UCEC,5,0.398296950824642,0.292069632495164,FALSE,10,108
LUAD,3,0.0624360674964362,0.388329979879276,FALSE,11,108
STAD,3,0.236550050869732,0.494845360824742,FALSE,12,108
GBM,2,0.327745428186496,0.227272727272727,FALSE,13,108
LAML,2,0.588259676565207,0.342281879194631,FALSE,14,108
BRCA,2,0.83602327497659,0.467726847521048,FALSE,15,108
LUSC,1,0.110949508586232,0.419287211740042,FALSE,16,108
OV,1,0.515879965374997,0.25752508361204,FALSE,17,108
CESC,1,0.567797870378888,0.160142348754448,FALSE,18,108
COADREAD,1,0.591352998438374,0.434628975265018,FALSE,19,108
ESCA,0,0.305205925685894,0.232044198895028,FALSE,20,108
LGG,14,0,0.207843137254902,TRUE,1,109
KIRC,10,8.43325409505269e-13,0.356299212598425,TRUE,2,109
SKCM,8,0.00131441670252686,0.369411764705882,TRUE,3,109
COADREAD,8,0.0396735401140347,0.238515901060071,TRUE,4,109
UCEC,7,0.000159997015669267,0.458413926499033,TRUE,5,109
LUAD,7,0.000589113492646676,0.279678068410463,TRUE,6,109
PAAD,6,0.0135244695732556,0.426136363636364,TRUE,7,109
STAD,4,0.0287791321005906,0.283505154639175,TRUE,8,109
HNSC,3,0.0265777298789143,0.418287937743191,TRUE,9,109
LAML,3,0.0452003006641839,0.369127516778524,TRUE,10,109
KIRP,7,0.376072318748616,0.353571428571429,FALSE,11,109
SARC,6,0.140378222557976,0.280632411067194,FALSE,12,109
LIHC,5,0.259334065135011,0.277777777777778,FALSE,13,109
BLCA,4,0.362598997510526,0.375308641975309,FALSE,14,109
LUSC,3,0.13598827146541,0.492662473794549,FALSE,15,109
OV,2,0.236043906809581,0.48494983277592,FALSE,16,109
GBM,2,0.74351996581009,0.181818181818182,FALSE,17,109
ESCA,1,0.186590968244785,0.453038674033149,FALSE,18,109
BRCA,1,0.279494877388825,0.274087932647334,FALSE,19,109
CESC,1,0.979410056900385,0.466192170818505,FALSE,20,109
KIRC,11,0.000132404794608409,0.332677165354331,TRUE,1,110
LGG,7,1.30775981322939e-05,0.323529411764706,TRUE,2,110
SKCM,6,0.00172305398962525,0.178823529411765,TRUE,3,110
UCEC,5,0.00484243497703818,0.499032882011605,TRUE,4,110
HNSC,4,0.012061808841184,0.359922178988327,TRUE,5,110
LUAD,3,0.00158804988676198,0.442655935613682,TRUE,6,110
STAD,3,0.00626616920755918,0.394329896907216,TRUE,7,110
KIRP,6,0.50992462573112,0.489285714285714,FALSE,8,110
BLCA,5,0.634757440161829,0.214814814814815,FALSE,9,110
LIHC,4,0.0545467999915709,0.305555555555556,FALSE,10,110
LAML,4,0.232413437816703,0.315436241610738,FALSE,11,110
COADREAD,4,0.378906229495096,0.208480565371025,FALSE,12,110
PAAD,3,7.37228169811477e-05,0.0568181818181818,FALSE,13,110
CESC,3,0.908658017172583,0.263345195729537,FALSE,14,110
BRCA,3,0.921737862639327,0.273152478952292,FALSE,15,110
SARC,2,0.808509312899163,0.454545454545455,FALSE,16,110
OV,1,0.297109905166454,0.301003344481605,FALSE,17,110
GBM,1,0.376087301240966,0.383116883116883,FALSE,18,110
ESCA,1,0.938183625516344,0.453038674033149,FALSE,19,110
LUSC,1,0.941844490743062,0.247379454926625,FALSE,20,110
KIRC,9,0.00174455117894479,0.372047244094488,TRUE,1,111
BLCA,5,0.0355537465110121,0.481481481481482,TRUE,2,111
OV,2,0.0434749131621356,0.40133779264214,TRUE,3,111
LGG,10,0.0504891334689871,0.358823529411765,FALSE,4,111
SKCM,7,0.000131774471922363,0.134117647058824,FALSE,5,111
UCEC,7,0.759326721583223,0.398452611218569,FALSE,6,111
PAAD,6,0.00853621967828677,0.107954545454545,FALSE,7,111
SARC,6,0.461032149899601,0.486166007905138,FALSE,8,111
GBM,5,0.212458696051237,0.0974025974025974,FALSE,9,111
KIRP,5,0.472065462579657,0.367857142857143,FALSE,10,111
HNSC,5,0.956202878754605,0.212062256809339,FALSE,11,111
LAML,3,0.316658736174814,0.402684563758389,FALSE,12,111
CESC,2,0.117295043238025,0.227758007117438,FALSE,13,111
BRCA,2,0.370693285580564,0.416276894293732,FALSE,14,111
COADREAD,2,0.738618232968879,0.291519434628975,FALSE,15,111
LIHC,2,0.924240700534932,0.372222222222222,FALSE,16,111
LUSC,1,0.102101506830353,0.278825995807128,FALSE,17,111
LUAD,1,0.126776694291294,0.114688128772636,FALSE,18,111
STAD,0,0.189974782290389,0.275773195876289,FALSE,19,111
ESCA,0,0.519195480794898,0.397790055248619,FALSE,20,111
LGG,16,3.33066907387547e-16,0.176470588235294,TRUE,1,112
SKCM,5,0.0110514703415372,0.207058823529412,TRUE,2,112
LUAD,4,0.0468280873399233,0.289738430583501,TRUE,3,112
PAAD,8,0.0028249623811788,0.0340909090909091,FALSE,4,112
LAML,7,0.102263597392197,0.369127516778524,FALSE,5,112
KIRC,7,0.562365142269494,0.0236220472440945,FALSE,6,112
BLCA,5,0.138954152193276,0.350617283950617,FALSE,7,112
KIRP,5,0.701425304596565,0.428571428571429,FALSE,8,112
COADREAD,4,0.152897906179219,0.252650176678445,FALSE,9,112
UCEC,3,0.0394601860780673,0.13926499032882,FALSE,10,112
CESC,3,0.259864231594316,0.174377224199288,FALSE,11,112
SARC,2,0.0795701289920621,0.328063241106719,FALSE,12,112
STAD,2,0.292204496010235,0.430412371134021,FALSE,13,112
HNSC,2,0.292982284347349,0.315175097276265,FALSE,14,112
OV,2,0.345384809782067,0.317725752508361,FALSE,15,112
GBM,2,0.490365268704432,0.012987012987013,FALSE,16,112
LUSC,1,0.082736952025488,0.270440251572327,FALSE,17,112
LIHC,1,0.536937243665257,0.227777777777778,FALSE,18,112
BRCA,1,0.568927076494362,0.385406922357343,FALSE,19,112
ESCA,1,0.920903444777542,0.441988950276243,FALSE,20,112
LGG,10,0.000104400963036211,0.392156862745098,TRUE,1,113
SKCM,3,0.000308247519364868,0.155294117647059,TRUE,2,113
PAAD,12,0.000422476253772119,0.0454545454545455,FALSE,3,113
LAML,8,0.0734739448487958,0.100671140939597,FALSE,4,113
KIRC,8,0.230491258621104,0.248031496062992,FALSE,5,113
UCEC,6,0.492984161199504,0.160541586073501,FALSE,6,113
COADREAD,5,0.000659266740033915,0.143109540636042,FALSE,7,113
BRCA,4,0.352127358787362,0.242282507015903,FALSE,8,113
STAD,3,0.0631804880827303,0.185567010309278,FALSE,9,113
KIRP,3,0.0905246973881234,0.207142857142857,FALSE,10,113
SARC,3,0.300045040740315,0.0948616600790514,FALSE,11,113
OV,2,0.434712334275803,0.408026755852843,FALSE,12,113
HNSC,2,0.455035303070078,0.0894941634241245,FALSE,13,113
ESCA,2,0.610164095901273,0.132596685082873,FALSE,14,113
LIHC,2,0.693295640367284,0.180555555555556,FALSE,15,113
LUAD,2,0.995189725527999,0.227364185110664,FALSE,16,113
CESC,1,0.440105668891485,0.177935943060498,FALSE,17,113
GBM,1,0.494885041149527,0.00649350649350649,FALSE,18,113
BLCA,1,0.894648750325914,0.246913580246914,FALSE,19,113
LUSC,0,0.929101412758418,0.335429769392034,FALSE,20,113
LGG,8,0.0282490446595795,0.405882352941176,TRUE,1,114
KIRC,7,5.0984346368077e-05,0.374015748031496,TRUE,2,114
SKCM,6,4.79145733446318e-05,0.162352941176471,TRUE,3,114
UCEC,6,0.0605537356926935,0.359767891682785,FALSE,4,114
LUAD,6,0.185486868214484,0.209255533199195,FALSE,5,114
KIRP,5,0.425100906340715,0.482142857142857,FALSE,6,114
PAAD,5,0.732038968177284,0.397727272727273,FALSE,7,114
CESC,4,0.125202567247736,0.295373665480427,FALSE,8,114
GBM,4,0.336893464862667,0.467532467532468,FALSE,9,114
LAML,4,0.361740607924835,0.476510067114094,FALSE,10,114
HNSC,3,0.0616539120808844,0.315175097276265,FALSE,11,114
COADREAD,3,0.0703240189021731,0.477031802120141,FALSE,12,114
BRCA,3,0.206120661874968,0.296538821328344,FALSE,13,114
LIHC,3,0.326098558498499,0.425,FALSE,14,114
STAD,3,0.711824745622309,0.332474226804124,FALSE,15,114
OV,2,0.0589962867640996,0.25752508361204,FALSE,16,114
SARC,2,0.189925868041762,0.363636363636364,FALSE,17,114
BLCA,1,0.368649922001503,0.338271604938272,FALSE,18,114
LUSC,1,0.427497415182485,0.49685534591195,FALSE,19,114
ESCA,0,0.720421456687519,0.392265193370166,FALSE,20,114
SKCM,8,0.00660152280615844,0.188235294117647,TRUE,1,115
KIRC,7,2.65923609169549e-05,0.360236220472441,TRUE,2,115
LUAD,4,0.00750371091238433,0.458752515090543,TRUE,3,115
LIHC,4,0.0230492675617797,0.391666666666667,TRUE,4,115
PAAD,11,0.000422476253772119,0.0454545454545455,FALSE,5,115
LGG,10,0.314732229792697,0.0980392156862745,FALSE,6,115
UCEC,8,0.43425277926332,0.344294003868472,FALSE,7,115
KIRP,8,0.596949330370826,0.414285714285714,FALSE,8,115
SARC,7,0.0694003217567749,0.399209486166008,FALSE,9,115
BRCA,5,0.474224290855512,0.432179607109448,FALSE,10,115
LAML,4,0.439234007142878,0.409395973154362,FALSE,11,115
GBM,3,0.417787647444325,0.214285714285714,FALSE,12,115
OV,3,0.444126547653982,0.488294314381271,FALSE,13,115
COADREAD,3,0.979939808252137,0.404593639575972,FALSE,14,115
STAD,2,0.13544678269473,0.40979381443299,FALSE,15,115
BLCA,2,0.610662682566872,0.464197530864198,FALSE,16,115
ESCA,2,0.72750390191072,0.486187845303867,FALSE,17,115
HNSC,2,0.922723024425664,0.243190661478599,FALSE,18,115
CESC,1,0.0164440169762807,0.341637010676157,FALSE,19,115
LUSC,0,0.19622606497531,0.324947589098533,FALSE,20,115
KIRC,11,0.000854705694723457,0.330708661417323,TRUE,1,116
STAD,3,0.0281424395554555,0.283505154639175,TRUE,2,116
LGG,11,0.304903627959968,0.347058823529412,FALSE,3,116
KIRP,9,0.495587443026832,0.396428571428571,FALSE,4,116
PAAD,8,0.0797836043732361,0.380681818181818,FALSE,5,116
BLCA,7,0.358010442844342,0.395061728395062,FALSE,6,116
COADREAD,6,0.0974593987716018,0.478798586572438,FALSE,7,116
UCEC,6,0.648749877588211,0.37330754352031,FALSE,8,116
SKCM,5,0.340539775408138,0.334117647058824,FALSE,9,116
LAML,5,0.597079972015934,0.476510067114094,FALSE,10,116
LUAD,4,0.435269018931779,0.44466800804829,FALSE,11,116
HNSC,3,0.755497029911325,0.247081712062257,FALSE,12,116
OV,2,0.107715830704302,0.384615384615385,FALSE,13,116
GBM,2,0.166349967804199,0.5,FALSE,14,116
SARC,2,0.643540103705651,0.434782608695652,FALSE,15,116
LIHC,2,0.707494164326161,0.458333333333333,FALSE,16,116
CESC,2,0.775327074597396,0.395017793594306,FALSE,17,116
LUSC,1,0.0493872348122457,0.454926624737946,FALSE,18,116
BRCA,1,0.457381928324181,0.340505144995323,FALSE,19,116
ESCA,1,0.954094617876094,0.497237569060774,FALSE,20,116
LGG,11,0.0253089901601717,0.43921568627451,TRUE,1,117
KIRC,10,3.12339186736565e-08,0.346456692913386,TRUE,2,117
COADREAD,5,0.0169003909085753,0.420494699646643,TRUE,3,117
SKCM,4,0.0139593812205467,0.364705882352941,TRUE,4,117
LAML,4,0.0457820213877239,0.375838926174497,TRUE,5,117
HNSC,3,0.00900859597143489,0.33852140077821,TRUE,6,117
BLCA,2,0.0126817116127009,0.45679012345679,TRUE,7,117
PAAD,12,0.000210827668001401,0.0511363636363636,FALSE,8,117
KIRP,6,0.0510428192715073,0.421428571428571,FALSE,9,117
LIHC,6,0.486032482350907,0.480555555555556,FALSE,10,117
OV,4,0.0864462268622932,0.301003344481605,FALSE,11,117
GBM,4,0.321530642213353,0.376623376623377,FALSE,12,117
BRCA,3,0.232706915606441,0.336763330215154,FALSE,13,117
STAD,3,0.246369643836102,0.27319587628866,FALSE,14,117
SARC,3,0.320661701055659,0.383399209486166,FALSE,15,117
LUAD,3,0.427740223389173,0.460764587525151,FALSE,16,117
CESC,2,0.253107452176582,0.416370106761566,FALSE,17,117
UCEC,2,0.590559251272893,0.00193423597678917,FALSE,18,117
ESCA,0,0.43421560128118,0.325966850828729,FALSE,19,117
LUSC,0,0.728380916703299,0.368972746331237,FALSE,20,117
KIRC,13,1.67895075553481e-06,0.405511811023622,TRUE,1,118
LGG,13,0.000181035780722483,0.350980392156863,TRUE,2,118
KIRP,8,0.00327484491554753,0.328571428571429,TRUE,3,118
OV,2,0.0222325283307284,0.421404682274248,TRUE,4,118
SKCM,7,0.61259989739215,0.350588235294118,FALSE,5,118
BLCA,6,0.322474127455198,0.345679012345679,FALSE,6,118
LIHC,5,0.255097670975647,0.425,FALSE,7,118
LAML,4,0.112471514677426,0.36241610738255,FALSE,8,118
SARC,4,0.116813887853304,0.260869565217391,FALSE,9,118
PAAD,4,0.393906470841617,0.454545454545455,FALSE,10,118
UCEC,3,0.0940535474831294,0.375241779497099,FALSE,11,118
COADREAD,3,0.126359459253821,0.261484098939929,FALSE,12,118
HNSC,3,0.615812301577206,0.377431906614786,FALSE,13,118
GBM,3,0.653506986248807,0.493506493506494,FALSE,14,118
STAD,2,0.184924532079393,0.474226804123711,FALSE,15,118
CESC,2,0.67046977845733,0.181494661921708,FALSE,16,118
LUAD,2,0.906988831746628,0.48692152917505,FALSE,17,118
BRCA,1,0.947509014512529,0.274087932647334,FALSE,18,118
LUSC,0,0.434373223241718,0.459119496855346,FALSE,19,118
ESCA,0,0.465758089611345,0.375690607734807,FALSE,20,118
LGG,11,0.000190887405842943,0.407843137254902,TRUE,1,119
KIRC,10,4.2623637952488e-10,0.214566929133858,TRUE,2,119
LAML,6,0.02248301185826,0.315436241610738,TRUE,3,119
LIHC,6,0.0369797728552034,0.408333333333333,TRUE,4,119
CESC,5,0.0413279564955508,0.249110320284698,TRUE,5,119
COADREAD,4,0.00184546158532573,0.321554770318021,TRUE,6,119
SKCM,12,0.00123711046451436,0.122352941176471,FALSE,7,119
KIRP,7,0.194827689266321,0.175,FALSE,8,119
SARC,6,0.172096975525293,0.446640316205534,FALSE,9,119
PAAD,5,0.0556699126751858,0.295454545454545,FALSE,10,119
HNSC,5,0.616756331338075,0.262645914396887,FALSE,11,119
UCEC,3,0.176306892978428,0.361702127659575,FALSE,12,119
BRCA,3,0.947310816194821,0.356407857811038,FALSE,13,119
BLCA,2,0.321362827181752,0.459259259259259,FALSE,14,119
STAD,2,0.327415488691817,0.396907216494845,FALSE,15,119
ESCA,2,0.619584314434351,0.292817679558011,FALSE,16,119
LUAD,1,0.118180855894249,0.390342052313883,FALSE,17,119
OV,0,0.229938457181618,0.260869565217391,FALSE,18,119
LUSC,0,0.430829826003609,0.39622641509434,FALSE,19,119
GBM,0,0.958122134739411,0.350649350649351,FALSE,20,119
KIRC,14,9.70176161629865e-11,0.309055118110236,TRUE,1,120
LGG,12,6.45071673854858e-09,0.337254901960784,TRUE,2,120
SKCM,10,0.000462723119980635,0.482352941176471,TRUE,3,120
LUAD,5,0.0100857253206421,0.398390342052314,TRUE,4,120
OV,2,0.0276882699942242,0.418060200668896,TRUE,5,120
UCEC,8,0.118514714130796,0.404255319148936,FALSE,6,120
PAAD,7,0.000422476253772119,0.0454545454545455,FALSE,7,120
KIRP,5,0.0520902536992023,0.464285714285714,FALSE,8,120
LIHC,4,0.158080688973083,0.158333333333333,FALSE,9,120
LUSC,4,0.217232626901478,0.310272536687631,FALSE,10,120
STAD,4,0.563086154093259,0.443298969072165,FALSE,11,120
BLCA,3,0.339900552787883,0.419753086419753,FALSE,12,120
LAML,3,0.414790772247986,0.288590604026846,FALSE,13,120
COADREAD,3,0.504786206411963,0.3886925795053,FALSE,14,120
BRCA,2,0.343671140716295,0.461178671655753,FALSE,15,120
SARC,2,0.449046688683369,0.41501976284585,FALSE,16,120
CESC,2,0.5349704380595,0.209964412811388,FALSE,17,120
HNSC,2,0.884321452861163,0.496108949416342,FALSE,18,120
GBM,2,0.931854699022772,0.272727272727273,FALSE,19,120
ESCA,0,0.434833632831893,0.259668508287293,FALSE,20,120
LUAD,7,6.02590428294691e-05,0.408450704225352,TRUE,1,121
BLCA,6,0.00567428111059809,0.385185185185185,TRUE,2,121
STAD,6,0.0116830255117271,0.286082474226804,TRUE,3,121
LIHC,6,0.0158706806714324,0.280555555555556,TRUE,4,121
UCEC,5,0.0292731488478253,0.429400386847195,TRUE,5,121
HNSC,4,0.0139213193480386,0.284046692607004,TRUE,6,121
LGG,12,0.298952876216759,0.105882352941176,FALSE,7,121
KIRC,10,0.167051511839144,0.0275590551181102,FALSE,8,121
SARC,6,0.214209992643,0.403162055335968,FALSE,9,121
PAAD,5,0.000192416576379584,0.0795454545454545,FALSE,10,121
KIRP,4,0.21580195394419,0.45,FALSE,11,121
LAML,2,0.128880324723464,0.389261744966443,FALSE,12,121
OV,2,0.237149767224309,0.471571906354515,FALSE,13,121
GBM,2,0.27796212900736,0.266233766233766,FALSE,14,121
ESCA,2,0.511135099393824,0.497237569060774,FALSE,15,121
SKCM,2,0.57290572319798,0.336470588235294,FALSE,16,121
COADREAD,1,0.0464075010683738,0.203180212014134,FALSE,17,121
BRCA,1,0.677246816273837,0.407857811038354,FALSE,18,121
CESC,1,0.859813326734457,0.345195729537367,FALSE,19,121
LUSC,0,0.762233549715198,0.381551362683438,FALSE,20,121
LGG,13,5.80194758903474e-09,0.284313725490196,TRUE,1,122
KIRC,13,2.51880832857765e-08,0.242125984251968,TRUE,2,122
SKCM,5,0.00427568611224693,0.442352941176471,TRUE,3,122
BLCA,4,0.0229530859958839,0.459259259259259,TRUE,4,122
LUAD,2,0.0318197659646731,0.434607645875252,TRUE,5,122
PAAD,9,0.109120776008522,0.443181818181818,FALSE,6,122
SARC,8,0.887912832748452,0.434782608695652,FALSE,7,122
LAML,6,0.162851362162311,0.348993288590604,FALSE,8,122
COADREAD,4,0.320818128913202,0.132508833922262,FALSE,9,122
UCEC,4,0.483254786098126,0.444874274661509,FALSE,10,122
KIRP,4,0.710992470568046,0.371428571428571,FALSE,11,122
BRCA,3,0.0724226466703541,0.349859681945744,FALSE,12,122
LIHC,3,0.829628980122978,0.325,FALSE,13,122
HNSC,3,0.83713638239826,0.392996108949416,FALSE,14,122
OV,2,0.077369549607561,0.344481605351171,FALSE,15,122
STAD,2,0.46222739419748,0.13659793814433,FALSE,16,122
GBM,2,0.475170812991983,0.253246753246753,FALSE,17,122
CESC,1,0.0619199193236266,0.387900355871886,FALSE,18,122
LUSC,1,0.310106320089772,0.408805031446541,FALSE,19,122
ESCA,1,0.48311131349068,0.419889502762431,FALSE,20,122
LGG,8,0.00736213852692402,0.431372549019608,TRUE,1,123
KIRC,7,0.0442370912535526,0.401574803149606,TRUE,2,123
LAML,3,0.000625096869266706,0.463087248322148,TRUE,3,123
CESC,3,0.0161977236411894,0.451957295373665,TRUE,4,123
COADREAD,3,0.0480779318320246,0.42756183745583,TRUE,5,123
LIHC,2,0.00381994283188258,0.458333333333333,TRUE,6,123
BRCA,2,0.0208002697092103,0.436856875584659,TRUE,7,123
UCEC,8,0.243180877650584,0.321083172147002,FALSE,8,123
HNSC,7,0.924459300007269,0.0972762645914397,FALSE,9,123
PAAD,6,0.000422476253772119,0.0454545454545455,FALSE,10,123
KIRP,5,0.361451395514312,0.457142857142857,FALSE,11,123
SKCM,4,0.189823301407687,0.247058823529412,FALSE,12,123
SARC,3,0.0761156201131325,0.339920948616601,FALSE,13,123
LUAD,3,0.554722177695276,0.197183098591549,FALSE,14,123
BLCA,3,0.832864576547696,0.449382716049383,FALSE,15,123
STAD,1,0.118535706406334,0.350515463917526,FALSE,16,123
ESCA,1,0.232383077798621,0.408839779005525,FALSE,17,123
GBM,1,0.33063158870639,0.396103896103896,FALSE,18,123
OV,1,0.336885884003745,0.381270903010033,FALSE,19,123
LUSC,1,0.697301376687283,0.454926624737946,FALSE,20,123
KIRC,11,0.000506224400634192,0.338582677165354,TRUE,1,124
SKCM,8,0.000361535932278834,0.169411764705882,TRUE,2,124
LAML,2,0.0145873445567724,0.295302013422819,TRUE,3,124
LGG,10,0.762698483340293,0.32156862745098,FALSE,4,124
PAAD,8,0.000422476253772119,0.0454545454545455,FALSE,5,124
LUAD,7,0.859356451214051,0.438631790744467,FALSE,6,124
HNSC,6,0.598528879800601,0.464980544747082,FALSE,7,124
UCEC,6,0.949287787778471,0.323017408123791,FALSE,8,124
KIRP,5,0.340943696543942,0.425,FALSE,9,124
COADREAD,5,0.94968087166191,0.482332155477032,FALSE,10,124
SARC,4,0.539164667186516,0.387351778656126,FALSE,11,124
CESC,3,0.0976239317763856,0.241992882562278,FALSE,12,124
GBM,3,0.331205738723529,0.422077922077922,FALSE,13,124
BLCA,3,0.480239732526085,0.451851851851852,FALSE,14,124
STAD,3,0.608935141059389,0.154639175257732,FALSE,15,124
BRCA,2,0.17162719292237,0.376052385406922,FALSE,16,124
OV,2,0.520906239754514,0.408026755852843,FALSE,17,124
ESCA,1,0.27793191010924,0.375690607734807,FALSE,18,124
LUSC,1,0.300393551707267,0.433962264150943,FALSE,19,124
LIHC,1,0.648236160415158,0.458333333333333,FALSE,20,124
KIRC,10,9.40990518838447e-09,0.179133858267717,TRUE,1,125
LIHC,5,0.00026010872738591,0.363888888888889,TRUE,2,125
SKCM,5,0.00301666990214688,0.28,TRUE,3,125
COADREAD,4,0.0443624125491513,0.379858657243816,TRUE,4,125
LGG,12,0.304687136223567,0.415686274509804,FALSE,5,125
PAAD,9,0.0011781756195185,0.0511363636363636,FALSE,6,125
KIRP,8,0.179811759237174,0.371428571428571,FALSE,7,125
LUSC,5,0.31841749654102,0.253668763102725,FALSE,8,125
BLCA,5,0.371685606130353,0.227160493827161,FALSE,9,125
SARC,4,0.610478160336835,0.312252964426877,FALSE,10,125
LAML,3,0.156253423026623,0.315436241610738,FALSE,11,125
CESC,3,0.303146653273163,0.199288256227758,FALSE,12,125
UCEC,3,0.475203121496899,0.309477756286267,FALSE,13,125
GBM,3,0.519010583380084,0.188311688311688,FALSE,14,125
LUAD,3,0.629951816733439,0.10261569416499,FALSE,15,125
BRCA,3,0.805790153689369,0.27221702525725,FALSE,16,125
STAD,2,0.458540013406074,0.45360824742268,FALSE,17,125
HNSC,2,0.681869468360614,0.0992217898832685,FALSE,18,125
ESCA,1,0.319392013963906,0.430939226519337,FALSE,19,125
OV,0,0.922588771818009,0.404682274247492,FALSE,20,125
KIRC,15,6.58212734094832e-07,0.297244094488189,TRUE,1,126
LGG,11,9.55274013042517e-05,0.488235294117647,TRUE,2,126
SKCM,7,0.000399441164859571,0.183529411764706,TRUE,3,126
PAAD,7,0.781676150155105,0.392045454545455,FALSE,4,126
BLCA,5,0.463196878399556,0.375308641975309,FALSE,5,126
SARC,5,0.522072282864321,0.399209486166008,FALSE,6,126
CESC,4,0.0750639580511143,0.199288256227758,FALSE,7,126
UCEC,4,0.458336061564947,0.270793036750484,FALSE,8,126
LAML,3,0.348363497739092,0.369127516778524,FALSE,9,126
BRCA,3,0.499760682057173,0.364826941066417,FALSE,10,126
LIHC,3,0.68024176358711,0.333333333333333,FALSE,11,126
HNSC,2,0.543569295244368,0.0894941634241245,FALSE,12,126
GBM,2,0.896720621099215,0.25974025974026,FALSE,13,126
COADREAD,2,0.916148563110692,0.0653710247349823,FALSE,14,126
STAD,2,0.959667117609987,0.347938144329897,FALSE,15,126
KIRP,2,0.97103859672682,0.371428571428571,FALSE,16,126
LUAD,1,0.140966877006794,0.48692152917505,FALSE,17,126
LUSC,1,0.395720284448279,0.463312368972746,FALSE,18,126
ESCA,1,0.519280247578288,0.430939226519337,FALSE,19,126
OV,0,0.2291303504891,0.454849498327759,FALSE,20,126
LGG,11,1.24256826716795e-07,0.470588235294118,TRUE,1,127
KIRC,8,3.61044527608101e-13,0.244094488188976,TRUE,2,127
PAAD,7,0.0364542920394502,0.3125,TRUE,3,127
OV,5,0.0244450283246539,0.448160535117057,TRUE,4,127
CESC,2,0.0211834189244356,0.153024911032029,TRUE,5,127
UCEC,7,0.182295179985753,0.328820116054159,FALSE,6,127
KIRP,5,0.0915594355929244,0.303571428571429,FALSE,7,127
LIHC,5,0.139201518425793,0.4,FALSE,8,127
BLCA,4,0.724286282710573,0.180246913580247,FALSE,9,127
STAD,3,0.206154176662772,0.0824742268041237,FALSE,10,127
HNSC,3,0.47178686692719,0.0933852140077821,FALSE,11,127
COADREAD,3,0.698723415375472,0.203180212014134,FALSE,12,127
SKCM,3,0.70991521670575,0.301176470588235,FALSE,13,127
LUAD,2,0.0819766225068934,0.496981891348089,FALSE,14,127
SARC,2,0.257952280979789,0.411067193675889,FALSE,15,127
LAML,2,0.343777217005302,0.416107382550336,FALSE,16,127
GBM,1,0.295291802677267,0.207792207792208,FALSE,17,127
ESCA,1,0.582649260549632,0.331491712707182,FALSE,18,127
LUSC,0,0.420736501651278,0.29559748427673,FALSE,19,127
BRCA,0,0.604875416267873,0.284377923292797,FALSE,20,127
LUAD,8,0.00805217382221835,0.251509054325956,TRUE,1,128
SKCM,5,0.000755556239969923,0.152941176470588,TRUE,2,128
ESCA,2,0.0438278669940662,0.353591160220994,TRUE,3,128
LGG,15,0.0844868402350061,0.207843137254902,FALSE,4,128
PAAD,11,0.00796979085990035,0.113636363636364,FALSE,5,128
KIRC,11,0.0818219744438674,0.383858267716535,FALSE,6,128
KIRP,9,0.144302959749397,0.460714285714286,FALSE,7,128
BLCA,5,0.422086816487234,0.417283950617284,FALSE,8,128
SARC,5,0.617557204926735,0.241106719367589,FALSE,9,128
UCEC,5,0.95488909369135,0.282398452611219,FALSE,10,128
BRCA,4,0.139745225697827,0.274087932647334,FALSE,11,128
LIHC,4,0.344090355666716,0.297222222222222,FALSE,12,128
LAML,4,0.384340849235914,0.416107382550336,FALSE,13,128
HNSC,4,0.702431718419549,0.171206225680934,FALSE,14,128
CESC,3,0.216814067963726,0.117437722419929,FALSE,15,128
GBM,2,0.250031434562794,0.214285714285714,FALSE,16,128
OV,1,0.037928035613052,0.250836120401338,FALSE,17,128
LUSC,0,0.592341213489906,0.425576519916143,FALSE,18,128
COADREAD,0,0.803345481254814,0.49469964664311,FALSE,19,128
STAD,0,0.990456665528893,0.376288659793814,FALSE,20,128
KIRC,13,0,0.187007874015748,TRUE,1,129
LGG,13,1.5406009801211e-11,0.192156862745098,TRUE,2,129
BLCA,7,0.0049272257174191,0.350617283950617,TRUE,3,129
LIHC,6,0.00124574733659943,0.202777777777778,TRUE,4,129
CESC,3,0.0223031837625368,0.291814946619217,TRUE,5,129
PAAD,6,0.188841011214779,0.363636363636364,FALSE,6,129
UCEC,5,0.342466388423794,0.224371373307544,FALSE,7,129
SARC,5,0.374536641965472,0.347826086956522,FALSE,8,129
COADREAD,4,0.0828580437667462,0.166077738515901,FALSE,9,129
SKCM,4,0.0907377272044643,0.277647058823529,FALSE,10,129
LUAD,4,0.291934485569871,0.317907444668008,FALSE,11,129
KIRP,4,0.738632443160634,0.164285714285714,FALSE,12,129
STAD,3,0.0655061449783881,0.40979381443299,FALSE,13,129
OV,3,0.289017550690071,0.364548494983278,FALSE,14,129
BRCA,3,0.532232238901455,0.204864359214219,FALSE,15,129
LAML,2,0.747142400193474,0.436241610738255,FALSE,16,129
GBM,1,0.0844202319099554,0.474025974025974,FALSE,17,129
LUSC,1,0.366975437690398,0.354297693920335,FALSE,18,129
HNSC,1,0.451995889720936,0.32295719844358,FALSE,19,129
ESCA,0,0.460431922704616,0.491712707182321,FALSE,20,129
KIRC,9,1.56235347903433e-06,0.354330708661417,TRUE,1,130
PAAD,9,0.013871324856753,0.363636363636364,TRUE,2,130
LUAD,6,0.0335580261123155,0.390342052313883,TRUE,3,130
BLCA,5,0.0076413870715949,0.261728395061728,TRUE,4,130
COADREAD,3,0.00352850663853799,0.307420494699647,TRUE,5,130
LGG,11,0.657665119990456,0.47843137254902,FALSE,6,130
KIRP,5,0.388453032530969,0.267857142857143,FALSE,7,130
SKCM,5,0.495630734128756,0.371764705882353,FALSE,8,130
SARC,5,0.790884356460454,0.324110671936759,FALSE,9,130
STAD,4,0.146830429516933,0.376288659793814,FALSE,10,130
GBM,4,0.289571054493737,0.220779220779221,FALSE,11,130
BRCA,4,0.720181143930003,0.275958840037418,FALSE,12,130
LAML,4,0.927353301412055,0.48993288590604,FALSE,13,130
UCEC,3,0.130389190050756,0.321083172147002,FALSE,14,130
CESC,3,0.498246042665093,0.334519572953737,FALSE,15,130
LIHC,2,0.500093729227602,0.45,FALSE,16,130
HNSC,2,0.570823496892736,0.25875486381323,FALSE,17,130
ESCA,2,0.991552552837572,0.419889502762431,FALSE,18,130
LUSC,1,0.153325040717168,0.39832285115304,FALSE,19,130
OV,0,0.589688306823442,0.193979933110368,FALSE,20,130
KIRC,13,4.97917613310195e-05,0.348425196850394,TRUE,1,131
LGG,11,9.19975334578993e-07,0.370588235294118,TRUE,2,131
SKCM,6,0.00586870760075142,0.16,TRUE,3,131
LAML,5,0.0279458657957589,0.328859060402685,TRUE,4,131
BLCA,9,0.149307191935384,0.407407407407407,FALSE,5,131
KIRP,8,0.189048455668174,0.453571428571429,FALSE,6,131
STAD,6,0.0687202302527937,0.262886597938144,FALSE,7,131
UCEC,6,0.17365141637748,0.468085106382979,FALSE,8,131
LIHC,5,0.146423323686101,0.363888888888889,FALSE,9,131
LUSC,4,0.100240545161652,0.339622641509434,FALSE,10,131
OV,4,0.187038686464438,0.301003344481605,FALSE,11,131
LUAD,4,0.361809493490112,0.390342052313883,FALSE,12,131
PAAD,4,0.54745054424938,0.488636363636364,FALSE,13,131
CESC,3,0.241797347266729,0.213523131672598,FALSE,14,131
HNSC,3,0.337894360396494,0.1284046692607,FALSE,15,131
SARC,2,0.326458391009971,0.209486166007905,FALSE,16,131
GBM,2,0.45956151819688,0.253246753246753,FALSE,17,131
BRCA,2,0.558650895809715,0.21421889616464,FALSE,18,131
COADREAD,2,0.804158304558744,0.282685512367491,FALSE,19,131
ESCA,1,0.183798766051623,0.458563535911602,FALSE,20,131
LGG,13,5.55111512312578e-16,0.184313725490196,TRUE,1,132
KIRC,10,1.74281734266479e-07,0.220472440944882,TRUE,2,132
BLCA,6,0.00322039552943354,0.464197530864198,TRUE,3,132
PAAD,6,0.00620333289941966,0.494318181818182,TRUE,4,132
UCEC,6,0.0402627448991079,0.317214700193424,TRUE,5,132
SKCM,4,0.013647170114284,0.197647058823529,TRUE,6,132
STAD,3,0.0401550325888055,0.154639175257732,TRUE,7,132
KIRP,7,0.331549257990472,0.275,FALSE,8,132
BRCA,6,0.804457820723427,0.150608044901777,FALSE,9,132
LUAD,5,0.0432208981795826,0.0905432595573441,FALSE,10,132
CESC,5,0.132686306979772,0.302491103202847,FALSE,11,132
SARC,5,0.546852107471003,0.221343873517787,FALSE,12,132
LAML,4,0.122419448544325,0.25503355704698,FALSE,13,132
LIHC,4,0.97859022907026,0.180555555555556,FALSE,14,132
ESCA,4,0.994301072897153,0.497237569060774,FALSE,15,132
HNSC,3,0.280676476685032,0.350194552529183,FALSE,16,132
GBM,3,0.854902897728951,0.175324675324675,FALSE,17,132
OV,3,0.90003877229704,0.341137123745819,FALSE,18,132
LUSC,1,0.176223511067568,0.222222222222222,FALSE,19,132
COADREAD,1,0.795344057681588,0.431095406360424,FALSE,20,132
LGG,12,1.68476183204369e-06,0.268627450980392,TRUE,1,133
KIRC,12,1.79897977337085e-06,0.301181102362205,TRUE,2,133
UCEC,4,0.0113392533136761,0.342359767891683,TRUE,3,133
STAD,3,0.0363023068937552,0.234536082474227,TRUE,4,133
LUSC,2,0.0374600656990778,0.324947589098533,TRUE,5,133
SKCM,11,0.279879553454275,0.265882352941176,FALSE,6,133
PAAD,11,0.571939004474975,0.460227272727273,FALSE,7,133
HNSC,6,0.0320865706625956,0.0836575875486381,FALSE,8,133
LUAD,5,0.0792057145215016,0.468812877263582,FALSE,9,133
BLCA,5,0.096529162153163,0.259259259259259,FALSE,10,133
KIRP,5,0.404545973045349,0.364285714285714,FALSE,11,133
LAML,5,0.60676729805514,0.308724832214765,FALSE,12,133
LIHC,5,0.917065350648766,0.283333333333333,FALSE,13,133
BRCA,4,0.112170813267124,0.284377923292797,FALSE,14,133
CESC,3,0.0544706347461598,0.323843416370107,FALSE,15,133
SARC,3,0.0730807359046363,0.324110671936759,FALSE,16,133
COADREAD,3,0.385853495071863,0.371024734982332,FALSE,17,133
GBM,2,0.238752827567604,0.422077922077922,FALSE,18,133
ESCA,1,0.654199181823065,0.453038674033149,FALSE,19,133
OV,1,0.948893377280253,0.411371237458194,FALSE,20,133
KIRC,13,7.0675292618283e-08,0.44488188976378,TRUE,1,134
LGG,11,3.87334981855059e-06,0.411764705882353,TRUE,2,134
LUAD,7,0.0184969920664143,0.434607645875252,TRUE,3,134
STAD,4,0.0100919681942393,0.34020618556701,TRUE,4,134
LUSC,3,0.0476561089011953,0.350104821802935,TRUE,5,134
BLCA,2,0.0484727743335186,0.498765432098765,TRUE,6,134
GBM,7,0.167202260907713,0.402597402597403,FALSE,7,134
KIRP,7,0.928319076860923,0.432142857142857,FALSE,8,134
PAAD,6,0.16207081127919,0.340909090909091,FALSE,9,134
SARC,6,0.63786514444532,0.426877470355731,FALSE,10,134
UCEC,6,0.811667280730162,0.359767891682785,FALSE,11,134
SKCM,5,0.444781596986785,0.407058823529412,FALSE,12,134
BRCA,4,0.196559209969549,0.391019644527596,FALSE,13,134
COADREAD,3,0.234625022230146,0.34452296819788,FALSE,14,134
HNSC,3,0.69994070628691,0.429961089494164,FALSE,15,134
LIHC,2,0.126452717704344,0.472222222222222,FALSE,16,134
LAML,1,0.130909750612815,0.416107382550336,FALSE,17,134
OV,1,0.22495041798608,0.374581939799331,FALSE,18,134
CESC,1,0.230774460791863,0.476868327402135,FALSE,19,134
ESCA,0,0.0947924267019193,0.403314917127072,FALSE,20,134
LGG,14,4.18554080283684e-13,0.235294117647059,TRUE,1,135
KIRC,12,0.000269778680378363,0.352362204724409,TRUE,2,135
GBM,9,0.0325289800613036,0.435064935064935,TRUE,3,135
LUAD,5,0.0172126758875367,0.364185110663984,TRUE,4,135
BLCA,4,0.0257352954767028,0.446913580246914,TRUE,5,135
SKCM,11,0.0741483175601305,0.0211764705882353,FALSE,6,135
PAAD,8,0.13734229069022,0.482954545454546,FALSE,7,135
KIRP,5,0.917101509201514,0.410714285714286,FALSE,8,135
LAML,4,0.124086182469372,0.449664429530201,FALSE,9,135
COADREAD,4,0.929242557056836,0.471731448763251,FALSE,10,135
UCEC,3,0.272110735134643,0.326885880077369,FALSE,11,135
LIHC,3,0.637288946393053,0.180555555555556,FALSE,12,135
HNSC,2,0.198863377308321,0.075875486381323,FALSE,13,135
SARC,2,0.779394259652175,0.256916996047431,FALSE,14,135
STAD,1,0.0256581830322797,0.167525773195876,FALSE,15,135
OV,0,0.240050508180713,0.357859531772575,FALSE,16,135
BRCA,0,0.446368047041665,0.140318054256314,FALSE,17,135
CESC,0,0.828580778809381,0.256227758007117,FALSE,18,135
ESCA,0,0.851525459980647,0.491712707182321,FALSE,19,135
LUSC,0,0.870310233350671,0.385744234800839,FALSE,20,135
KIRC,11,1.74632721616774e-08,0.188976377952756,TRUE,1,136
KIRP,9,9.91213856222917e-05,0.157142857142857,TRUE,2,136
LUAD,9,0.0230169055524775,0.287726358148893,TRUE,3,136
SKCM,8,7.44375878075632e-05,0.261176470588235,TRUE,4,136
HNSC,3,0.0243639187600531,0.340466926070039,TRUE,5,136
LGG,13,0.547245606371383,0.170588235294118,FALSE,6,136
PAAD,7,0.0580019907856764,0.482954545454546,FALSE,7,136
LIHC,6,0.000116439109891786,0.138888888888889,FALSE,8,136
SARC,6,0.0567495094737955,0.201581027667984,FALSE,9,136
UCEC,6,0.195791954797708,0.263056092843327,FALSE,10,136
BLCA,5,0.1462762395577,0.360493827160494,FALSE,11,136
GBM,3,0.092655287082411,0.37012987012987,FALSE,12,136
OV,2,0.0643892431436475,0.341137123745819,FALSE,13,136
ESCA,2,0.390570851049156,0.430939226519337,FALSE,14,136
COADREAD,2,0.431803022909878,0.464664310954064,FALSE,15,136
CESC,2,0.763876053669088,0.359430604982206,FALSE,16,136
BRCA,2,0.810796150277349,0.203928905519177,FALSE,17,136
STAD,1,0.0381915168299811,0.257731958762887,FALSE,18,136
LUSC,1,0.794827411617286,0.377358490566038,FALSE,19,136
LAML,1,0.800524988144624,0.281879194630873,FALSE,20,136
LGG,13,0.0165449334585216,0.394117647058824,TRUE,1,137
KIRC,11,0.000223402717845489,0.381889763779528,TRUE,2,137
CESC,7,0.0202754888213561,0.302491103202847,TRUE,3,137
BLCA,6,0.0298404068298347,0.392592592592593,TRUE,4,137
SKCM,6,0.0305040919934447,0.225882352941176,TRUE,5,137
PAAD,5,0.0243627679070205,0.176136363636364,TRUE,6,137
KIRP,3,0.0356820205107111,0.378571428571429,TRUE,7,137
COADREAD,5,0.506305844149351,0.265017667844523,FALSE,8,137
HNSC,4,0.399876606511841,0.208171206225681,FALSE,9,137
LIHC,4,0.525289096492187,0.330555555555556,FALSE,10,137
STAD,4,0.547602569222766,0.291237113402062,FALSE,11,137
SARC,4,0.735297650424604,0.268774703557312,FALSE,12,137
UCEC,4,0.923383769971238,0.421663442940039,FALSE,13,137
BRCA,3,0.109850864180337,0.275958840037418,FALSE,14,137
LUAD,2,0.172895981212753,0.122736418511066,FALSE,15,137
GBM,2,0.514142372698154,0.155844155844156,FALSE,16,137
LAML,2,0.728014194177146,0.261744966442953,FALSE,17,137
LUSC,1,0.00346006265060705,0.366876310272537,FALSE,18,137
ESCA,1,0.729278338526487,0.43646408839779,FALSE,19,137
OV,0,0.817187854116433,0.474916387959866,FALSE,20,137
LGG,12,6.35966528217402e-07,0.417647058823529,TRUE,1,138
KIRC,10,1.90858351345469e-09,0.267716535433071,TRUE,2,138
BLCA,6,0.0346977026391657,0.446913580246914,TRUE,3,138
GBM,8,0.515199895486784,0.292207792207792,FALSE,4,138
SKCM,7,0.129659219786318,0.341176470588235,FALSE,5,138
LIHC,7,0.395602215627879,0.211111111111111,FALSE,6,138
KIRP,6,0.403341697916968,0.317857142857143,FALSE,7,138
PAAD,5,0.0120389675439183,0.107954545454545,FALSE,8,138
STAD,3,0.127282569525557,0.373711340206186,FALSE,9,138
BRCA,3,0.638512054763066,0.311506080449018,FALSE,10,138
CESC,3,0.702330559845837,0.366548042704626,FALSE,11,138
UCEC,3,0.997446825813773,0.282398452611219,FALSE,12,138
LUAD,2,0.0551440208790822,0.331991951710262,FALSE,13,138
LAML,2,0.20646964984304,0.483221476510067,FALSE,14,138
COADREAD,2,0.388220337763768,0.212014134275618,FALSE,15,138
HNSC,2,0.771581799784762,0.157587548638132,FALSE,16,138
SARC,1,0.159357222682754,0.347826086956522,FALSE,17,138
OV,1,0.352615215893305,0.488294314381271,FALSE,18,138
LUSC,0,0.189708094762583,0.39622641509434,FALSE,19,138
ESCA,0,0.881452653132208,0.392265193370166,FALSE,20,138
LGG,11,8.34085729067846e-05,0.403921568627451,TRUE,1,139
KIRP,5,0.00398857197406211,0.360714285714286,TRUE,2,139
LAML,3,0.029915204765716,0.409395973154362,TRUE,3,139
KIRC,11,0.240933072847239,0.031496062992126,FALSE,4,139
PAAD,8,0.000422476253772119,0.0454545454545455,FALSE,5,139
SKCM,7,0.0053979749787948,0.117647058823529,FALSE,6,139
OV,5,0.316105257880543,0.31438127090301,FALSE,7,139
BRCA,5,0.473048894648166,0.413470533208606,FALSE,8,139
UCEC,4,0.541316012234175,0.25531914893617,FALSE,9,139
LUAD,3,0.251255055253651,0.104627766599598,FALSE,10,139
LUSC,3,0.261284911680598,0.316561844863732,FALSE,11,139
COADREAD,3,0.406833860172714,0.452296819787986,FALSE,12,139
CESC,2,0.132172424706127,0.252669039145908,FALSE,13,139
ESCA,2,0.356217557304336,0.38121546961326,FALSE,14,139
LIHC,2,0.685514086895894,0.213888888888889,FALSE,15,139
HNSC,2,0.739285888856526,0.130350194552529,FALSE,16,139
STAD,2,0.807154959066263,0.443298969072165,FALSE,17,139
BLCA,2,0.952988055810711,0.276543209876543,FALSE,18,139
GBM,1,0.0936392229208132,0.123376623376623,FALSE,19,139
SARC,1,0.60773708628258,0.0988142292490119,FALSE,20,139
LGG,15,9.91429160990265e-14,0.272549019607843,TRUE,1,140
KIRP,9,0.000616495502191783,0.342857142857143,TRUE,2,140
SKCM,4,0.000159768977341934,0.254117647058824,TRUE,3,140
COADREAD,3,0.000920260857305011,0.164310954063604,TRUE,4,140
LIHC,3,0.0354296188813118,0.391666666666667,TRUE,5,140
KIRC,8,0.493902906021793,0.0413385826771654,FALSE,6,140
PAAD,7,0.000422476253772119,0.0454545454545455,FALSE,7,140
UCEC,6,0.100196617594022,0.264990328820116,FALSE,8,140
LUAD,5,0.320332167912947,0.432595573440644,FALSE,9,140
BLCA,4,0.462232888232421,0.0740740740740741,FALSE,10,140
BRCA,3,0.082823894111977,0.485500467726848,FALSE,11,140
HNSC,3,0.10070218049019,0.22568093385214,FALSE,12,140
SARC,3,0.146353202055356,0.296442687747036,FALSE,13,140
CESC,3,0.5636288522947,0.362989323843416,FALSE,14,140
LAML,3,0.684248912944512,0.48993288590604,FALSE,15,140
OV,1,0.198804363578263,0.40133779264214,FALSE,16,140
GBM,1,0.377144768579886,0.376623376623377,FALSE,17,140
LUSC,1,0.379307722275154,0.283018867924528,FALSE,18,140
STAD,1,0.460960019737756,0.0541237113402062,FALSE,19,140
ESCA,1,0.801042681270995,0.270718232044199,FALSE,20,140
LGG,12,3.03420347269601e-06,0.37843137254902,TRUE,1,141
PAAD,7,0.0184719566944656,0.198863636363636,TRUE,2,141
LIHC,5,0.048882162817228,0.466666666666667,TRUE,3,141
STAD,2,0.0124609103895862,0.461340206185567,TRUE,4,141
KIRC,8,0.42437982740126,0.0354330708661417,FALSE,5,141
KIRP,5,0.292019227376793,0.410714285714286,FALSE,6,141
LAML,5,0.709313828624612,0.48993288590604,FALSE,7,141
CESC,4,0.622379297578646,0.437722419928826,FALSE,8,141
SARC,4,0.842445923915337,0.395256916996047,FALSE,9,141
COADREAD,3,0.174397586163608,0.46113074204947,FALSE,10,141
UCEC,3,0.204959417615659,0.427466150870406,FALSE,11,141
BLCA,3,0.222242238317019,0.0123456790123457,FALSE,12,141
BRCA,3,0.559681698477581,0.291861552853134,FALSE,13,141
OV,2,0.281961370867893,0.247491638795987,FALSE,14,141
GBM,2,0.313101467663763,0.344155844155844,FALSE,15,141
HNSC,2,0.926970149280483,0.332684824902724,FALSE,16,141
SKCM,1,0.50969829602545,0.244705882352941,FALSE,17,141
ESCA,1,0.617322355390906,0.469613259668508,FALSE,18,141
LUSC,0,0.0917144105294386,0.262054507337526,FALSE,19,141
LUAD,0,0.523068312248943,0.177062374245473,FALSE,20,141
LGG,15,2.03714220825546e-07,0.480392156862745,TRUE,1,142
PAAD,9,0.00105167312811905,0.323863636363636,TRUE,2,142
LUAD,7,0.00407040457387664,0.432595573440644,TRUE,3,142
LIHC,7,0.0045338946675012,0.358333333333333,TRUE,4,142
BLCA,5,0.000589581786254234,0.348148148148148,TRUE,5,142
KIRC,11,0.451581172422815,0.0374015748031496,FALSE,6,142
KIRP,10,0.48525044157068,0.421428571428571,FALSE,7,142
LAML,6,0.0571530620655156,0.429530201342282,FALSE,8,142
HNSC,6,0.151293196775781,0.0778210116731518,FALSE,9,142
SKCM,5,0.304441354988254,0.465882352941177,FALSE,10,142
SARC,5,0.715068184148783,0.375494071146245,FALSE,11,142
STAD,4,0.214793278454507,0.47680412371134,FALSE,12,142
UCEC,4,0.235871938676814,0.499032882011605,FALSE,13,142
CESC,3,0.0990975473451793,0.462633451957295,FALSE,14,142
BRCA,3,0.693729713541433,0.463985032740879,FALSE,15,142
GBM,3,0.775646640128919,0.311688311688312,FALSE,16,142
COADREAD,2,0.093336543448696,0.41696113074205,FALSE,17,142
OV,1,0.606878747034176,0.337792642140468,FALSE,18,142
LUSC,1,0.673064597467074,0.425576519916143,FALSE,19,142
ESCA,0,0.791364484626053,0.480662983425414,FALSE,20,142
LGG,15,0,0.205882352941176,TRUE,1,143
KIRC,11,3.25880513474264e-06,0.358267716535433,TRUE,2,143
SKCM,8,0.0177121940645431,0.190588235294118,TRUE,3,143
KIRP,7,0.0141834966496657,0.303571428571429,TRUE,4,143
COADREAD,6,0.0045711157459738,0.249116607773852,TRUE,5,143
BLCA,3,0.0104756622804335,0.479012345679012,TRUE,6,143
OV,2,0.0137543273132097,0.377926421404682,TRUE,7,143
PAAD,8,0.264605885952682,0.267045454545455,FALSE,8,143
HNSC,7,0.227863898678705,0.334630350194553,FALSE,9,143
LAML,6,0.761012991680618,0.449664429530201,FALSE,10,143
LIHC,5,0.0506511574511437,0.277777777777778,FALSE,11,143
LUAD,5,0.307909572999108,0.494969818913481,FALSE,12,143
UCEC,3,0.123761854138531,0.25531914893617,FALSE,13,143
CESC,3,0.749310516346465,0.476868327402135,FALSE,14,143
GBM,2,0.233737108708442,0.467532467532468,FALSE,15,143
STAD,2,0.528443075768657,0.301546391752577,FALSE,16,143
BRCA,2,0.631367112740664,0.363891487371375,FALSE,17,143
SARC,1,0.271230577915847,0.237154150197628,FALSE,18,143
LUSC,0,0.22290168315471,0.39832285115304,FALSE,19,143
ESCA,0,0.926576965437879,0.458563535911602,FALSE,20,143
KIRC,16,2.9790426903098e-08,0.385826771653543,TRUE,1,144
LGG,13,0.00066357583286758,0.470588235294118,TRUE,2,144
BLCA,6,0.000775720646399414,0.375308641975309,TRUE,3,144
LIHC,3,0.00101025811353817,0.327777777777778,TRUE,4,144
SKCM,7,0.130678565783942,0.336470588235294,FALSE,5,144
PAAD,6,0.000422476253772119,0.0454545454545455,FALSE,6,144
KIRP,6,0.896669613085397,0.292857142857143,FALSE,7,144
SARC,5,0.498393577332544,0.434782608695652,FALSE,8,144
HNSC,4,0.223385498609725,0.317120622568093,FALSE,9,144
STAD,3,0.174550000204397,0.237113402061856,FALSE,10,144
LAML,3,0.450209990975445,0.442953020134228,FALSE,11,144
CESC,3,0.620790906161729,0.270462633451957,FALSE,12,144
LUAD,2,0.446708254601485,0.319919517102616,FALSE,13,144
COADREAD,2,0.607349217523803,0.342756183745583,FALSE,14,144
LUSC,2,0.951534733064145,0.327044025157233,FALSE,15,144
UCEC,2,0.966759464525692,0.384912959381045,FALSE,16,144
ESCA,1,0.1737896607255,0.337016574585635,FALSE,17,144
BRCA,1,0.726852590013301,0.474275023386342,FALSE,18,144
OV,0,0.956711945303233,0.414715719063545,FALSE,19,144
GBM,0,0.998797866211338,0.357142857142857,FALSE,20,144
KIRC,14,1.42885703269258e-13,0.283464566929134,TRUE,1,145
LGG,14,9.8420217348183e-06,0.403921568627451,TRUE,2,145
PAAD,8,0.0184686290389506,0.284090909090909,TRUE,3,145
LAML,7,0.0194602746286559,0.442953020134228,TRUE,4,145
UCEC,6,0.0291494517394357,0.292069632495164,TRUE,5,145
BLCA,4,0.012471875020578,0.481481481481482,TRUE,6,145
STAD,3,0.00862487528568889,0.280927835051546,TRUE,7,145
LUAD,2,0.00520340710834644,0.38430583501006,TRUE,8,145
KIRP,7,0.0826755288256511,0.428571428571429,FALSE,9,145
SARC,7,0.161450006034203,0.391304347826087,FALSE,10,145
HNSC,4,0.210605988847263,0.348249027237354,FALSE,11,145
LIHC,3,0.876705577742346,0.494444444444445,FALSE,12,145
OV,2,0.0993163325543115,0.324414715719064,FALSE,13,145
COADREAD,2,0.263880196896552,0.180212014134276,FALSE,14,145
SKCM,2,0.433929693857456,0.298823529411765,FALSE,15,145
GBM,2,0.642048970590635,0.279220779220779,FALSE,16,145
CESC,1,0.32496631199955,0.227758007117438,FALSE,17,145
BRCA,1,0.566175113306272,0.376987839101964,FALSE,18,145
LUSC,0,0.0944627013916884,0.343815513626834,FALSE,19,145
ESCA,0,0.654572572497457,0.392265193370166,FALSE,20,145
LGG,12,4.74065231514942e-14,0.266666666666667,TRUE,1,146
KIRC,11,0.000553456742444891,0.283464566929134,TRUE,2,146
KIRP,7,0.346722862523088,0.339285714285714,FALSE,3,146
SKCM,6,0.460768947822599,0.296470588235294,FALSE,4,146
UCEC,5,0.288106463323427,0.326885880077369,FALSE,5,146
PAAD,4,0.000308250409324806,0.0568181818181818,FALSE,6,146
COADREAD,4,0.0777018047119021,0.376325088339223,FALSE,7,146
BRCA,4,0.243978556458208,0.386342376052385,FALSE,8,146
GBM,4,0.523494484408233,0.487012987012987,FALSE,9,146
BLCA,3,0.103315562180898,0.306172839506173,FALSE,10,146
LUAD,3,0.992239334764873,0.37625754527163,FALSE,11,146
HNSC,2,0.0950037672285329,0.262645914396887,FALSE,12,146
LAML,2,0.143158254649878,0.369127516778524,FALSE,13,146
LUSC,2,0.519040967838093,0.387840670859539,FALSE,14,146
LIHC,2,0.619092505101026,0.352777777777778,FALSE,15,146
ESCA,2,0.729381965979924,0.491712707182321,FALSE,16,146
SARC,1,0.241183309166223,0.225296442687747,FALSE,17,146
CESC,1,0.494103433639418,0.163701067615658,FALSE,18,146
STAD,0,0.221808572294996,0.0721649484536082,FALSE,19,146
OV,0,0.950708918916764,0.424749163879599,FALSE,20,146
LGG,18,0.00836818776337056,0.454901960784314,TRUE,1,147
KIRC,9,3.29741713378517e-07,0.354330708661417,TRUE,2,147
BLCA,3,0.00347218615477773,0.404938271604938,TRUE,3,147
SKCM,3,0.0129288631577232,0.164705882352941,TRUE,4,147
PAAD,9,0.000210827668001401,0.0511363636363636,FALSE,5,147
KIRP,6,0.442129931266881,0.414285714285714,FALSE,6,147
LIHC,5,0.316500667871496,0.363888888888889,FALSE,7,147
UCEC,5,0.49586611982329,0.32495164410058,FALSE,8,147
STAD,4,0.0743713590189894,0.231958762886598,FALSE,9,147
LUAD,4,0.593992716216479,0.390342052313883,FALSE,10,147
SARC,3,0.0632048040165336,0.351778656126482,FALSE,11,147
CESC,3,0.274513253749634,0.327402135231317,FALSE,12,147
HNSC,2,0.151236276028446,0.171206225680934,FALSE,13,147
COADREAD,2,0.151244933156533,0.450530035335689,FALSE,14,147
BRCA,2,0.328824413619458,0.396632366697848,FALSE,15,147
OV,2,0.412007439387985,0.254180602006689,FALSE,16,147
LAML,2,0.548996415330981,0.456375838926175,FALSE,17,147
GBM,1,0.286988354755643,0.272727272727273,FALSE,18,147
LUSC,0,0.288766190364427,0.40251572327044,FALSE,19,147
ESCA,0,0.497112386313522,0.486187845303867,FALSE,20,147
KIRC,12,1.22124532708767e-15,0.238188976377953,TRUE,1,148
LGG,12,1.59778929794685e-05,0.42156862745098,TRUE,2,148
LUAD,8,0.000121584635130789,0.484909456740443,TRUE,3,148
LIHC,5,0.0390157580814974,0.305555555555556,TRUE,4,148
PAAD,7,0.111013490989964,0.448863636363636,FALSE,5,148
KIRP,6,0.196223079863879,0.410714285714286,FALSE,6,148
BLCA,5,0.0684148309495819,0.446913580246914,FALSE,7,148
LAML,5,0.337543729773096,0.315436241610738,FALSE,8,148
GBM,5,0.531415769067617,0.435064935064935,FALSE,9,148
SKCM,4,0.242914329389946,0.348235294117647,FALSE,10,148
UCEC,4,0.250150887493641,0.483558994197292,FALSE,11,148
SARC,4,0.294831169782907,0.395256916996047,FALSE,12,148
HNSC,4,0.335374556383624,0.461089494163424,FALSE,13,148
BRCA,4,0.401051164308848,0.449017773620206,FALSE,14,148
OV,4,0.919913889854573,0.468227424749164,FALSE,15,148
COADREAD,3,0.0832259234272468,0.348056537102474,FALSE,16,148
STAD,3,0.0888894296148668,0.185567010309278,FALSE,17,148
LUSC,3,0.704369996595402,0.377358490566038,FALSE,18,148
CESC,1,0.83764639079038,0.434163701067616,FALSE,19,148
ESCA,0,0.729737507659436,0.453038674033149,FALSE,20,148
LGG,12,0.0104862775844191,0.384313725490196,TRUE,1,149
KIRC,9,7.52016854913551e-05,0.307086614173228,TRUE,2,149
STAD,3,0.036129825124235,0.293814432989691,TRUE,3,149
LUAD,2,0.0159411009886035,0.392354124748491,TRUE,4,149
SKCM,8,0.00574077310523424,0.134117647058824,FALSE,5,149
KIRP,8,0.334919280003172,0.478571428571429,FALSE,6,149
UCEC,7,0.806073837479057,0.390715667311412,FALSE,7,149
PAAD,6,0.921774833217886,0.386363636363636,FALSE,8,149
BLCA,5,0.0886085006877244,0.288888888888889,FALSE,9,149
LIHC,5,0.63860823277544,0.363888888888889,FALSE,10,149
OV,4,0.051379196349777,0.374581939799331,FALSE,11,149
SARC,4,0.281375234077093,0.371541501976285,FALSE,12,149
LAML,4,0.333289067767208,0.328859060402685,FALSE,13,149
COADREAD,4,0.550532606189928,0.448763250883392,FALSE,14,149
GBM,3,0.509436866986721,0.38961038961039,FALSE,15,149
CESC,2,0.223801846471308,0.451957295373665,FALSE,16,149
BRCA,2,0.286643182651278,0.355472404115996,FALSE,17,149
HNSC,2,0.623133437301099,0.287937743190661,FALSE,18,149
LUSC,1,0.421680827608539,0.40461215932914,FALSE,19,149
ESCA,1,0.903922254608935,0.480662983425414,FALSE,20,149
KIRC,14,2.22044604925031e-16,0.232283464566929,TRUE,1,150
LGG,12,0,0.176470588235294,TRUE,2,150
SKCM,4,0.000918955072395145,0.218823529411765,TRUE,3,150
PAAD,7,0.000422476253772119,0.0454545454545455,FALSE,4,150
COADREAD,6,0.143471033523541,0.15017667844523,FALSE,5,150
LIHC,5,0.0522155993735403,0.413888888888889,FALSE,6,150
LAML,5,0.409275300379159,0.422818791946309,FALSE,7,150
SARC,4,0.619779863165706,0.430830039525692,FALSE,8,150
UCEC,4,0.916179278617486,0.375241779497099,FALSE,9,150
LUAD,4,0.930684373655145,0.062374245472837,FALSE,10,150
KIRP,3,0.16250933109769,0.364285714285714,FALSE,11,150
BRCA,3,0.619231435701589,0.305893358278765,FALSE,12,150
LUSC,2,0.0672073799158353,0.385744234800839,FALSE,13,150
GBM,2,0.553039225186516,0.272727272727273,FALSE,14,150
ESCA,2,0.553145690004501,0.469613259668508,FALSE,15,150
STAD,2,0.561653276011983,0.27319587628866,FALSE,16,150
BLCA,1,0.0174942060401977,0.303703703703704,FALSE,17,150
CESC,1,0.144741318729779,0.330960854092527,FALSE,18,150
HNSC,1,0.992252693843133,0.126459143968872,FALSE,19,150
OV,0,0.500491406235103,0.454849498327759,FALSE,20,150
LGG,13,1.69911862357708e-11,0.247058823529412,TRUE,1,151
KIRC,13,1.38746497291287e-07,0.316929133858268,TRUE,2,151
PAAD,6,0.000873545610117876,0.323863636363636,TRUE,3,151
UCEC,6,0.00184675758838804,0.429400386847195,TRUE,4,151
LIHC,3,0.00136938684177501,0.394444444444444,TRUE,5,151
LAML,3,0.00345365223238292,0.201342281879195,TRUE,6,151
STAD,2,0.00717024249461906,0.167525773195876,TRUE,7,151
OV,2,0.0256271562531033,0.48494983277592,TRUE,8,151
COADREAD,7,0.0817449820727192,0.167844522968198,FALSE,9,151
LUAD,6,0.507210217146818,0.257545271629779,FALSE,10,151
SARC,5,0.0101480415728237,0.138339920948617,FALSE,11,151
SKCM,5,0.389386722664202,0.256470588235294,FALSE,12,151
BLCA,5,0.46994925211168,0.202469135802469,FALSE,13,151
KIRP,5,0.541867613189877,0.360714285714286,FALSE,14,151
BRCA,3,0.603779048061334,0.293732460243218,FALSE,15,151
ESCA,2,0.497371155438581,0.270718232044199,FALSE,16,151
LUSC,1,0.0887919486407437,0.444444444444444,FALSE,17,151
CESC,1,0.333595240654023,0.199288256227758,FALSE,18,151
GBM,1,0.715287306713009,0.311688311688312,FALSE,19,151
HNSC,1,0.999536175268984,0.159533073929961,FALSE,20,151
LGG,12,5.10834942294425e-05,0.464705882352941,TRUE,1,152
KIRC,10,0.00453199880084454,0.377952755905512,TRUE,2,152
COADREAD,5,0.00174069325592574,0.457597173144876,TRUE,3,152
OV,4,0.00384091976334355,0.408026755852843,TRUE,4,152
PAAD,6,0.87592967148357,0.443181818181818,FALSE,5,152
KIRP,5,0.190650480633507,0.446428571428571,FALSE,6,152
SKCM,4,0.0823135710496349,0.312941176470588,FALSE,7,152
LAML,4,0.322705540861294,0.322147651006711,FALSE,8,152
SARC,4,0.561476941049116,0.399209486166008,FALSE,9,152
GBM,3,0.0756672131313913,0.181818181818182,FALSE,10,152
BRCA,3,0.235693145031192,0.192703461178672,FALSE,11,152
UCEC,3,0.383165321418126,0.249516441005803,FALSE,12,152
CESC,3,0.613300414392557,0.206405693950178,FALSE,13,152
LIHC,2,0.0853451488194249,0.475,FALSE,14,152
BLCA,2,0.250086900996062,0.360493827160494,FALSE,15,152
ESCA,2,0.670322841204446,0.491712707182321,FALSE,16,152
HNSC,2,0.877644624659513,0.350194552529183,FALSE,17,152
LUSC,1,0.125979946750816,0.310272536687631,FALSE,18,152
STAD,1,0.392088430597302,0.430412371134021,FALSE,19,152
LUAD,1,0.936477255154387,0.122736418511066,FALSE,20,152
LGG,15,2.65735800031308e-09,0.331372549019608,TRUE,1,153
KIRC,12,7.23976434358065e-13,0.161417322834646,TRUE,2,153
COADREAD,7,0.0143612072617993,0.224381625441696,TRUE,3,153
STAD,6,0.0164140694408327,0.384020618556701,TRUE,4,153
UCEC,4,1.1091614293246e-05,0.276595744680851,TRUE,5,153
LUSC,2,0.0123420719743953,0.318658280922432,TRUE,6,153
KIRP,8,0.888013246601093,0.464285714285714,FALSE,7,153
SKCM,7,0.00139300710124446,0.0235294117647059,FALSE,8,153
PAAD,6,0.15168496520785,0.380681818181818,FALSE,9,153
LIHC,4,0.0710783437263188,0.247222222222222,FALSE,10,153
GBM,4,0.754706213266759,0.220779220779221,FALSE,11,153
SARC,4,0.943738241416042,0.375494071146245,FALSE,12,153
BRCA,3,0.486661127730335,0.323666978484565,FALSE,13,153
HNSC,2,0.282447543444227,0.231517509727627,FALSE,14,153
LAML,2,0.399175501338714,0.389261744966443,FALSE,15,153
OV,2,0.575177027004538,0.270903010033445,FALSE,16,153
BLCA,1,0.00693522553978498,0.481481481481482,FALSE,17,153
LUAD,1,0.170083204636765,0.366197183098592,FALSE,18,153
CESC,1,0.578801882494375,0.323843416370107,FALSE,19,153
ESCA,0,0.487907257978446,0.414364640883978,FALSE,20,153
KIRC,12,0.000935367260917475,0.326771653543307,TRUE,1,154
LGG,10,0.000241208925678138,0.43921568627451,TRUE,2,154
SKCM,7,0.00540730401860046,0.221176470588235,TRUE,3,154
LIHC,6,7.0530295689597e-05,0.369444444444444,TRUE,4,154
BLCA,5,0.000971633623985779,0.476543209876543,TRUE,5,154
LUSC,2,0.00138232622589807,0.446540880503145,TRUE,6,154
PAAD,9,0.000422476253772119,0.0454545454545455,FALSE,7,154
KIRP,6,0.471891485854854,0.253571428571429,FALSE,8,154
LUAD,5,0.179799636385129,0.400402414486922,FALSE,9,154
UCEC,4,0.534610531433449,0.363636363636364,FALSE,10,154
OV,4,0.54336660953482,0.461538461538462,FALSE,11,154
LAML,4,0.823962771116813,0.463087248322148,FALSE,12,154
CESC,3,0.248414808815094,0.409252669039146,FALSE,13,154
SARC,3,0.258630111411483,0.304347826086957,FALSE,14,154
HNSC,3,0.350889391992069,0.348249027237354,FALSE,15,154
BRCA,3,0.95799926810049,0.331150608044902,FALSE,16,154
COADREAD,2,0.788798018155266,0.363957597173145,FALSE,17,154
STAD,1,0.17076296411903,0.301546391752577,FALSE,18,154
GBM,1,0.231034078600624,0.220779220779221,FALSE,19,154
ESCA,1,0.540485187372598,0.43646408839779,FALSE,20,154
LGG,14,4.55191440096314e-15,0.229411764705882,TRUE,1,155
KIRC,10,1.79404155975504e-08,0.244094488188976,TRUE,2,155
UCEC,10,0.000249234497244566,0.388781431334623,TRUE,3,155
SKCM,8,0.00351178589237433,0.164705882352941,TRUE,4,155
KIRP,8,0.0190438630106339,0.428571428571429,TRUE,5,155
LIHC,7,0.00349028616597347,0.283333333333333,TRUE,6,155
COADREAD,6,0.00287823407418608,0.475265017667845,TRUE,7,155
STAD,2,0.013084873290556,0.458762886597938,TRUE,8,155
PAAD,7,0.00072441783311028,0.0681818181818182,FALSE,9,155
LUAD,5,0.0798210693352062,0.382293762575453,FALSE,10,155
GBM,5,0.107451812897293,0.493506493506494,FALSE,11,155
SARC,5,0.677806506872644,0.466403162055336,FALSE,12,155
BLCA,3,0.154137413000805,0.441975308641975,FALSE,13,155
CESC,3,0.614979086304113,0.362989323843416,FALSE,14,155
LAML,3,0.770037215050622,0.449664429530201,FALSE,15,155
HNSC,1,0.362059830040782,0.313229571984436,FALSE,16,155
LUSC,1,0.52218018546018,0.415094339622642,FALSE,17,155
OV,1,0.823584996957917,0.357859531772575,FALSE,18,155
BRCA,0,0.0943924508730971,0.463049579045837,FALSE,19,155
ESCA,0,0.384385129129421,0.364640883977901,FALSE,20,155
LGG,13,2.40119533367889e-07,0.303921568627451,TRUE,1,156
KIRC,10,0.0159760766323387,0.421259842519685,TRUE,2,156
SKCM,4,0.00913471245205377,0.235294117647059,TRUE,3,156
HNSC,3,0.0447892617770274,0.414396887159533,TRUE,4,156
SARC,7,0.211903694028259,0.1699604743083,FALSE,5,156
PAAD,7,0.917203761370155,0.409090909090909,FALSE,6,156
BLCA,5,0.22873564905664,0.446913580246914,FALSE,7,156
STAD,5,0.381975867152435,0.474226804123711,FALSE,8,156
LAML,4,0.172028845469188,0.422818791946309,FALSE,9,156
KIRP,4,0.2966117821939,0.303571428571429,FALSE,10,156
LUAD,3,0.0831341824679424,0.462776659959759,FALSE,11,156
OV,3,0.165888818182226,0.204013377926421,FALSE,12,156
COADREAD,3,0.447065507142782,0.443462897526502,FALSE,13,156
CESC,3,0.474764658383889,0.405693950177936,FALSE,14,156
GBM,3,0.780632882113073,0.363636363636364,FALSE,15,156
UCEC,3,0.927368586238328,0.41779497098646,FALSE,16,156
LIHC,2,0.121382746043146,0.363888888888889,FALSE,17,156
BRCA,2,0.907040254999564,0.414405986903648,FALSE,18,156
LUSC,1,0.20279101433582,0.412997903563941,FALSE,19,156
ESCA,0,0.445929342215225,0.458563535911602,FALSE,20,156
KIRC,13,4.65681732064738e-08,0.318897637795276,TRUE,1,157
KIRP,10,0.000172093900685733,0.392857142857143,TRUE,2,157
SKCM,7,1.99412075296834e-05,0.188235294117647,TRUE,3,157
LGG,6,0.00729965475424921,0.474509803921569,TRUE,4,157
LUAD,5,0.047424358070844,0.243460764587525,TRUE,5,157
LIHC,3,0.00392288708614952,0.338888888888889,TRUE,6,157
PAAD,8,0.000422476253772119,0.0454545454545455,FALSE,7,157
HNSC,6,0.193518280188734,0.214007782101167,FALSE,8,157
BLCA,6,0.194693641680052,0.417283950617284,FALSE,9,157
UCEC,4,0.540138246053974,0.326885880077369,FALSE,10,157
COADREAD,4,0.569528050097432,0.363957597173145,FALSE,11,157
GBM,4,0.572468795360424,0.24025974025974,FALSE,12,157
LAML,4,0.783590664666817,0.275167785234899,FALSE,13,157
SARC,3,0.590258924222761,0.272727272727273,FALSE,14,157
STAD,2,0.0749208648014358,0.40979381443299,FALSE,15,157
OV,2,0.144336206555683,0.37123745819398,FALSE,16,157
LUSC,2,0.31824455386197,0.477987421383648,FALSE,17,157
BRCA,2,0.435598382853456,0.300280636108513,FALSE,18,157
CESC,1,0.677895999864975,0.373665480427046,FALSE,19,157
ESCA,1,0.704035982029894,0.392265193370166,FALSE,20,157
KIRC,13,5.45342970781348e-09,0.232283464566929,TRUE,1,158
LGG,11,6.16126247476867e-05,0.417647058823529,TRUE,2,158
LIHC,6,0.00926190271725125,0.302777777777778,TRUE,3,158
COADREAD,5,0.031149891862516,0.443462897526502,TRUE,4,158
LUAD,3,0.0145686294411739,0.424547283702213,TRUE,5,158
KIRP,8,0.286435851621764,0.310714285714286,FALSE,6,158
UCEC,7,0.87238747332064,0.274661508704062,FALSE,7,158
PAAD,6,0.651647911825826,0.386363636363636,FALSE,8,158
SARC,5,0.820086084554886,0.260869565217391,FALSE,9,158
ESCA,4,0.47523179733738,0.464088397790055,FALSE,10,158
GBM,4,0.541637754881903,0.480519480519481,FALSE,11,158
SKCM,3,8.40361862739503e-05,0.148235294117647,FALSE,12,158
CESC,3,0.413401829904728,0.274021352313167,FALSE,13,158
LAML,3,0.671281079673335,0.295302013422819,FALSE,14,158
LUSC,2,0.87093491022645,0.417190775681342,FALSE,15,158
OV,2,0.909246802918442,0.391304347826087,FALSE,16,158
STAD,1,0.503585652972447,0.484536082474227,FALSE,17,158
BLCA,1,0.507560123790521,0.422222222222222,FALSE,18,158
HNSC,1,0.78262767955945,0.173151750972763,FALSE,19,158
BRCA,1,0.949891125626978,0.295603367633302,FALSE,20,158
KIRC,9,4.09954703517457e-09,0.291338582677165,TRUE,1,159
LGG,9,0.000221532912679123,0.258823529411765,TRUE,2,159
PAAD,8,0.000210827668001401,0.0511363636363636,FALSE,3,159
KIRP,6,0.278557554402699,0.217857142857143,FALSE,4,159
UCEC,5,0.153458858712821,0.264990328820116,FALSE,5,159
HNSC,4,0.26241639232645,0.0836575875486381,FALSE,6,159
GBM,4,0.269972481560685,0.415584415584416,FALSE,7,159
SKCM,3,0.00106050444243577,0.141176470588235,FALSE,8,159
BLCA,3,0.126642147898654,0.42716049382716,FALSE,9,159
STAD,3,0.127647584333308,0.195876288659794,FALSE,10,159
LIHC,3,0.607382929050968,0.227777777777778,FALSE,11,159
LUAD,3,0.790320308903555,0.392354124748491,FALSE,12,159
OV,2,0.0844827030382057,0.414715719063545,FALSE,13,159
SARC,2,0.132978999764694,0.272727272727273,FALSE,14,159
LUSC,2,0.285805263091967,0.364779874213836,FALSE,15,159
BRCA,2,0.597094915816691,0.31244153414406,FALSE,16,159
COADREAD,2,0.83353381364879,0.178445229681979,FALSE,17,159
ESCA,1,0.881482730566483,0.441988950276243,FALSE,18,159
LAML,1,0.993782281864073,0.496644295302014,FALSE,19,159
CESC,0,0.810378329914971,0.476868327402135,FALSE,20,159
LGG,11,2.68931543701001e-11,0.266666666666667,TRUE,1,160
KIRC,11,1.07565190398118e-05,0.30511811023622,TRUE,2,160
HNSC,7,0.0362118549975231,0.321011673151751,TRUE,3,160
LUAD,6,0.0284518720885495,0.301810865191147,TRUE,4,160
COADREAD,4,0.0269134905217449,0.190812720848057,TRUE,5,160
LIHC,3,0.00263921868835515,0.338888888888889,TRUE,6,160
SKCM,6,0.114436539549307,0.331764705882353,FALSE,7,160
PAAD,5,0.0881314397510772,0.289772727272727,FALSE,8,160
STAD,5,0.261107853343643,0.324742268041237,FALSE,9,160
KIRP,5,0.284404463721974,0.467857142857143,FALSE,10,160
UCEC,5,0.854111570092926,0.39651837524178,FALSE,11,160
SARC,4,0.357178580396362,0.403162055335968,FALSE,12,160
OV,4,0.559323417407649,0.37123745819398,FALSE,13,160
LAML,4,0.955249015769061,0.402684563758389,FALSE,14,160
CESC,3,0.111605522638021,0.441281138790036,FALSE,15,160
BLCA,3,0.142267726086211,0.158024691358025,FALSE,16,160
GBM,2,0.840124342021882,0.272727272727273,FALSE,17,160
LUSC,1,0.407964293009227,0.266247379454927,FALSE,18,160
BRCA,1,0.77469804663503,0.311506080449018,FALSE,19,160
ESCA,0,0.0801687034290424,0.121546961325967,FALSE,20,160
LGG,17,0,0.192156862745098,TRUE,1,161
HNSC,6,0.000903604483985299,0.239299610894942,TRUE,2,161
SKCM,4,0.00346342238418751,0.155294117647059,TRUE,3,161
LUAD,3,0.00893055081537286,0.325955734406439,TRUE,4,161
PAAD,10,0.00139491945234094,0.0511363636363636,FALSE,5,161
UCEC,8,0.386843515347509,0.309477756286267,FALSE,6,161
KIRC,6,0.139074898349213,0.383858267716535,FALSE,7,161
KIRP,6,0.543301082349675,0.403571428571429,FALSE,8,161
LAML,5,0.578862304838275,0.342281879194631,FALSE,9,161
COADREAD,5,0.811460463589438,0.0583038869257951,FALSE,10,161
OV,4,0.119808658203827,0.377926421404682,FALSE,11,161
BRCA,4,0.36330371388488,0.202993451824135,FALSE,12,161
BLCA,3,0.482147672443137,0.397530864197531,FALSE,13,161
LIHC,3,0.650410309585551,0.441666666666667,FALSE,14,161
SARC,3,0.936941531449462,0.450592885375494,FALSE,15,161
GBM,1,0.0178366583769648,0.441558441558442,FALSE,16,161
STAD,1,0.0658039062731519,0.451030927835052,FALSE,17,161
LUSC,1,0.944523144614555,0.446540880503145,FALSE,18,161
ESCA,0,0.301082042113407,0.480662983425414,FALSE,19,161
CESC,0,0.867583973860402,0.441281138790036,FALSE,20,161
KIRC,15,1.8025581027814e-12,0.240157480314961,TRUE,1,162
SKCM,7,9.64672228609409e-05,0.341176470588235,TRUE,2,162
BLCA,7,0.00202623442798833,0.437037037037037,TRUE,3,162
UCEC,7,0.00683593810363814,0.462282398452611,TRUE,4,162
CESC,4,0.00998311179813582,0.270462633451957,TRUE,5,162
LUAD,3,0.0436231115958591,0.233400402414487,TRUE,6,162
LGG,12,0.110050129944519,0.347058823529412,FALSE,7,162
KIRP,8,0.793536501249781,0.228571428571429,FALSE,8,162
PAAD,6,0.853040203530538,0.4375,FALSE,9,162
LIHC,5,0.335246924535562,0.458333333333333,FALSE,10,162
SARC,4,0.302924396466529,0.343873517786561,FALSE,11,162
HNSC,3,0.0871482889614777,0.45136186770428,FALSE,12,162
LAML,3,0.949112115813907,0.409395973154362,FALSE,13,162
GBM,2,0.221443309815098,0.285714285714286,FALSE,14,162
OV,2,0.503938231453092,0.387959866220736,FALSE,15,162
ESCA,2,0.872559380116569,0.370165745856354,FALSE,16,162
STAD,1,0.0785893315998685,0.371134020618557,FALSE,17,162
LUSC,1,0.695339085022005,0.272536687631027,FALSE,18,162
BRCA,1,0.937404738683386,0.207670720299345,FALSE,19,162
COADREAD,0,0.663582104570343,0.432862190812721,FALSE,20,162
KIRC,13,5.53783693013621e-07,0.301181102362205,TRUE,1,163
LGG,11,1.78588649424327e-08,0.356862745098039,TRUE,2,163
SKCM,6,0.00224493528497915,0.270588235294118,TRUE,3,163
OV,5,0.0131360243494926,0.317725752508361,TRUE,4,163
PAAD,7,0.0722003646751462,0.471590909090909,FALSE,5,163
BLCA,6,0.0923018255016463,0.303703703703704,FALSE,6,163
GBM,6,0.5896229267641,0.292207792207792,FALSE,7,163
LUAD,5,0.344789502218915,0.275653923541247,FALSE,8,163
LIHC,5,0.545228321650084,0.305555555555556,FALSE,9,163
UCEC,5,0.597118224628702,0.25531914893617,FALSE,10,163
LAML,4,0.104740773831243,0.416107382550336,FALSE,11,163
SARC,4,0.540767836958866,0.312252964426877,FALSE,12,163
KIRP,4,0.711682154076796,0.332142857142857,FALSE,13,163
STAD,2,0.0691744427600539,0.0979381443298969,FALSE,14,163
CESC,2,0.246834272026552,0.188612099644128,FALSE,15,163
BRCA,2,0.689265806429396,0.31711880261927,FALSE,16,163
COADREAD,1,0.345283189550923,0.303886925795053,FALSE,17,163
HNSC,1,0.719629023475651,0.134241245136187,FALSE,18,163
LUSC,0,0.138254318572812,0.348008385744235,FALSE,19,163
ESCA,0,0.291255694333532,0.453038674033149,FALSE,20,163
LGG,12,1.8890156326945e-06,0.464705882352941,TRUE,1,164
KIRC,10,1.67621121438533e-06,0.498031496062992,TRUE,2,164
LIHC,7,0.0132090384855523,0.3,TRUE,3,164
SKCM,7,0.0144072330873617,0.176470588235294,TRUE,4,164
BRCA,6,0.0688305025463292,0.441534144059869,FALSE,5,164
KIRP,6,0.189888624420111,0.471428571428571,FALSE,6,164
PAAD,5,0.292615843267524,0.363636363636364,FALSE,7,164
HNSC,5,0.331634718050478,0.208171206225681,FALSE,8,164
UCEC,4,0.0730545020521068,0.444874274661509,FALSE,9,164
LUAD,4,0.146508404351113,0.301810865191147,FALSE,10,164
BLCA,4,0.16326081485544,0.419753086419753,FALSE,11,164
LAML,3,0.411341754915658,0.429530201342282,FALSE,12,164
COADREAD,2,0.0906673092408667,0.5,FALSE,13,164
CESC,2,0.0988094877674198,0.298932384341637,FALSE,14,164
LUSC,2,0.108190832491109,0.412997903563941,FALSE,15,164
OV,2,0.446009238541568,0.364548494983278,FALSE,16,164
ESCA,2,0.986622033378004,0.408839779005525,FALSE,17,164
STAD,1,0.141866464603614,0.322164948453608,FALSE,18,164
SARC,1,0.604750665585296,0.442687747035573,FALSE,19,164
GBM,0,0.125804981369256,0.318181818181818,FALSE,20,164
LGG,14,0,0.207843137254902,TRUE,1,165
KIRC,12,1.17543530464559e-09,0.228346456692913,TRUE,2,165
SKCM,8,0.00226015399678881,0.275294117647059,TRUE,3,165
LUAD,7,0.00105290474623232,0.287726358148893,TRUE,4,165
BLCA,6,0.0258040902520953,0.481481481481482,TRUE,5,165
OV,4,0.0031046122046029,0.31438127090301,TRUE,6,165
COADREAD,4,0.0206293136424374,0.173144876325088,TRUE,7,165
KIRP,8,0.236049626030343,0.221428571428571,FALSE,8,165
PAAD,6,0.292733816794415,0.482954545454546,FALSE,9,165
CESC,5,0.109487619402106,0.302491103202847,FALSE,10,165
BRCA,5,0.237505384696484,0.326473339569691,FALSE,11,165
STAD,4,0.128346549909209,0.443298969072165,FALSE,12,165
LUSC,3,0.12275834879182,0.446540880503145,FALSE,13,165
SARC,3,0.336784109623432,0.367588932806324,FALSE,14,165
LIHC,3,0.585995891970689,0.325,FALSE,15,165
LAML,3,0.654367404772968,0.483221476510067,FALSE,16,165
GBM,2,0.217555974049936,0.038961038961039,FALSE,17,165
HNSC,2,0.373187765525306,0.194552529182879,FALSE,18,165
ESCA,0,0.635959139642036,0.458563535911602,FALSE,19,165
UCEC,0,0.674854425825664,0.263056092843327,FALSE,20,165
LGG,13,4.41320646693555e-10,0.235294117647059,TRUE,1,166
KIRC,10,1.63093730386477e-05,0.269685039370079,TRUE,2,166
LAML,5,0.00509759609284177,0.308724832214765,TRUE,3,166
CESC,3,0.0405165595331389,0.170818505338078,TRUE,4,166
OV,2,0.0127715457563492,0.210702341137124,TRUE,5,166
PAAD,8,0.525672225058744,0.318181818181818,FALSE,6,166
SKCM,5,2.93768009776985e-05,0.112941176470588,FALSE,7,166
LUAD,5,0.2541965220181,0.235412474849095,FALSE,8,166
STAD,5,0.340399383909519,0.487113402061856,FALSE,9,166
COADREAD,5,0.638249806741331,0.473498233215548,FALSE,10,166
GBM,5,0.657466530849464,0.396103896103896,FALSE,11,166
LIHC,4,0.222168954190472,0.197222222222222,FALSE,12,166
BLCA,3,0.191414500642057,0.367901234567901,FALSE,13,166
KIRP,3,0.299812556761079,0.310714285714286,FALSE,14,166
BRCA,3,0.979273369302813,0.230121608980355,FALSE,15,166
UCEC,2,0.736752853742793,0.421663442940039,FALSE,16,166
HNSC,2,0.796715679016478,0.110894941634241,FALSE,17,166
SARC,2,0.937957721161867,0.0988142292490119,FALSE,18,166
ESCA,1,0.788435430018139,0.403314917127072,FALSE,19,166
LUSC,0,0.95408694939813,0.394129979035639,FALSE,20,166
LGG,11,0.00532797844138577,0.450980392156863,TRUE,1,167
KIRC,10,2.82697658204878e-06,0.293307086614173,TRUE,2,167
SKCM,6,0.000599450566137638,0.169411764705882,TRUE,3,167
KIRP,10,0.180066816304301,0.389285714285714,FALSE,4,167
HNSC,6,0.0602746129895198,0.243190661478599,FALSE,5,167
PAAD,6,0.0766963555951591,0.420454545454546,FALSE,6,167
BLCA,6,0.109002305982414,0.380246913580247,FALSE,7,167
CESC,5,0.107174857421039,0.217081850533808,FALSE,8,167
UCEC,5,0.958248001776863,0.369439071566731,FALSE,9,167
COADREAD,4,0.183047645905708,0.213780918727915,FALSE,10,167
LUAD,4,0.233095038920812,0.470824949698189,FALSE,11,167
STAD,3,0.0984217396517262,0.247422680412371,FALSE,12,167
LUSC,3,0.1891161210251,0.356394129979036,FALSE,13,167
BRCA,2,0.252173859995549,0.33489242282507,FALSE,14,167
ESCA,2,0.360995445722363,0.414364640883978,FALSE,15,167
GBM,2,0.572704239216563,0.331168831168831,FALSE,16,167
LIHC,1,0.0737212940690958,0.172222222222222,FALSE,17,167
LAML,1,0.186454926533948,0.38255033557047,FALSE,18,167
SARC,0,0.174895394685421,0.371541501976285,FALSE,19,167
OV,0,0.894091221959073,0.444816053511706,FALSE,20,167
KIRC,13,1.52504803785369e-07,0.356299212598425,TRUE,1,168
SKCM,9,0.0146747541668509,0.207058823529412,TRUE,2,168
CESC,3,0.0290594942484628,0.295373665480427,TRUE,3,168
LGG,9,0.959075288957034,0.335294117647059,FALSE,4,168
KIRP,8,0.875740142984875,0.482142857142857,FALSE,5,168
LAML,6,0.783334637982881,0.463087248322148,FALSE,6,168
PAAD,5,0.26979126891633,0.267045454545455,FALSE,7,168
BLCA,5,0.305466813573331,0.404938271604938,FALSE,8,168
COADREAD,4,0.159715180379335,0.34452296819788,FALSE,9,168
BRCA,4,0.298178748329613,0.349859681945744,FALSE,10,168
LUSC,4,0.544668814944214,0.446540880503145,FALSE,11,168
STAD,3,0.18459041785807,0.45360824742268,FALSE,12,168
UCEC,3,0.199396190381244,0.41779497098646,FALSE,13,168
SARC,3,0.296463898457226,0.276679841897233,FALSE,14,168
LUAD,3,0.417244639691321,0.426559356136821,FALSE,15,168
OV,2,0.395672541695178,0.434782608695652,FALSE,16,168
ESCA,2,0.406382562997944,0.464088397790055,FALSE,17,168
HNSC,2,0.975687427601431,0.256809338521401,FALSE,18,168
GBM,1,0.264205852453854,0.461038961038961,FALSE,19,168
LIHC,1,0.460998817496434,0.377777777777778,FALSE,20,168
LGG,15,2.71853790589915e-07,0.435294117647059,TRUE,1,169
KIRC,6,1.79387865228975e-07,0.303149606299213,TRUE,2,169
SKCM,2,0.0192240620231467,0.214117647058824,TRUE,3,169
BLCA,2,0.0431518783278702,0.412345679012346,TRUE,4,169
UCEC,9,0.64191833164258,0.408123791102515,FALSE,5,169
PAAD,8,0.0060648303389309,0.125,FALSE,6,169
SARC,6,0.93104374917292,0.446640316205534,FALSE,7,169
KIRP,5,0.137536946248698,0.317857142857143,FALSE,8,169
LUAD,5,0.506912460445221,0.138832997987928,FALSE,9,169
LIHC,4,0.237590344081168,0.244444444444444,FALSE,10,169
HNSC,4,0.705450775165575,0.186770428015564,FALSE,11,169
OV,3,0.167034929656143,0.451505016722408,FALSE,12,169
GBM,3,0.339719263303072,0.220779220779221,FALSE,13,169
BRCA,3,0.607170832976921,0.230121608980355,FALSE,14,169
COADREAD,2,0.760980298936836,0.289752650176678,FALSE,15,169
CESC,2,0.797274757615607,0.423487544483986,FALSE,16,169
STAD,1,0.0246734541632335,0.317010309278351,FALSE,17,169
LAML,1,0.551894683680024,0.409395973154362,FALSE,18,169
LUSC,0,0.764348201336661,0.247379454926625,FALSE,19,169
ESCA,0,0.815309487850919,0.469613259668508,FALSE,20,169
KIRC,12,1.58318802512269e-10,0.332677165354331,TRUE,1,170
LGG,12,0.00722469006331472,0.474509803921569,TRUE,2,170
BLCA,7,0.0010316678436455,0.375308641975309,TRUE,3,170
SKCM,7,0.014465279669588,0.28,TRUE,4,170
KIRP,7,0.0464074616857222,0.414285714285714,TRUE,5,170
PAAD,7,0.00114729611655562,0.0738636363636364,FALSE,6,170
LAML,6,0.498476584614708,0.483221476510067,FALSE,7,170
LUAD,5,0.158449180473961,0.412474849094567,FALSE,8,170
LIHC,4,0.0975283065656142,0.413888888888889,FALSE,9,170
COADREAD,4,0.177272560664903,0.151943462897527,FALSE,10,170
UCEC,4,0.370232223512469,0.290135396518375,FALSE,11,170
BRCA,4,0.543741974232799,0.27221702525725,FALSE,12,170
HNSC,3,0.126786091883497,0.350194552529183,FALSE,13,170
SARC,2,0.507285071982814,0.268774703557312,FALSE,14,170
ESCA,2,0.621150784244697,0.480662983425414,FALSE,15,170
GBM,1,0.0245393137500435,0.305194805194805,FALSE,16,170
LUSC,1,0.340955778992497,0.436058700209644,FALSE,17,170
STAD,1,0.511443593996168,0.389175257731959,FALSE,18,170
OV,1,0.836911968745068,0.334448160535117,FALSE,19,170
CESC,1,0.949032599076661,0.419928825622776,FALSE,20,170
KIRC,10,4.31416014023966e-11,0.218503937007874,TRUE,1,171
COADREAD,6,0.0198435721635486,0.213780918727915,TRUE,2,171
LGG,11,0.804644984902214,0.294117647058824,FALSE,3,171
PAAD,9,0.000422476253772119,0.0454545454545455,FALSE,4,171
KIRP,7,0.320697284723819,0.417857142857143,FALSE,5,171
UCEC,5,0.435955486907852,0.294003868471954,FALSE,6,171
SARC,4,0.0608175497005843,0.24901185770751,FALSE,7,171
LUAD,4,0.0818085848821193,0.362173038229376,FALSE,8,171
LIHC,4,0.289782129977821,0.247222222222222,FALSE,9,171
STAD,3,0.227004867677942,0.265463917525773,FALSE,10,171
SKCM,3,0.43514122023018,0.423529411764706,FALSE,11,171
BLCA,2,0.125750204331134,0.407407407407407,FALSE,12,171
OV,2,0.208722199282333,0.25752508361204,FALSE,13,171
HNSC,2,0.386753094173957,0.175097276264591,FALSE,14,171
CESC,2,0.398493332256626,0.366548042704626,FALSE,15,171
LAML,2,0.648433164422498,0.36241610738255,FALSE,16,171
BRCA,2,0.927310996340837,0.271281571562208,FALSE,17,171
GBM,1,0.181291380510693,0.363636363636364,FALSE,18,171
ESCA,1,0.472326007473794,0.458563535911602,FALSE,19,171
LUSC,1,0.921062137855366,0.442348008385744,FALSE,20,171
LGG,14,2.58606209524448e-06,0.354901960784314,TRUE,1,172
HNSC,7,0.000127529182018971,0.359922178988327,TRUE,2,172
PAAD,6,0.0492143883806654,0.363636363636364,TRUE,3,172
LUAD,2,0.0219839788275579,0.430583501006036,TRUE,4,172
KIRC,14,0.798870370180548,0.490157480314961,FALSE,5,172
SKCM,7,0.142961737060776,0.242352941176471,FALSE,6,172
LAML,7,0.624586765398715,0.48993288590604,FALSE,7,172
KIRP,6,0.250833818516776,0.367857142857143,FALSE,8,172
BLCA,5,0.0710690192747849,0.392592592592593,FALSE,9,172
UCEC,5,0.437118793214982,0.342359767891683,FALSE,10,172
SARC,4,0.623756205553143,0.351778656126482,FALSE,11,172
CESC,4,0.974017282350557,0.362989323843416,FALSE,12,172
COADREAD,3,0.706312253656802,0.0477031802120141,FALSE,13,172
LIHC,3,0.960150225740752,0.419444444444444,FALSE,14,172
GBM,2,0.861510759628646,0.318181818181818,FALSE,15,172
ESCA,2,0.97368295409988,0.480662983425414,FALSE,16,172
OV,1,0.240615212642191,0.438127090301003,FALSE,17,172
STAD,1,0.373642476992623,0.27319587628866,FALSE,18,172
BRCA,1,0.858634569473199,0.407857811038354,FALSE,19,172
LUSC,0,0.133800205724899,0.484276729559749,FALSE,20,172
LGG,12,6.80299027999709e-06,0.450980392156863,TRUE,1,173
KIRC,9,0.000677690341621684,0.346456692913386,TRUE,2,173
STAD,3,0.0297316436544061,0.265463917525773,TRUE,3,173
PAAD,10,0.000422476253772119,0.0454545454545455,FALSE,4,173
BLCA,5,0.232119083006465,0.348148148148148,FALSE,5,173
LAML,5,0.536425459053602,0.402684563758389,FALSE,6,173
KIRP,4,0.18141458869742,0.471428571428571,FALSE,7,173
UCEC,4,0.41773202002751,0.249516441005803,FALSE,8,173
LIHC,4,0.487999213350971,0.338888888888889,FALSE,9,173
SKCM,3,0.00023369608926227,0.117647058823529,FALSE,10,173
SARC,3,0.245982382951981,0.264822134387352,FALSE,11,173
GBM,3,0.401753805145522,0.5,FALSE,12,173
LUAD,3,0.772974431966694,0.460764587525151,FALSE,13,173
OV,3,0.88354170055796,0.324414715719064,FALSE,14,173
HNSC,2,0.646167259653866,0.480544747081712,FALSE,15,173
COADREAD,2,0.8833560183651,0.353356890459364,FALSE,16,173
LUSC,1,0.237677905050711,0.348008385744235,FALSE,17,173
ESCA,1,0.431392476969807,0.430939226519337,FALSE,18,173
BRCA,1,0.794133498331568,0.478016838166511,FALSE,19,173
CESC,0,0.142112978018416,0.306049822064057,FALSE,20,173
KIRC,11,1.53348784781571e-08,0.464566929133858,TRUE,1,174
SKCM,7,0.00133813468156174,0.211764705882353,TRUE,2,174
STAD,2,0.0275346140871279,0.237113402061856,TRUE,3,174
LGG,12,0.207303403721072,0.42156862745098,FALSE,4,174
LUAD,7,0.0584453429024396,0.45271629778672,FALSE,5,174
PAAD,7,0.130434861621708,0.318181818181818,FALSE,6,174
KIRP,6,0.517583238663672,0.321428571428571,FALSE,7,174
UCEC,6,0.602198926847676,0.27852998065764,FALSE,8,174
HNSC,5,0.208649375552135,0.406614785992218,FALSE,9,174
LIHC,5,0.734776402648302,0.461111111111111,FALSE,10,174
BRCA,4,0.0676608836669924,0.478952291861553,FALSE,11,174
LAML,4,0.214355852479024,0.315436241610738,FALSE,12,174
BLCA,3,0.837642674453033,0.446913580246914,FALSE,13,174
SARC,2,0.323400203282266,0.379446640316206,FALSE,14,174
COADREAD,2,0.634164671123948,0.480565371024735,FALSE,15,174
OV,2,0.68444675791771,0.287625418060201,FALSE,16,174
CESC,2,0.775533239499376,0.434163701067616,FALSE,17,174
LUSC,2,0.895517329415345,0.350104821802935,FALSE,18,174
GBM,1,0.975486302150639,0.246753246753247,FALSE,19,174
ESCA,0,0.494779826845063,0.453038674033149,FALSE,20,174
KIRC,14,6.65911770170169e-13,0.368110236220472,TRUE,1,175
LGG,11,4.13850182908737e-05,0.468627450980392,TRUE,2,175
KIRP,7,7.42161189848378e-06,0.335714285714286,TRUE,3,175
SKCM,7,0.00048450444190451,0.261176470588235,TRUE,4,175
LUAD,4,0.0011186741503908,0.356136820925553,TRUE,5,175
UCEC,2,0.00132830875679801,0.286266924564797,TRUE,6,175
PAAD,6,0.62029623488329,0.465909090909091,FALSE,7,175
BRCA,5,0.346041326780126,0.367633302151544,FALSE,8,175
SARC,5,0.394521810066185,0.367588932806324,FALSE,9,175
BLCA,3,0.0552300244999525,0.397530864197531,FALSE,10,175
LAML,3,0.23387840263318,0.25503355704698,FALSE,11,175
CESC,3,0.306379351217001,0.480427046263345,FALSE,12,175
HNSC,2,0.185312980698542,0.313229571984436,FALSE,13,175
LIHC,2,0.35586526428807,0.361111111111111,FALSE,14,175
COADREAD,2,0.959728759498599,0.353356890459364,FALSE,15,175
OV,1,0.396003648350943,0.491638795986622,FALSE,16,175
ESCA,1,0.508890951267701,0.425414364640884,FALSE,17,175
STAD,1,0.872751598355017,0.376288659793814,FALSE,18,175
GBM,1,0.915023176395948,0.357142857142857,FALSE,19,175
LUSC,0,0.942318478852369,0.383647798742138,FALSE,20,175
KIRC,15,5.95975564676721e-07,0.440944881889764,TRUE,1,176
LGG,10,0,0.23921568627451,TRUE,2,176
HNSC,7,0.0243023433471834,0.303501945525292,TRUE,3,176
UCEC,6,0.00146540672476736,0.37137330754352,TRUE,4,176
LIHC,6,0.00249778850024573,0.486111111111111,TRUE,5,176
SKCM,5,0.0051038363726158,0.24,TRUE,6,176
COADREAD,4,0.00208750496959909,0.277385159010601,TRUE,7,176
BLCA,3,0.00517509582874809,0.481481481481482,TRUE,8,176
SARC,3,0.0280976239587135,0.367588932806324,TRUE,9,176
PAAD,10,0.000977199887762348,0.0454545454545455,FALSE,10,176
LUAD,6,0.0770145846680408,0.494969818913481,FALSE,11,176
KIRP,5,0.688178372729853,0.421428571428571,FALSE,12,176
LAML,4,0.845418360603991,0.241610738255034,FALSE,13,176
GBM,3,0.594350899224048,0.448051948051948,FALSE,14,176
CESC,3,0.79397132807868,0.174377224199288,FALSE,15,176
ESCA,2,0.471162500108549,0.403314917127072,FALSE,16,176
STAD,2,0.913249665252249,0.27319587628866,FALSE,17,176
BRCA,2,0.95684171789088,0.199251637043966,FALSE,18,176
LUSC,1,0.0479275159166985,0.387840670859539,FALSE,19,176
OV,1,0.716108340969289,0.357859531772575,FALSE,20,176
KIRC,13,3.81539244642681e-12,0.27755905511811,TRUE,1,177
LGG,10,0.000274115823031162,0.462745098039216,TRUE,2,177
SKCM,6,0.00260470897335874,0.251764705882353,TRUE,3,177
UCEC,5,0.000835977504039631,0.404255319148936,TRUE,4,177
LAML,4,0.0361148884749313,0.476510067114094,TRUE,5,177
LUAD,2,0.0254449067395159,0.450704225352113,TRUE,6,177
BLCA,6,0.0720522982358537,0.454320987654321,FALSE,7,177
PAAD,5,0.580522642332723,0.346590909090909,FALSE,8,177
COADREAD,5,0.795881089744476,0.491166077738516,FALSE,9,177
KIRP,4,0.918130007137257,0.371428571428571,FALSE,10,177
BRCA,3,0.277457374491192,0.293732460243218,FALSE,11,177
SARC,3,0.304424459435223,0.454545454545455,FALSE,12,177
STAD,2,0.0903902886762791,0.497422680412371,FALSE,13,177
HNSC,2,0.162194543662811,0.420233463035019,FALSE,14,177
LIHC,1,0.119068790725847,0.480555555555556,FALSE,15,177
OV,1,0.191106413456435,0.494983277591973,FALSE,16,177
GBM,1,0.442601602152561,0.207792207792208,FALSE,17,177
CESC,1,0.908893367373361,0.405693950177936,FALSE,18,177
LUSC,0,0.193839533867631,0.329140461215933,FALSE,19,177
ESCA,0,0.442869013989195,0.441988950276243,FALSE,20,177
KIRC,8,0.000294407514875195,0.283464566929134,TRUE,1,178
UCEC,8,0.0133018311536414,0.388781431334623,TRUE,2,178
PAAD,7,0.000108022143594733,0.227272727272727,TRUE,3,178
LUAD,6,0.00662374652497888,0.41851106639839,TRUE,4,178
SARC,2,0.0444631144296034,0.288537549407115,TRUE,5,178
SKCM,11,0.114015414773633,0.247058823529412,FALSE,6,178
LGG,9,0.0526774260030028,0.474509803921569,FALSE,7,178
KIRP,5,0.440740842276913,0.242857142857143,FALSE,8,178
HNSC,5,0.966252439647323,0.1284046692607,FALSE,9,178
BLCA,4,0.681592461512538,0.318518518518519,FALSE,10,178
COADREAD,3,0.0992529950676858,0.275618374558304,FALSE,11,178
BRCA,3,0.411426931864185,0.300280636108513,FALSE,12,178
LAML,3,0.756440937599299,0.375838926174497,FALSE,13,178
STAD,2,0.519112020373325,0.291237113402062,FALSE,14,178
LIHC,2,0.761853992221008,0.438888888888889,FALSE,15,178
LUSC,1,0.174528045855449,0.375262054507338,FALSE,16,178
ESCA,1,0.208207892240916,0.386740331491713,FALSE,17,178
OV,1,0.419714366494183,0.247491638795987,FALSE,18,178
CESC,0,0.152551184795175,0.291814946619217,FALSE,19,178
GBM,0,0.602012880351904,0.324675324675325,FALSE,20,178
KIRC,14,1.7874590696465e-14,0.316929133858268,TRUE,1,179
LGG,11,3.1399889648398e-06,0.488235294117647,TRUE,2,179
HNSC,7,0.00330167798041447,0.352140077821012,TRUE,3,179
SARC,7,0.0255710402839582,0.462450592885376,TRUE,4,179
LUAD,5,0.00725673935713789,0.297786720321932,TRUE,5,179
COADREAD,4,0.0251489176642695,0.445229681978799,TRUE,6,179
PAAD,3,0.0322471759271473,0.488636363636364,TRUE,7,179
KIRP,8,0.217611668619125,0.467857142857143,FALSE,8,179
UCEC,7,0.641621670466806,0.379110251450677,FALSE,9,179
BLCA,6,0.155521834826263,0.407407407407407,FALSE,10,179
CESC,6,0.751668013225304,0.405693950177936,FALSE,11,179
GBM,4,0.0669498163500944,0.344155844155844,FALSE,12,179
STAD,4,0.125256853002757,0.402061855670103,FALSE,13,179
SKCM,3,0.0611995663640155,0.242352941176471,FALSE,14,179
LAML,3,0.133380504758608,0.302013422818792,FALSE,15,179
LIHC,3,0.268636030189708,0.00555555555555556,FALSE,16,179
OV,2,0.718651809162567,0.418060200668896,FALSE,17,179
ESCA,1,0.522862206922616,0.497237569060774,FALSE,18,179
BRCA,1,0.673921076691574,0.318054256314312,FALSE,19,179
LUSC,0,0.425308282340733,0.433962264150943,FALSE,20,179
KIRC,8,4.17046536006493e-05,0.360236220472441,TRUE,1,180
LUAD,7,0.00167292895057902,0.331991951710262,TRUE,2,180
HNSC,5,0.000468115725695828,0.16147859922179,TRUE,3,180
STAD,2,0.0363186486196924,0.293814432989691,TRUE,4,180
LGG,12,0,0.105882352941176,FALSE,5,180
PAAD,8,0.0811213701286556,0.465909090909091,FALSE,6,180
OV,5,0.636476274496231,0.331103678929766,FALSE,7,180
COADREAD,4,0.143657009724668,0.148409893992933,FALSE,8,180
BRCA,4,0.284641648243215,0.287184284377923,FALSE,9,180
SKCM,4,0.587113176608724,0.345882352941177,FALSE,10,180
UCEC,4,0.87105692715593,0.435203094777563,FALSE,11,180
LIHC,3,0.11221875982324,0.333333333333333,FALSE,12,180
KIRP,3,0.14787948684778,0.478571428571429,FALSE,13,180
LAML,3,0.34018541102662,0.483221476510067,FALSE,14,180
SARC,3,0.370983352313908,0.343873517786561,FALSE,15,180
BLCA,3,0.520674626429124,0.00246913580246914,FALSE,16,180
GBM,3,0.709975326765768,0.331168831168831,FALSE,17,180
CESC,3,0.869582434477161,0.266903914590747,FALSE,18,180
ESCA,1,0.479089376381896,0.359116022099448,FALSE,19,180
LUSC,0,0.0227018436678659,0.461215932914046,FALSE,20,180
KIRC,9,0.000558723197272126,0.423228346456693,TRUE,1,181
SKCM,8,0.000268396641102009,0.178823529411765,TRUE,2,181
BLCA,5,0.0103344251671423,0.269135802469136,TRUE,3,181
PAAD,9,0.172178062119893,0.295454545454545,FALSE,4,181
LGG,8,0.218146813846971,0.46078431372549,FALSE,5,181
SARC,7,0.739940528852987,0.422924901185771,FALSE,6,181
UCEC,7,0.904960944340671,0.37137330754352,FALSE,7,181
KIRP,5,0.354427259859453,0.385714285714286,FALSE,8,181
CESC,4,0.216901155431319,0.455516014234875,FALSE,9,181
LUAD,3,0.168703191790267,0.394366197183099,FALSE,10,181
HNSC,3,0.646517958964053,0.468871595330739,FALSE,11,181
STAD,2,0.129383797249287,0.319587628865979,FALSE,12,181
COADREAD,2,0.22089624323751,0.144876325088339,FALSE,13,181
LAML,2,0.356466434368102,0.442953020134228,FALSE,14,181
LIHC,2,0.426887276603571,0.452777777777778,FALSE,15,181
OV,2,0.761263601088001,0.361204013377926,FALSE,16,181
GBM,2,0.993889324212973,0.357142857142857,FALSE,17,181
ESCA,1,0.0771141247832861,0.314917127071823,FALSE,18,181
LUSC,1,0.209733525631467,0.423480083857442,FALSE,19,181
BRCA,1,0.88558294341698,0.333956969130028,FALSE,20,181
KIRC,9,3.38888953788086e-07,0.381889763779528,TRUE,1,182
BLCA,4,0.00740810078800991,0.325925925925926,TRUE,2,182
PAAD,4,0.0475910280331299,0.460227272727273,TRUE,3,182
SKCM,2,0.000137811867573334,0.190588235294118,TRUE,4,182
LGG,12,0.455924572827391,0.13921568627451,FALSE,5,182
KIRP,10,0.90578348594364,0.296428571428571,FALSE,6,182
UCEC,4,0.237980820826026,0.261121856866538,FALSE,7,182
COADREAD,4,0.540230746888986,0.0406360424028269,FALSE,8,182
SARC,4,0.80895524685393,0.00790513833992095,FALSE,9,182
LIHC,3,0.0675388509599066,0.369444444444444,FALSE,10,182
OV,3,0.135903200101663,0.40133779264214,FALSE,11,182
LUAD,3,0.570449845855449,0.344064386317907,FALSE,12,182
GBM,3,0.938024114188227,0.363636363636364,FALSE,13,182
STAD,2,0.0648458308352917,0.244845360824742,FALSE,14,182
CESC,2,0.118551574514153,0.209964412811388,FALSE,15,182
HNSC,2,0.439087136824919,0.16147859922179,FALSE,16,182
LAML,2,0.789827232991854,0.181208053691275,FALSE,17,182
LUSC,1,0.312725539981326,0.29979035639413,FALSE,18,182
BRCA,1,0.696383081761343,0.327408793264733,FALSE,19,182
ESCA,1,0.882551144467475,0.480662983425414,FALSE,20,182
KIRC,14,3.86543346312385e-05,0.303149606299213,TRUE,1,183
LGG,10,0.000144279154708493,0.386274509803922,TRUE,2,183
UCEC,9,2.00011298875369e-05,0.340425531914894,TRUE,3,183
KIRP,9,0.0173724816544317,0.417857142857143,TRUE,4,183
LIHC,6,0.037801948952585,0.375,TRUE,5,183
LUAD,5,0.0018283682385577,0.44466800804829,TRUE,6,183
STAD,5,0.0242680267270962,0.345360824742268,TRUE,7,183
COADREAD,4,0.000969512958006513,0.340989399293286,TRUE,8,183
BLCA,4,0.0438397899001012,0.365432098765432,TRUE,9,183
PAAD,11,0.000422476253772119,0.0454545454545455,FALSE,10,183
SKCM,4,0.142779127818571,0.256470588235294,FALSE,11,183
LAML,3,0.754652198705203,0.295302013422819,FALSE,12,183
HNSC,2,0.444273695805812,0.381322957198444,FALSE,13,183
SARC,2,0.647743341715969,0.347826086956522,FALSE,14,183
OV,1,0.192706112934344,0.474916387959866,FALSE,15,183
CESC,1,0.267125127952461,0.380782918149466,FALSE,16,183
ESCA,1,0.274235636264243,0.397790055248619,FALSE,17,183
GBM,1,0.313452625886195,0.454545454545455,FALSE,18,183
LUSC,0,0.023810566134336,0.450733752620545,FALSE,19,183
BRCA,0,0.0444765661232551,0.325537885874649,FALSE,20,183
KIRC,13,6.80734579816544e-10,0.240157480314961,TRUE,1,184
SKCM,5,0.0101673230543075,0.185882352941176,TRUE,2,184
LUAD,5,0.0172242262101994,0.267605633802817,TRUE,3,184
BLCA,4,0.00174548116757223,0.466666666666667,TRUE,4,184
SARC,4,0.00547102145050438,0.343873517786561,TRUE,5,184
LAML,4,0.0382557266784764,0.483221476510067,TRUE,6,184
CESC,3,0.0288384300110721,0.348754448398577,TRUE,7,184
LGG,12,0.482443509403926,0.36078431372549,FALSE,8,184
PAAD,7,0.485864125957703,0.454545454545455,FALSE,9,184
UCEC,6,0.26398388453442,0.408123791102515,FALSE,10,184
KIRP,6,0.597362956851056,0.417857142857143,FALSE,11,184
COADREAD,3,0.171219659955946,0.245583038869258,FALSE,12,184
HNSC,3,0.38715642802694,0.16147859922179,FALSE,13,184
BRCA,3,0.812296068945072,0.250701590271282,FALSE,14,184
LIHC,2,0.810051308984522,0.336111111111111,FALSE,15,184
LUSC,2,0.898269240282912,0.228511530398323,FALSE,16,184
GBM,1,0.520771034318192,0.220779220779221,FALSE,17,184
OV,1,0.524414521464919,0.357859531772575,FALSE,18,184
STAD,1,0.806477307740267,0.47680412371134,FALSE,19,184
ESCA,0,0.965109078783321,0.497237569060774,FALSE,20,184
KIRC,10,4.27196251949757e-05,0.5,TRUE,1,185
LAML,6,0.000417267898459639,0.389261744966443,TRUE,2,185
LUAD,5,0.0262743145312699,0.323943661971831,TRUE,3,185
LGG,11,0.279153607141354,0.42156862745098,FALSE,4,185
PAAD,6,0.217766726171798,0.335227272727273,FALSE,5,185
HNSC,6,0.80189610008162,0.336575875486381,FALSE,6,185
SKCM,6,0.869777610146294,0.404705882352941,FALSE,7,185
COADREAD,5,0.60354436756862,0.409893992932862,FALSE,8,185
BLCA,4,0.585503483743245,0.488888888888889,FALSE,9,185
OV,3,0.134782506645866,0.357859531772575,FALSE,10,185
GBM,3,0.192756351444949,0.188311688311688,FALSE,11,185
STAD,3,0.297643372065724,0.126288659793814,FALSE,12,185
LIHC,3,0.424548670112511,0.477777777777778,FALSE,13,185
SARC,3,0.649498339679993,0.375494071146245,FALSE,14,185
CESC,3,0.849033394369151,0.498220640569395,FALSE,15,185
UCEC,2,0.328931438412246,0.427466150870406,FALSE,16,185
KIRP,2,0.419777033235016,0.457142857142857,FALSE,17,185
LUSC,2,0.860631504890232,0.381551362683438,FALSE,18,185
ESCA,1,0.730826014653897,0.497237569060774,FALSE,19,185
BRCA,1,0.867982284662722,0.462114125350795,FALSE,20,185
KIRC,11,2.62465378292331e-05,0.320866141732283,TRUE,1,186
LIHC,4,0.0172952717410104,0.319444444444444,TRUE,2,186
SKCM,3,0.0154832532476102,0.225882352941176,TRUE,3,186
LGG,10,0.094564039857636,0.396078431372549,FALSE,4,186
PAAD,8,0.628373686817182,0.323863636363636,FALSE,5,186
LAML,8,0.865187964051225,0.476510067114094,FALSE,6,186
KIRP,6,0.273446030724232,0.260714285714286,FALSE,7,186
BLCA,5,0.216996349374045,0.212345679012346,FALSE,8,186
HNSC,5,0.305005821900933,0.0933852140077821,FALSE,9,186
LUAD,4,0.186660286051204,0.436619718309859,FALSE,10,186
UCEC,3,0.0668301438964252,0.237911025145068,FALSE,11,186
SARC,2,0.0912744949213902,0.312252964426877,FALSE,12,186
COADREAD,2,0.213915438220325,0.376325088339223,FALSE,13,186
OV,2,0.249241236365788,0.341137123745819,FALSE,14,186
BRCA,1,0.44778408711618,0.261927034611787,FALSE,15,186
LUSC,1,0.996621045146168,0.473794549266247,FALSE,16,186
CESC,0,0.144994959001379,0.213523131672598,FALSE,17,186
STAD,0,0.193977413887735,0.389175257731959,FALSE,18,186
ESCA,0,0.246402832387892,0.497237569060774,FALSE,19,186
GBM,0,0.882092495466094,0.422077922077922,FALSE,20,186
LGG,15,7.96424290638864e-06,0.33921568627451,TRUE,1,187
KIRC,9,0.00669599785331143,0.391732283464567,TRUE,2,187
KIRP,8,0.00381629483367874,0.439285714285714,TRUE,3,187
UCEC,6,0.0485760700787503,0.415860735009671,TRUE,4,187
SKCM,5,0.0112777713704405,0.228235294117647,TRUE,5,187
LAML,5,0.0412522868996443,0.476510067114094,TRUE,6,187
PAAD,9,0.897062253486577,0.363636363636364,FALSE,7,187
HNSC,5,0.0528068451656373,0.474708171206226,FALSE,8,187
LUAD,4,0.0799002589217459,0.301810865191147,FALSE,9,187
GBM,4,0.241250264742634,0.279220779220779,FALSE,10,187
LIHC,4,0.250524728821898,0.491666666666667,FALSE,11,187
SARC,4,0.25854777527156,0.49802371541502,FALSE,12,187
OV,3,0.147835619757593,0.488294314381271,FALSE,13,187
BRCA,3,0.22268051959787,0.467726847521048,FALSE,14,187
LUSC,2,0.164410207794612,0.469601677148847,FALSE,15,187
COADREAD,2,0.225979021797832,0.399293286219081,FALSE,16,187
STAD,2,0.919479217031876,0.47680412371134,FALSE,17,187
BLCA,1,0.0268079667198475,0.387654320987654,FALSE,18,187
ESCA,0,0.490833469178232,0.486187845303867,FALSE,19,187
CESC,0,0.860630040954565,0.277580071174377,FALSE,20,187
KIRC,15,7.93661306819349e-06,0.328740157480315,TRUE,1,188
UCEC,11,0.000443866101581203,0.431334622823985,TRUE,2,188
LIHC,7,0.00222302394317664,0.422222222222222,TRUE,3,188
KIRP,6,0.00400710345088307,0.442857142857143,TRUE,4,188
HNSC,5,0.0299538043785192,0.291828793774319,TRUE,5,188
SKCM,11,0.000664575694918068,0.136470588235294,FALSE,6,188
LGG,9,0.213716973955046,0.484313725490196,FALSE,7,188
CESC,6,0.170865181847328,0.419928825622776,FALSE,8,188
LAML,6,0.336903430444645,0.38255033557047,FALSE,9,188
PAAD,3,0.0811554020272212,0.414772727272727,FALSE,10,188
GBM,3,0.308558660626105,0.396103896103896,FALSE,11,188
SARC,3,0.50287199630867,0.458498023715415,FALSE,12,188
BRCA,2,0.234734099336629,0.443405051449953,FALSE,13,188
BLCA,2,0.627038361213741,0.409876543209877,FALSE,14,188
COADREAD,1,0.110919619947323,0.42226148409894,FALSE,15,188
LUAD,1,0.482800970501531,0.352112676056338,FALSE,16,188
ESCA,1,0.508476622830681,0.491712707182321,FALSE,17,188
OV,0,0.801632955231957,0.384615384615385,FALSE,18,188
LUSC,0,0.837523844180024,0.310272536687631,FALSE,19,188
STAD,0,0.917823462976105,0.494845360824742,FALSE,20,188
KIRC,14,0.00106373170648888,0.456692913385827,TRUE,1,189
SKCM,12,3.89521488486366e-06,0.28,TRUE,2,189
LGG,11,0.000631257291186294,0.413725490196078,TRUE,3,189
KIRP,7,0.00587243882021549,0.335714285714286,TRUE,4,189
BLCA,6,0.0178751316782503,0.397530864197531,TRUE,5,189
COADREAD,2,0.0263171873709407,0.212014134275618,TRUE,6,189
LIHC,7,0.351633531820513,0.102777777777778,FALSE,7,189
PAAD,6,0.0546499724343935,0.471590909090909,FALSE,8,189
LUAD,5,0.095460304385919,0.354124748490946,FALSE,9,189
CESC,5,0.425585842809153,0.352313167259786,FALSE,10,189
UCEC,3,0.0919878143563556,0.48742746615087,FALSE,11,189
OV,3,0.105044288446324,0.341137123745819,FALSE,12,189
HNSC,3,0.442507085272488,0.262645914396887,FALSE,13,189
LAML,3,0.453830674133576,0.395973154362416,FALSE,14,189
BRCA,3,0.7698342455133,0.401309635173059,FALSE,15,189
STAD,2,0.073272014300143,0.309278350515464,FALSE,16,189
GBM,1,0.397668296858566,0.441558441558442,FALSE,17,189
LUSC,1,0.434636962962653,0.268343815513627,FALSE,18,189
SARC,1,0.484518181456735,0.490118577075099,FALSE,19,189
ESCA,1,0.650149106347745,0.453038674033149,FALSE,20,189
KIRC,14,4.58031279571003e-10,0.153543307086614,TRUE,1,190
LGG,13,3.96794480606033e-08,0.258823529411765,TRUE,2,190
LIHC,6,5.3176104319097e-05,0.305555555555556,TRUE,3,190
GBM,3,0.0178480922891316,0.363636363636364,TRUE,4,190
SKCM,7,0.00264982735358854,0.0117647058823529,FALSE,5,190
LAML,7,0.0947239799336016,0.429530201342282,FALSE,6,190
SARC,7,0.567712286572911,0.316205533596838,FALSE,7,190
PAAD,5,0.00199452208384665,0.0625,FALSE,8,190
BRCA,4,0.343494042818913,0.307764265668849,FALSE,9,190
KIRP,3,0.0695078944226082,0.496428571428571,FALSE,10,190
OV,3,0.114282525458248,0.31438127090301,FALSE,11,190
UCEC,3,0.760879314304554,0.303675048355899,FALSE,12,190
COADREAD,2,0.684984935510383,0.106007067137809,FALSE,13,190
BLCA,2,0.874152202214864,0.367901234567901,FALSE,14,190
LUAD,1,0.137219648969963,0.297786720321932,FALSE,15,190
HNSC,1,0.176997176659331,0.381322957198444,FALSE,16,190
STAD,1,0.354467129203077,0.00515463917525773,FALSE,17,190
CESC,1,0.498844775794753,0.298932384341637,FALSE,18,190
LUSC,0,0.0479026040927261,0.408805031446541,FALSE,19,190
ESCA,0,0.420689066872496,0.43646408839779,FALSE,20,190
KIRC,12,3.28334020682775e-06,0.246062992125984,TRUE,1,191
LGG,11,8.77857966097295e-07,0.219607843137255,TRUE,2,191
SKCM,6,0.00247249677204298,0.24,TRUE,3,191
LIHC,6,0.00655518217899609,0.452777777777778,TRUE,4,191
UCEC,6,0.0102496087587514,0.313346228239845,TRUE,5,191
BLCA,4,0.0157057722697391,0.451851851851852,TRUE,6,191
LAML,2,0.0207453215970035,0.228187919463087,TRUE,7,191
PAAD,6,0.258694682236432,0.465909090909091,FALSE,8,191
KIRP,5,0.502472848354292,0.446428571428571,FALSE,9,191
LUAD,4,0.477869444100008,0.440643863179074,FALSE,10,191
BRCA,3,0.659001600442591,0.405051449953227,FALSE,11,191
OV,3,0.86898865562449,0.491638795986622,FALSE,12,191
CESC,2,0.137861634080123,0.373665480427046,FALSE,13,191
SARC,2,0.744237017727369,0.466403162055336,FALSE,14,191
LUSC,1,0.114691291757303,0.354297693920335,FALSE,15,191
COADREAD,1,0.287862301367765,0.480565371024735,FALSE,16,191
STAD,1,0.814107084977623,0.322164948453608,FALSE,17,191
ESCA,1,0.883863550155478,0.348066298342541,FALSE,18,191
HNSC,1,0.997767724133815,0.315175097276265,FALSE,19,191
GBM,0,0.638735624876463,0.461038961038961,FALSE,20,191
LGG,15,1.68968752323195e-08,0.313725490196078,TRUE,1,192
KIRC,11,3.28087183398829e-05,0.383858267716535,TRUE,2,192
UCEC,4,0.0214509406767209,0.299806576402321,TRUE,3,192
CESC,4,0.0381601107704797,0.188612099644128,TRUE,4,192
PAAD,8,0.00169625650509508,0.107954545454545,FALSE,5,192
LUAD,6,0.888433899365492,0.297786720321932,FALSE,6,192
SKCM,5,0.161947843547137,0.254117647058824,FALSE,7,192
KIRP,5,0.889442575643196,0.332142857142857,FALSE,8,192
BLCA,5,0.996738575141409,0.328395061728395,FALSE,9,192
BRCA,4,0.73424523211422,0.292797006548176,FALSE,10,192
OV,3,0.221099045228419,0.451505016722408,FALSE,11,192
SARC,3,0.308215362410678,0.446640316205534,FALSE,12,192
HNSC,3,0.486766374724607,0.0933852140077821,FALSE,13,192
LAML,3,0.943566414418599,0.449664429530201,FALSE,14,192
LIHC,3,0.950340646038318,0.247222222222222,FALSE,15,192
STAD,2,0.874076414197072,0.427835051546392,FALSE,16,192
COADREAD,2,0.913123880446431,0.482332155477032,FALSE,17,192
ESCA,1,0.290377517467868,0.43646408839779,FALSE,18,192
GBM,1,0.397473904831693,0.441558441558442,FALSE,19,192
LUSC,1,0.484327813851936,0.379454926624738,FALSE,20,192
LGG,14,6.75221235091339e-06,0.441176470588235,TRUE,1,193
SKCM,10,0.0160177439648597,0.211764705882353,TRUE,2,193
KIRC,8,0.0130157022271186,0.246062992125984,TRUE,3,193
SARC,4,0.0192787202657936,0.33201581027668,TRUE,4,193
PAAD,8,0.00111924596811519,0.0397727272727273,FALSE,5,193
UCEC,7,0.0731158097801683,0.367504835589942,FALSE,6,193
LIHC,5,0.0956568918999226,0.302777777777778,FALSE,7,193
COADREAD,5,0.105925205370146,0.498233215547703,FALSE,8,193
LUAD,5,0.834779611915723,0.253521126760563,FALSE,9,193
LAML,4,0.0982110387866303,0.422818791946309,FALSE,10,193
BLCA,4,0.541376729530736,0.328395061728395,FALSE,11,193
KIRP,4,0.978492919430313,0.432142857142857,FALSE,12,193
GBM,3,0.249593477419778,0.116883116883117,FALSE,13,193
LUSC,3,0.34886636735687,0.314465408805031,FALSE,14,193
STAD,3,0.581881924983027,0.384020618556701,FALSE,15,193
ESCA,2,0.678247500512716,0.464088397790055,FALSE,16,193
HNSC,2,0.894127127893936,0.25875486381323,FALSE,17,193
OV,1,0.0644039082197554,0.387959866220736,FALSE,18,193
BRCA,0,0.136687085221753,0.389148737137512,FALSE,19,193
CESC,0,0.567341069857702,0.0925266903914591,FALSE,20,193
LGG,11,6.44246527836678e-06,0.447058823529412,TRUE,1,194
SKCM,9,5.72867090997686e-06,0.155294117647059,TRUE,2,194
HNSC,5,0.000864624219782284,0.280155642023346,TRUE,3,194
BLCA,5,0.00241632680533255,0.414814814814815,TRUE,4,194
PAAD,10,0.000210827668001401,0.0511363636363636,FALSE,5,194
KIRC,7,0.896774476582985,0.047244094488189,FALSE,6,194
KIRP,6,0.723648745984251,0.410714285714286,FALSE,7,194
CESC,4,0.309145218780171,0.377224199288256,FALSE,8,194
LUAD,4,0.865521191611877,0.362173038229376,FALSE,9,194
UCEC,4,0.949725196384453,0.295938104448743,FALSE,10,194
STAD,3,0.651045310577708,0.40979381443299,FALSE,11,194
OV,2,0.0767928764249079,0.424749163879599,FALSE,12,194
ESCA,2,0.310787406342275,0.497237569060774,FALSE,13,194
LAML,2,0.391238051059019,0.369127516778524,FALSE,14,194
GBM,2,0.487411374180162,0.266233766233766,FALSE,15,194
LIHC,2,0.499060546365075,0.338888888888889,FALSE,16,194
BRCA,2,0.559738325218072,0.316183348924228,FALSE,17,194
COADREAD,2,0.67898057401504,0.0512367491166078,FALSE,18,194
SARC,1,0.720918798357404,0.478260869565217,FALSE,19,194
LUSC,1,0.92361673788279,0.379454926624738,FALSE,20,194
LGG,14,1.73658865065818e-11,0.376470588235294,TRUE,1,195
KIRC,11,6.80792842312483e-05,0.427165354330709,TRUE,2,195
SKCM,9,0.000451318799572387,0.244705882352941,TRUE,3,195
STAD,5,0.000597694366073709,0.221649484536082,TRUE,4,195
LUAD,5,0.00101860643496698,0.470824949698189,TRUE,5,195
UCEC,6,0.710746182399811,0.303675048355899,FALSE,6,195
LIHC,6,0.754002367378136,0.361111111111111,FALSE,7,195
COADREAD,5,0.272488393174344,0.362190812720848,FALSE,8,195
PAAD,5,0.666590392317244,0.318181818181818,FALSE,9,195
HNSC,4,0.302846715479726,0.297665369649805,FALSE,10,195
BLCA,4,0.890433090149418,0.274074074074074,FALSE,11,195
LAML,3,0.315942231744066,0.395973154362416,FALSE,12,195
CESC,2,0.0646091159420055,0.434163701067616,FALSE,13,195
GBM,2,0.225843034116035,0.233766233766234,FALSE,14,195
KIRP,2,0.300694651594558,0.489285714285714,FALSE,15,195
ESCA,2,0.646463582206831,0.265193370165746,FALSE,16,195
OV,2,0.727271014640901,0.384615384615385,FALSE,17,195
SARC,1,0.693090283357709,0.41897233201581,FALSE,18,195
LUSC,0,0.0488313753138447,0.276729559748428,FALSE,19,195
BRCA,0,0.424977998530914,0.402245088868101,FALSE,20,195
KIRC,13,2.41097379327648e-06,0.263779527559055,TRUE,1,196
LAML,7,0.00558505505172446,0.187919463087248,TRUE,2,196
LUAD,7,0.0274217654355382,0.422535211267606,TRUE,3,196
KIRP,7,0.0389974946012182,0.389285714285714,TRUE,4,196
LIHC,5,0.0147983133142825,0.325,TRUE,5,196
BLCA,5,0.0251890569127821,0.496296296296296,TRUE,6,196
HNSC,4,0.00683347128775325,0.361867704280156,TRUE,7,196
STAD,2,0.00705032144164408,0.247422680412371,TRUE,8,196
LGG,14,0.0791915842825671,0.488235294117647,FALSE,9,196
SKCM,6,0.00179031844360633,0.0235294117647059,FALSE,10,196
PAAD,5,0.297350626658335,0.426136363636364,FALSE,11,196
UCEC,5,0.421064577405788,0.413926499032882,FALSE,12,196
SARC,4,0.597616635074971,0.272727272727273,FALSE,13,196
COADREAD,3,0.110234818177656,0.434628975265018,FALSE,14,196
CESC,2,0.305629305886522,0.238434163701068,FALSE,15,196
LUSC,2,0.323884043766867,0.431865828092243,FALSE,16,196
OV,2,0.922489667290689,0.287625418060201,FALSE,17,196
BRCA,1,0.680914612275471,0.221702525724977,FALSE,18,196
GBM,1,0.793330816844423,0.201298701298701,FALSE,19,196
ESCA,0,0.690021534985451,0.464088397790055,FALSE,20,196
LGG,11,0,0.225490196078431,TRUE,1,197
SKCM,9,7.87305964788931e-06,0.167058823529412,TRUE,2,197
KIRC,9,0.00336384148729252,0.187007874015748,TRUE,3,197
KIRP,7,0.00181365354622909,0.432142857142857,TRUE,4,197
LIHC,3,0.0149558753432634,0.258333333333333,TRUE,5,197
PAAD,7,0.000569117369908279,0.0454545454545455,FALSE,6,197
COADREAD,4,0.73165969983124,0.0512367491166078,FALSE,7,197
SARC,3,0.0550989134426922,0.0158102766798419,FALSE,8,197
LUAD,3,0.102611700605796,0.231388329979879,FALSE,9,197
BRCA,3,0.174204589932578,0.318054256314312,FALSE,10,197
UCEC,3,0.177928822558454,0.152804642166344,FALSE,11,197
CESC,3,0.4513838533769,0.160142348754448,FALSE,12,197
HNSC,3,0.520190165991204,0.0875486381322957,FALSE,13,197
BLCA,3,0.753121446880502,0.441975308641975,FALSE,14,197
LUSC,1,0.183170543206129,0.40461215932914,FALSE,15,197
ESCA,1,0.28468031211751,0.414364640883978,FALSE,16,197
OV,1,0.390990405482276,0.297658862876254,FALSE,17,197
STAD,1,0.413685969017259,0.451030927835052,FALSE,18,197
LAML,1,0.415122296544296,0.228187919463087,FALSE,19,197
GBM,1,0.686189446848339,0.285714285714286,FALSE,20,197
SKCM,6,0.000943855526624016,0.216470588235294,TRUE,1,198
LIHC,5,0.0322679505766892,0.477777777777778,TRUE,2,198
BLCA,4,0.0330074335136427,0.439506172839506,TRUE,3,198
KIRC,14,0.129000768091237,0.0551181102362205,FALSE,4,198
LGG,11,0.526598249813536,0.301960784313726,FALSE,5,198
PAAD,9,0.000422476253772119,0.0454545454545455,FALSE,6,198
KIRP,8,0.384746104466502,0.45,FALSE,7,198
SARC,7,0.050011713558399,0.201581027667984,FALSE,8,198
LUAD,5,0.0641668905136206,0.279678068410463,FALSE,9,198
LAML,3,0.356953772345512,0.00671140939597315,FALSE,10,198
HNSC,3,0.444720243966416,0.416342412451362,FALSE,11,198
STAD,2,0.0803294993041904,0.322164948453608,FALSE,12,198
OV,2,0.541015656946796,0.307692307692308,FALSE,13,198
CESC,2,0.736237993446734,0.256227758007117,FALSE,14,198
ESCA,2,0.771010589983217,0.497237569060774,FALSE,15,198
BRCA,1,0.114804525292096,0.478952291861553,FALSE,16,198
GBM,1,0.160695743982689,0.454545454545455,FALSE,17,198
LUSC,1,0.3309677031635,0.375262054507338,FALSE,18,198
COADREAD,1,0.540190822112456,0.415194346289753,FALSE,19,198
UCEC,0,0.101714988663395,0.181818181818182,FALSE,20,198
KIRC,10,0.000137892964452546,0.311023622047244,TRUE,1,199
SKCM,8,0.00126505833337087,0.183529411764706,TRUE,2,199
OV,4,0.0144565097584424,0.494983277591973,TRUE,3,199
LGG,6,0.0634539937859518,0.374509803921569,FALSE,4,199
KIRP,5,0.150177525838651,0.414285714285714,FALSE,5,199
LAML,5,0.267102061184932,0.429530201342282,FALSE,6,199
PAAD,5,0.40305043646117,0.369318181818182,FALSE,7,199
LUAD,5,0.552786250480718,0.132796780684105,FALSE,8,199
CESC,4,0.126238915292007,0.341637010676157,FALSE,9,199
BLCA,4,0.210886410926093,0.340740740740741,FALSE,10,199
UCEC,4,0.240413502824383,0.361702127659575,FALSE,11,199
SARC,4,0.894754711370642,0.209486166007905,FALSE,12,199
LIHC,3,0.272775524394978,0.297222222222222,FALSE,13,199
COADREAD,3,0.790686321522093,0.0459363957597173,FALSE,14,199
HNSC,3,0.835764270322266,0.165369649805447,FALSE,15,199
BRCA,2,0.585742039975652,0.242282507015903,FALSE,16,199
GBM,2,0.957005224907783,0.194805194805195,FALSE,17,199
STAD,1,0.404984460290338,0.479381443298969,FALSE,18,199
LUSC,0,0.0536638430746208,0.450733752620545,FALSE,19,199
ESCA,0,0.511069227105098,0.425414364640884,FALSE,20,199
KIRC,12,4.65922125325591e-07,0.320866141732283,TRUE,1,200
LGG,12,0.000510771217177131,0.396078431372549,TRUE,2,200
PAAD,7,0.00651614210359697,0.431818181818182,TRUE,3,200
HNSC,3,0.0220785043606389,0.227626459143969,TRUE,4,200
BLCA,2,0.0139743947442187,0.454320987654321,TRUE,5,200
STAD,2,0.0368812336776085,0.306701030927835,TRUE,6,200
CESC,6,0.503477537292425,0.427046263345196,FALSE,7,200
SARC,6,0.718957133909622,0.430830039525692,FALSE,8,200
KIRP,6,0.94895318981575,0.432142857142857,FALSE,9,200
LUAD,5,0.526444401752701,0.160965794768612,FALSE,10,200
SKCM,4,0.295394798294439,0.228235294117647,FALSE,11,200
UCEC,4,0.678979337831242,0.357833655705996,FALSE,12,200
LIHC,2,0.255395189798025,0.422222222222222,FALSE,13,200
LAML,2,0.933244838650428,0.449664429530201,FALSE,14,200
OV,1,0.0159488440878722,0.488294314381271,FALSE,15,200
LUSC,1,0.61782979051504,0.268343815513627,FALSE,16,200
GBM,1,0.780504613948235,0.266233766233766,FALSE,17,200
COADREAD,1,0.96652929251728,0.371024734982332,FALSE,18,200
BRCA,0,0.540919068232128,0.409728718428438,FALSE,19,200
ESCA,0,0.888952904959048,0.469613259668508,FALSE,20,200
