"section","tas","ca9","predicted","compartment"
"Tumour 1",-0.142069685830984,0,"vSMC/Pericyte","Other spots"
"Tumour 1",-0.0149917730997058,0.169968509704465,"Tumor cells","Tumor spots"
"Tumour 1",0.00660311149703191,0,"vSMC/Pericyte","Other spots"
"Tumour 1",0.14297920212271,0.401979085826081,"Tumor cells","Tumor spots"
"Tumour 1",-0.0859380909363883,0,"Tumor cells","Tumor spots"
"Tumour 1",-0.13762157844835,0,"vSMC/Pericyte","Other spots"
"Tumour 1",0.0420518266182968,0.635654308069555,"vSMC/Pericyte","Other spots"
"Tumour 1",0.0436200916054448,0.349857757796083,"Tumor cells","Tumor spots"
"Tumour 1",0.014781869724451,0.645316786542242,"Tumor cells","Tumor spots"
"Tumour 1",0.0770265886848987,0.326086156590712,"Tumor cells","Tumor spots"
"Tumour 1",0.223412959502522,0,"vSMC/Pericyte","Other spots"
"Tumour 1",0.0411567481059667,0,"vSMC/Pericyte","Other spots"
"Tumour 1",0.0814801393231416,0.517774226860727,"vSMC/Pericyte","Other spots"
"Tumour 1",0.00879190064496682,0,"vSMC/Pericyte","Other spots"
"Tumour 1",-0.106264989320842,0,"vSMC/Pericyte","Other spots"
"Tumour 1",-0.199845070982683,0,"vSMC/Pericyte","Other spots"
"Tumour 1",0.0949654738705027,0,"vSMC/Pericyte","Other spots"
"Tumour 1",0.0654141823909531,0,"T cells","Other spots"
"Tumour 1",0.0202862140194743,0,"vSMC/Pericyte","Other spots"
"Tumour 1",0.0214126330979678,0.15856424902046,"Tumor cells","Tumor spots"
"Tumour 1",-0.0314152999052397,0.3732220453435,"Tumor cells","Tumor spots"
"Tumour 1",0.137030569183949,0,"T cells","Other spots"
"Tumour 1",0.0563213243739764,0,"B/Plasma/Mast","Other spots"
"Tumour 1",0.034081447314187,0,"Tumor cells","Tumor spots"
"Tumour 1",-0.103719195043702,0,"vSMC/Pericyte","Other spots"
"Tumour 1",-0.0688045841003466,0.356024715480307,"vSMC/Pericyte","Other spots"
"Tumour 1",0.145113010063562,0,"B/Plasma/Mast","Other spots"
"Tumour 1",-0.244875289579936,0,"vSMC/Pericyte","Other spots"
"Tumour 1",-0.0109395041635967,0,"vSMC/Pericyte","Other spots"
"Tumour 1",0.0451610497314328,0,"Tumor cells","Tumor spots"
"Tumour 1",0.000652503406083138,0,"B/Plasma/Mast","Other spots"
"Tumour 1",0.00987477320822677,0.284208160317027,"Tumor cells","Tumor spots"
"Tumour 1",0.019298259544173,0,"vSMC/Pericyte","Other spots"
"Tumour 1",0.00378166931388518,0.318307208225774,"vSMC/Pericyte","Other spots"
"Tumour 1",-0.0478869250217913,0,"Endothelial","Other spots"
"Tumour 1",-0.0092157956941214,0.39032691010334,"vSMC/Pericyte","Other spots"
"Tumour 1",0.171174413882839,0,"vSMC/Pericyte","Other spots"
"Tumour 1",-0.0763562386668382,0,"vSMC/Pericyte","Other spots"
"Tumour 1",-0.0132953671447561,0.774223387168404,"Tumor cells","Tumor spots"
"Tumour 1",0.103365897183639,0.416248267791624,"Tumor cells","Tumor spots"
"Tumour 1",-0.111863859818198,1.37279767867582,"vSMC/Pericyte","Other spots"
"Tumour 1",0.07581947630005,0,"B/Plasma/Mast","Other spots"
"Tumour 1",-0.109507839976047,0,"vSMC/Pericyte","Other spots"
"Tumour 1",0.0206431179251393,0.456487425786964,"Tumor cells","Tumor spots"
"Tumour 1",0.167416213272514,0,"Tumor cells","Tumor spots"
"Tumour 1",-0.0840689664367433,0.452276223373961,"Tumor cells","Tumor spots"
"Tumour 1",0.0979536096320276,0.58559069115054,"vSMC/Pericyte","Other spots"
"Tumour 1",0.1080710225581,0.757958512876672,"Tumor cells","Tumor spots"
"Tumour 1",-0.140241203724842,0,"vSMC/Pericyte","Other spots"
"Tumour 1",0.0466752115057336,0.368890901019556,"vSMC/Pericyte","Other spots"
"Tumour 1",-0.0451463415994276,0.521557912440059,"vSMC/Pericyte","Other spots"
"Tumour 1",-0.0873967402491739,0,"Tumor cells","Tumor spots"
"Tumour 1",-0.10576744838123,0,"B/Plasma/Mast","Other spots"
"Tumour 1",-0.084069808972414,0,"vSMC/Pericyte","Other spots"
"Tumour 1",-0.0738914846853896,0,"vSMC/Pericyte","Other spots"
"Tumour 1",0.0777373713574049,0.521933820308967,"Tumor cells","Tumor spots"
"Tumour 1",-0.012099336851463,0.359387055951224,"Tumor cells","Tumor spots"
"Tumour 1",-0.296051711851423,0,"T cells","Other spots"
"Tumour 1",0.000422878116210446,0.30528769372914,"Tumor cells","Tumor spots"
"Tumour 1",-0.132708547917303,0,"vSMC/Pericyte","Other spots"
"Tumour 1",-0.0610843527409886,0,"Tumor cells","Tumor spots"
"Tumour 1",0.0488796714343191,0,"vSMC/Pericyte","Other spots"
"Tumour 1",0.0457389395483446,0,"vSMC/Pericyte","Other spots"
"Tumour 1",0.087967361838206,0,"vSMC/Pericyte","Other spots"
"Tumour 1",-0.1395204522632,0.420618485768608,"Tumor cells","Tumor spots"
"Tumour 1",-0.0828641012407744,0.509522362769781,"vSMC/Pericyte","Other spots"
"Tumour 1",0.030733495701769,0,"vSMC/Pericyte","Other spots"
"Tumour 1",0.0274586098612725,0.619263468020645,"vSMC/Pericyte","Other spots"
"Tumour 1",-0.0169189696386833,0.464197581772561,"Tumor cells","Tumor spots"
"Tumour 1",0.0246565169152325,0,"vSMC/Pericyte","Other spots"
"Tumour 1",-0.0405040651137563,0,"B/Plasma/Mast","Other spots"
"Tumour 1",-0.0266730010545134,0,"B/Plasma/Mast","Other spots"
"Tumour 1",-0.0392379769300925,0,"Tumor cells","Tumor spots"
"Tumour 1",-0.156988907622228,0.435420769658408,"T cells","Other spots"
"Tumour 1",-0.0256176348598349,0.576340497052218,"vSMC/Pericyte","Other spots"
"Tumour 1",-0.0375249602239922,0,"vSMC/Pericyte","Other spots"
"Tumour 1",-0.104296351377344,0,"B/Plasma/Mast","Other spots"
"Tumour 1",-0.0493719066542341,0.413741252057477,"vSMC/Pericyte","Other spots"
"Tumour 1",0.0689162042733972,0,"vSMC/Pericyte","Other spots"
"Tumour 1",-0.183657053476097,0,"vSMC/Pericyte","Other spots"
"Tumour 1",-0.0461047875028292,0.717166914770504,"vSMC/Pericyte","Other spots"
"Tumour 1",0.0096701348114423,0,"T cells","Other spots"
"Tumour 1",-0.069343730595343,0,"vSMC/Pericyte","Other spots"
"Tumour 1",0.0402496577709934,0.325481171824091,"vSMC/Pericyte","Other spots"
"Tumour 1",0.154395928044013,0,"vSMC/Pericyte","Other spots"
"Tumour 1",0.304494205675336,0,"B/Plasma/Mast","Other spots"
"Tumour 1",-0.0764476311377302,0,"vSMC/Pericyte","Other spots"
"Tumour 1",-0.0354616294474388,0,"vSMC/Pericyte","Other spots"
"Tumour 1",0.0588630132081673,0,"B/Plasma/Mast","Other spots"
"Tumour 1",-0.194574978433252,0,"B/Plasma/Mast","Other spots"
"Tumour 1",0.048795519583566,0.247660679127435,"Tumor cells","Tumor spots"
"Tumour 1",-0.0329024901765716,0,"Tumor cells","Tumor spots"
"Tumour 1",0.180786269547274,0,"vSMC/Pericyte","Other spots"
"Tumour 1",-0.152547532659486,0,"vSMC/Pericyte","Other spots"
"Tumour 1",0.0937753641692453,0.487123858854821,"Tumor cells","Tumor spots"
"Tumour 1",0.0424961532921481,0.384506469896315,"vSMC/Pericyte","Other spots"
"Tumour 1",0.19158668456271,0,"vSMC/Pericyte","Other spots"
"Tumour 1",0.0772354966722497,0,"Macrophages","Other spots"
"Tumour 1",0.00296884657990265,0.287249395338642,"Tumor cells","Tumor spots"
"Tumour 1",0.122305254352437,0,"vSMC/Pericyte","Other spots"
"Tumour 1",-0.141931828236774,0,"B/Plasma/Mast","Other spots"
"Tumour 1",0.0544249748864601,0.446850324271019,"vSMC/Pericyte","Other spots"
"Tumour 1",-0.000235909046491678,0.404550537269109,"Tumor cells","Tumor spots"
"Tumour 1",0.0024730600604207,0,"vSMC/Pericyte","Other spots"
"Tumour 1",0.169351952755867,0,"vSMC/Pericyte","Other spots"
"Tumour 1",-0.0625946515006346,0,"vSMC/Pericyte","Other spots"
"Tumour 1",0.102040098900763,0,"vSMC/Pericyte","Other spots"
"Tumour 1",-0.155504371567397,0,"vSMC/Pericyte","Other spots"
"Tumour 1",-0.0419077793696902,0.456328463711988,"Tumor cells","Tumor spots"
"Tumour 1",-0.0109839024765963,0,"B/Plasma/Mast","Other spots"
"Tumour 1",-0.0408831662377355,0,"Tumor cells","Tumor spots"
"Tumour 1",0.0744433671885043,0,"vSMC/Pericyte","Other spots"
"Tumour 1",0.0857261608892711,0,"vSMC/Pericyte","Other spots"
"Tumour 1",-0.0738957276853234,0,"vSMC/Pericyte","Other spots"
"Tumour 1",-0.119492472693663,0,"B/Plasma/Mast","Other spots"
"Tumour 1",0.0654298889242677,0,"vSMC/Pericyte","Other spots"
"Tumour 1",-0.111371942194265,0,"B/Plasma/Mast","Other spots"
"Tumour 1",-0.0808835314837188,0,"vSMC/Pericyte","Other spots"
"Tumour 1",-0.0389176812437945,0,"T cells","Other spots"
"Tumour 1",0.189425299360226,0.472939690921452,"Tumor cells","Tumor spots"
"Tumour 1",-0.0375947876957912,0,"vSMC/Pericyte","Other spots"
"Tumour 1",0.00609209205130801,0,"vSMC/Pericyte","Other spots"
"Tumour 1",0.0669442000714172,0,"vSMC/Pericyte","Other spots"
"Tumour 1",0.00939860787427466,0.546145917152857,"Tumor cells","Tumor spots"
"Tumour 1",-0.0575256885956448,0,"T cells","Other spots"
"Tumour 1",-0.0112414658438306,0.678668352003155,"vSMC/Pericyte","Other spots"
"Tumour 1",-0.186467438314431,0,"T cells","Other spots"
"Tumour 1",0.037656947910056,0,"vSMC/Pericyte","Other spots"
"Tumour 1",0.0211651177470954,0,"Tumor cells","Tumor spots"
"Tumour 1",0.233347527897851,0,"T cells","Other spots"
"Tumour 1",-0.0343611563599186,0,"vSMC/Pericyte","Other spots"
"Tumour 1",-0.121083724709136,0,"Tumor cells","Tumor spots"
"Tumour 1",0.0833346706773856,0,"vSMC/Pericyte","Other spots"
"Tumour 1",0.0248571895599501,0,"T cells","Other spots"
"Tumour 1",-0.160831564602352,0.889747318524867,"vSMC/Pericyte","Other spots"
"Tumour 1",0.0015819902283733,0.893909805289157,"Tumor cells","Tumor spots"
"Tumour 1",-0.128405545372619,0,"T cells","Other spots"
"Tumour 1",-0.0715306066562297,0,"vSMC/Pericyte","Other spots"
"Tumour 1",-0.173066571070486,0,"vSMC/Pericyte","Other spots"
"Tumour 1",0.0366602062669484,0,"B/Plasma/Mast","Other spots"
"Tumour 1",-0.0344315752016518,0,"vSMC/Pericyte","Other spots"
"Tumour 1",0.0208254905932644,0,"B/Plasma/Mast","Other spots"
"Tumour 1",-0.0121586997668113,0.639924899189305,"Tumor cells","Tumor spots"
"Tumour 1",-0.0799057457060184,0,"vSMC/Pericyte","Other spots"
"Tumour 1",0.10275604988699,0,"Tumor cells","Tumor spots"
"Tumour 1",-0.0440463806541977,0,"Tumor cells","Tumor spots"
"Tumour 1",0.099571730535816,0,"Tumor cells","Tumor spots"
"Tumour 1",0.0896104294070307,0.621070236857371,"vSMC/Pericyte","Other spots"
"Tumour 1",-0.0859629298200456,0.292219684788673,"Tumor cells","Tumor spots"
"Tumour 1",0.0933868959233528,0,"vSMC/Pericyte","Other spots"
"Tumour 1",0.0582905798906845,0,"vSMC/Pericyte","Other spots"
"Tumour 1",0.0356288033903557,0.553660088236095,"Tumor cells","Tumor spots"
"Tumour 1",0.161356639457247,0,"vSMC/Pericyte","Other spots"
"Tumour 1",-0.104127617617386,0,"Tumor cells","Tumor spots"
"Tumour 1",0.0457655693541619,0.504000062665728,"Tumor cells","Tumor spots"
"Tumour 1",-0.0842212662923277,0,"vSMC/Pericyte","Other spots"
"Tumour 1",0.0337104211842584,0,"Tumor cells","Tumor spots"
"Tumour 1",0.00706517206129609,0.372860707113669,"Tumor cells","Tumor spots"
"Tumour 1",0.0125494558950719,0,"vSMC/Pericyte","Other spots"
"Tumour 1",-0.00290202489766112,0.489556374862841,"vSMC/Pericyte","Other spots"
"Tumour 1",-0.139274561342125,0,"vSMC/Pericyte","Other spots"
"Tumour 1",-0.035149727440499,0,"vSMC/Pericyte","Other spots"
"Tumour 1",0.221285919639972,0,"Tumor cells","Tumor spots"
"Tumour 1",0.00286396231857905,0,"vSMC/Pericyte","Other spots"
"Tumour 1",0.0314297781042204,0,"vSMC/Pericyte","Other spots"
"Tumour 1",0.0959280070775927,0,"Tumor cells","Tumor spots"
"Tumour 1",0.0800842856361038,0,"B/Plasma/Mast","Other spots"
"Tumour 1",-0.0527551978713644,0,"vSMC/Pericyte","Other spots"
"Tumour 1",0.0286257891626333,0,"vSMC/Pericyte","Other spots"
"Tumour 1",0.087578971500778,0,"vSMC/Pericyte","Other spots"
"Tumour 1",-0.0358202226442206,0,"vSMC/Pericyte","Other spots"
"Tumour 1",0.0299429423013529,0,"Tumor cells","Tumor spots"
"Tumour 1",-0.126786220029947,0,"vSMC/Pericyte","Other spots"
"Tumour 1",-0.0245612600260744,0.673399322591226,"Tumor cells","Tumor spots"
"Tumour 1",0.023205592851615,0,"vSMC/Pericyte","Other spots"
"Tumour 1",0.0385601269935342,0.684461772624797,"Tumor cells","Tumor spots"
"Tumour 1",-0.00947502949585799,0,"vSMC/Pericyte","Other spots"
"Tumour 1",-0.0354755296284875,0.746498745279754,"Tumor cells","Tumor spots"
"Tumour 1",0.0351185725803805,0,"vSMC/Pericyte","Other spots"
"Tumour 1",-0.172360860414776,0,"B/Plasma/Mast","Other spots"
"Tumour 1",0.00585642771148587,0,"B/Plasma/Mast","Other spots"
"Tumour 1",0.0670904313743592,0.630434118049067,"vSMC/Pericyte","Other spots"
"Tumour 1",0.00969281234691366,0.385166187025961,"B/Plasma/Mast","Other spots"
"Tumour 1",0.242031426942316,0,"B/Plasma/Mast","Other spots"
"Tumour 1",0.0258823277253327,0,"vSMC/Pericyte","Other spots"
"Tumour 1",-0.0637224520319328,0,"vSMC/Pericyte","Other spots"
"Tumour 1",0.19666464026511,0.32463373500742,"Tumor cells","Tumor spots"
"Tumour 1",-0.0469546026919746,0,"vSMC/Pericyte","Other spots"
"Tumour 1",-0.0530265645073854,0.269230372079648,"Tumor cells","Tumor spots"
"Tumour 1",0.0877238943438627,0.316175960723196,"Tumor cells","Tumor spots"
"Tumour 1",0.0358322182446337,0,"vSMC/Pericyte","Other spots"
"Tumour 1",0.0070107080864899,0.373043634082159,"Tumor cells","Tumor spots"
"Tumour 1",0.0867795438112777,0,"vSMC/Pericyte","Other spots"
"Tumour 1",-0.0225494455902402,0,"vSMC/Pericyte","Other spots"
"Tumour 1",0.062102367198663,0,"vSMC/Pericyte","Other spots"
"Tumour 1",0.173320488043509,0,"T cells","Other spots"
"Tumour 1",0.0180987940001771,0,"T cells","Other spots"
"Tumour 1",-0.159845763923858,0,"vSMC/Pericyte","Other spots"
"Tumour 1",0.111313625673649,0,"vSMC/Pericyte","Other spots"
"Tumour 1",-0.0861570962597645,0,"T cells","Other spots"
"Tumour 1",-0.0615945612707363,0,"vSMC/Pericyte","Other spots"
"Tumour 1",0.161916210530323,0,"Tumor cells","Tumor spots"
"Tumour 1",0.052090612641318,0,"vSMC/Pericyte","Other spots"
"Tumour 1",0.0161337462885974,0,"vSMC/Pericyte","Other spots"
"Tumour 1",0.0372022279974138,0.402257698563415,"vSMC/Pericyte","Other spots"
"Tumour 1",0.0171718202778251,0,"vSMC/Pericyte","Other spots"
"Tumour 1",0.0980371856784294,0,"vSMC/Pericyte","Other spots"
"Tumour 1",0.130198278691263,0,"Tumor cells","Tumor spots"
"Tumour 1",0.0167894161562738,0,"vSMC/Pericyte","Other spots"
"Tumour 1",0.044532366455862,0,"Tumor cells","Tumor spots"
"Tumour 1",-0.0262200265867722,0,"vSMC/Pericyte","Other spots"
"Tumour 1",0.0362905708852,0,"vSMC/Pericyte","Other spots"
"Tumour 1",0.0538270791732057,0,"Tumor cells","Tumor spots"
"Tumour 1",-0.0640252989699372,0.822394998699491,"Tumor cells","Tumor spots"
"Tumour 1",0.289325351607469,0.748034054811639,"vSMC/Pericyte","Other spots"
"Tumour 1",0.0611362062002617,0.472228680538227,"Tumor cells","Tumor spots"
"Tumour 1",0.244588896199239,0,"vSMC/Pericyte","Other spots"
"Tumour 1",0.0563461659605044,0.452567704592625,"Tumor cells","Tumor spots"
"Tumour 1",0.280643034443212,0.589677344950568,"vSMC/Pericyte","Other spots"
"Tumour 1",0.192825793377548,0,"vSMC/Pericyte","Other spots"
"Tumour 1",-0.0687750278295849,0,"Endothelial","Other spots"
"Tumour 1",0.153023615897377,0.649672234269461,"T cells","Other spots"
"Tumour 1",0.00537922836874943,0,"vSMC/Pericyte","Other spots"
"Tumour 1",-0.0792692197661872,0,"B/Plasma/Mast","Other spots"
"Tumour 1",0.154577038142173,0,"Tumor cells","Tumor spots"
"Tumour 1",-0.127694200282323,0.341201254660558,"vSMC/Pericyte","Other spots"
"Tumour 1",0.018182196706273,0,"B/Plasma/Mast","Other spots"
"Tumour 1",0.133497171174106,0,"B/Plasma/Mast","Other spots"
"Tumour 1",-0.00490724205306964,0,"vSMC/Pericyte","Other spots"
"Tumour 1",-0.116675083738042,0,"vSMC/Pericyte","Other spots"
"Tumour 1",-0.00586435149215028,0,"vSMC/Pericyte","Other spots"
"Tumour 1",-0.0216788364840554,0,"vSMC/Pericyte","Other spots"
"Tumour 1",0.0104606007874925,0,"vSMC/Pericyte","Other spots"
"Tumour 1",0.0516939989295379,0.600634690603273,"Tumor cells","Tumor spots"
"Tumour 1",0.148286235437538,0.274943046674351,"Tumor cells","Tumor spots"
"Tumour 1",-0.125065241916296,0,"vSMC/Pericyte","Other spots"
"Tumour 1",-0.0141853486560069,0,"vSMC/Pericyte","Other spots"
"Tumour 1",0.0599403378173514,0,"vSMC/Pericyte","Other spots"
"Tumour 1",-0.0383093009009961,0,"vSMC/Pericyte","Other spots"
"Tumour 1",-0.0118732897265353,0.242535455999289,"Tumor cells","Tumor spots"
"Tumour 1",0.00953803271617543,0,"Tumor cells","Tumor spots"
"Tumour 1",0.135915531052339,0.343259118096056,"Tumor cells","Tumor spots"
"Tumour 1",-0.099866720333534,0,"vSMC/Pericyte","Other spots"
"Tumour 1",0.140120924046784,0,"vSMC/Pericyte","Other spots"
"Tumour 1",0.0581607723105373,0.146404224316822,"Tumor cells","Tumor spots"
"Tumour 1",0.184661126092266,0,"B/Plasma/Mast","Other spots"
"Tumour 1",0.0751372269141176,0.438739830235243,"Tumor cells","Tumor spots"
"Tumour 1",-0.0223909936329704,0.330170778324233,"vSMC/Pericyte","Other spots"
"Tumour 1",0.00478966865568559,0.347341267468508,"vSMC/Pericyte","Other spots"
"Tumour 1",-0.0326177428622779,0.410434429253644,"Tumor cells","Tumor spots"
"Tumour 1",-0.0691232006299313,0.478403831371002,"Tumor cells","Tumor spots"
"Tumour 1",0.0379778502814013,0,"vSMC/Pericyte","Other spots"
"Tumour 1",0.025496830795836,0,"vSMC/Pericyte","Other spots"
"Tumour 1",0.191939918101083,0,"vSMC/Pericyte","Other spots"
"Tumour 1",0.218267553686354,0.93436443567674,"vSMC/Pericyte","Other spots"
"Tumour 1",-0.0156066602899233,0,"B/Plasma/Mast","Other spots"
"Tumour 1",0.298824417207967,0.388453607151365,"vSMC/Pericyte","Other spots"
"Tumour 1",0.0511452664757218,0,"vSMC/Pericyte","Other spots"
"Tumour 1",0.0152726365902374,0,"vSMC/Pericyte","Other spots"
"Tumour 1",0.0620459636128674,0,"vSMC/Pericyte","Other spots"
"Tumour 1",-0.0495134826123547,0.401913586720788,"Tumor cells","Tumor spots"
"Tumour 1",0.131507683828995,0,"B/Plasma/Mast","Other spots"
"Tumour 1",-0.182472795516657,0,"vSMC/Pericyte","Other spots"
"Tumour 1",-0.144633172552324,0.519645219605385,"vSMC/Pericyte","Other spots"
"Tumour 1",0.151206946885319,0,"vSMC/Pericyte","Other spots"
"Tumour 1",0.158078880413092,0,"vSMC/Pericyte","Other spots"
"Tumour 1",0.0164426885239205,0.684510482827354,"Tumor cells","Tumor spots"
"Tumour 1",-0.0508766791333043,0,"vSMC/Pericyte","Other spots"
"Tumour 1",-0.0978719826186715,0,"vSMC/Pericyte","Other spots"
"Tumour 1",-0.0148345363970156,0,"vSMC/Pericyte","Other spots"
"Tumour 1",-0.233115524639081,0,"vSMC/Pericyte","Other spots"
"Tumour 1",-0.0154098529264673,0,"Tumor cells","Tumor spots"
"Tumour 1",-0.0139830103929113,0.579085591532626,"Tumor cells","Tumor spots"
"Tumour 1",0.0597135370086453,0,"Tumor cells","Tumor spots"
"Tumour 1",-0.0262446237620408,0.3164079787268,"vSMC/Pericyte","Other spots"
"Tumour 1",0.0644524996757015,0,"Tumor cells","Tumor spots"
"Tumour 1",0.0166449519866707,0,"vSMC/Pericyte","Other spots"
"Tumour 1",0.00222415529233572,0,"vSMC/Pericyte","Other spots"
"Tumour 1",0.0374719989029724,0,"vSMC/Pericyte","Other spots"
"Tumour 1",0.0370971245030838,0.241517126810376,"Tumor cells","Tumor spots"
"Tumour 1",0.0974509580707384,1.05756318071938,"vSMC/Pericyte","Other spots"
"Tumour 1",0.191224329011016,0,"vSMC/Pericyte","Other spots"
"Tumour 1",0.0283898490858773,0.195150595009528,"vSMC/Pericyte","Other spots"
"Tumour 1",-0.0387311992862325,0,"Endothelial","Other spots"
"Tumour 1",-0.00983713104793404,0,"vSMC/Pericyte","Other spots"
"Tumour 1",-0.0737608885888726,0,"B/Plasma/Mast","Other spots"
"Tumour 1",-0.0387374824838703,0,"vSMC/Pericyte","Other spots"
"Tumour 1",0.14290900951304,0,"vSMC/Pericyte","Other spots"
"Tumour 1",-0.0183835831716484,0,"vSMC/Pericyte","Other spots"
"Tumour 1",0.0631385015487897,0.247426631799553,"Tumor cells","Tumor spots"
"Tumour 1",0.108402605211115,0,"vSMC/Pericyte","Other spots"
"Tumour 1",0.146795353040785,0,"B/Plasma/Mast","Other spots"
"Tumour 1",-0.0839642488480545,0,"T cells","Other spots"
"Tumour 1",-0.031123649700961,0.319383734741461,"vSMC/Pericyte","Other spots"
"Tumour 1",-0.0299816540624224,0,"vSMC/Pericyte","Other spots"
"Tumour 1",0.073704141497545,0,"vSMC/Pericyte","Other spots"
"Tumour 1",-0.00132281954336289,0.187653475427833,"Tumor cells","Tumor spots"
"Tumour 1",-0.0730673608787693,0,"vSMC/Pericyte","Other spots"
"Tumour 1",-0.160318537204425,0,"vSMC/Pericyte","Other spots"
"Tumour 1",-0.0280676356384183,0,"T cells","Other spots"
"Tumour 1",-0.170087818612774,0,"vSMC/Pericyte","Other spots"
"Tumour 1",0.0537292676198183,0.29209933230623,"Tumor cells","Tumor spots"
"Tumour 1",0.043660590347616,0.342108837052242,"Tumor cells","Tumor spots"
"Tumour 1",0.0483417057871852,0.932616210881103,"vSMC/Pericyte","Other spots"
"Tumour 1",-0.0887821487412241,0.309178641836066,"vSMC/Pericyte","Other spots"
"Tumour 1",-0.12787508676976,0.689912944627125,"Tumor cells","Tumor spots"
"Tumour 1",0.0232532202042568,0,"vSMC/Pericyte","Other spots"
"Tumour 1",-0.121018440293985,0,"Tumor cells","Tumor spots"
"Tumour 1",0.10381799534434,0,"vSMC/Pericyte","Other spots"
"Tumour 1",0.304670451833257,0,"vSMC/Pericyte","Other spots"
"Tumour 1",-0.000215163831113918,0.792979010492556,"Tumor cells","Tumor spots"
"Tumour 1",0.113099737224403,0.483520947604268,"Tumor cells","Tumor spots"
"Tumour 1",-0.0102549090082049,0,"vSMC/Pericyte","Other spots"
"Tumour 1",-0.251478344268437,0,"B/Plasma/Mast","Other spots"
"Tumour 1",-0.17854793647846,0,"Tumor cells","Tumor spots"
"Tumour 1",-0.0942874138536046,0,"B/Plasma/Mast","Other spots"
"Tumour 1",-0.0024841064035574,0,"vSMC/Pericyte","Other spots"
"Tumour 1",-0.000431076270132114,0,"Tumor cells","Tumor spots"
"Tumour 1",0.00595051104745492,0,"vSMC/Pericyte","Other spots"
"Tumour 1",0.0562063597298909,0,"vSMC/Pericyte","Other spots"
"Tumour 1",0.0458038875225205,0,"vSMC/Pericyte","Other spots"
"Tumour 1",-0.0826066957249052,0,"vSMC/Pericyte","Other spots"
"Tumour 1",-0.129876703242597,0,"vSMC/Pericyte","Other spots"
"Tumour 1",0.119321936447648,0,"vSMC/Pericyte","Other spots"
"Tumour 1",-0.0459346253115275,0,"vSMC/Pericyte","Other spots"
"Tumour 1",0.0945550793568627,0.504584491167468,"Tumor cells","Tumor spots"
"Tumour 1",0.034254284302931,0.568379418037208,"Tumor cells","Tumor spots"
"Tumour 1",0.0612523400919094,0,"vSMC/Pericyte","Other spots"
"Tumour 1",-0.0090227094411349,0.304407348535033,"vSMC/Pericyte","Other spots"
"Tumour 1",0.0693810124752901,0.339645011131632,"Tumor cells","Tumor spots"
"Tumour 1",-0.110137197165134,0,"vSMC/Pericyte","Other spots"
"Tumour 1",0.0325209393436298,0,"B/Plasma/Mast","Other spots"
"Tumour 1",0.0835009677516004,0,"vSMC/Pericyte","Other spots"
"Tumour 1",-0.0350872557992554,0,"vSMC/Pericyte","Other spots"
"Tumour 1",0.0229893197147656,0.35474837459587,"Macrophages","Other spots"
"Tumour 1",0.0596789713370455,0,"vSMC/Pericyte","Other spots"
"Tumour 1",0.0424208542686861,0,"vSMC/Pericyte","Other spots"
"Tumour 1",-0.0500180471806738,0.180333533726961,"vSMC/Pericyte","Other spots"
"Tumour 1",0.0890724452968862,0.590107162172579,"Tumor cells","Tumor spots"
"Tumour 1",0.083155326356437,0,"vSMC/Pericyte","Other spots"
"Tumour 1",0.0165095902426048,0,"vSMC/Pericyte","Other spots"
"Tumour 1",0.0474691597136522,0.749659390823288,"vSMC/Pericyte","Other spots"
"Tumour 1",0.0807255393486574,0,"vSMC/Pericyte","Other spots"
"Tumour 1",0.177300574090002,0.473373052304002,"Tumor cells","Tumor spots"
"Tumour 1",0.0794910743520534,0.236714843330768,"Tumor cells","Tumor spots"
"Tumour 1",-0.0833419474052206,0,"B/Plasma/Mast","Other spots"
"Tumour 1",-0.156079658278304,0,"vSMC/Pericyte","Other spots"
"Tumour 1",-0.073124041818402,0.552186205011185,"Tumor cells","Tumor spots"
"Tumour 1",0.0614864128978774,0.43073446008915,"Tumor cells","Tumor spots"
"Tumour 1",-0.0785685619003686,0,"vSMC/Pericyte","Other spots"
"Tumour 1",-0.0108224856458684,0,"vSMC/Pericyte","Other spots"
"Tumour 1",-0.0398202254863803,0,"Endothelial","Other spots"
"Tumour 1",0.0283645376410576,0,"B/Plasma/Mast","Other spots"
"Tumour 1",-0.0241659705358139,0.618275346917745,"vSMC/Pericyte","Other spots"
"Tumour 1",-0.0564672696430871,0,"vSMC/Pericyte","Other spots"
"Tumour 1",0.139567427521267,0,"Macrophages","Other spots"
"Tumour 1",0.0289150287070109,0,"Tumor cells","Tumor spots"
"Tumour 1",-0.0343954687844892,0,"vSMC/Pericyte","Other spots"
"Tumour 1",-0.11142756849836,0,"vSMC/Pericyte","Other spots"
"Tumour 1",0.0251380623875335,0,"vSMC/Pericyte","Other spots"
"Tumour 1",0.00881725570143893,0,"Macrophages","Other spots"
"Tumour 1",0.0210284743195567,0,"B/Plasma/Mast","Other spots"
"Tumour 1",0.121500310092166,0,"vSMC/Pericyte","Other spots"
"Tumour 1",-0.0193025110149213,0,"vSMC/Pericyte","Other spots"
"Tumour 1",-0.184811136885606,0,"B/Plasma/Mast","Other spots"
"Tumour 1",0.0243462254015596,0,"vSMC/Pericyte","Other spots"
"Tumour 1",-0.0611910813736782,0,"T cells","Other spots"
"Tumour 1",0.00530895659449554,0.318726694133741,"Tumor cells","Tumor spots"
"Tumour 1",0.0249162816045651,0,"vSMC/Pericyte","Other spots"
"Tumour 1",-0.0419564056153088,0,"vSMC/Pericyte","Other spots"
"Tumour 1",-0.128592630230649,0,"T cells","Other spots"
"Tumour 1",0.0958169774268737,0,"vSMC/Pericyte","Other spots"
"Tumour 1",0.139693741424292,0.535258355373482,"Tumor cells","Tumor spots"
"Tumour 1",0.132731014518667,0,"Tumor cells","Tumor spots"
"Tumour 1",0.0746066555085979,0.352110454784669,"vSMC/Pericyte","Other spots"
"Tumour 1",0.10673114542705,0,"vSMC/Pericyte","Other spots"
"Tumour 1",-0.0227854792913435,0,"vSMC/Pericyte","Other spots"
"Tumour 1",-0.00379242469124641,0,"vSMC/Pericyte","Other spots"
"Tumour 1",-0.18141916045617,0,"vSMC/Pericyte","Other spots"
"Tumour 1",-0.134496382968014,0.344933158494769,"vSMC/Pericyte","Other spots"
"Tumour 1",0.0518400371513819,0.845296529721422,"Tumor cells","Tumor spots"
"Tumour 1",-0.076223827527802,0,"vSMC/Pericyte","Other spots"
"Tumour 1",-0.0778354821761893,0,"vSMC/Pericyte","Other spots"
"Tumour 1",0.061184995619997,0.463846849200866,"Tumor cells","Tumor spots"
"Tumour 1",0.170113434242412,0,"B/Plasma/Mast","Other spots"
"Tumour 1",0.104005303580589,0,"B/Plasma/Mast","Other spots"
"Tumour 1",-0.175656297844949,0,"B/Plasma/Mast","Other spots"
"Tumour 1",0.060192943086966,0,"vSMC/Pericyte","Other spots"
"Tumour 1",-0.0795421809201004,0,"vSMC/Pericyte","Other spots"
"Tumour 1",0.0753628118476842,0,"B/Plasma/Mast","Other spots"
"Tumour 1",0.00565354844635624,0.285269286828858,"vSMC/Pericyte","Other spots"
"Tumour 1",0.0910753862709978,0,"Tumor cells","Tumor spots"
"Tumour 1",0.0123767519195002,0,"T cells","Other spots"
"Tumour 1",0.0831073796220641,0,"vSMC/Pericyte","Other spots"
"Tumour 1",-0.117670043647934,0,"vSMC/Pericyte","Other spots"
"Tumour 1",-0.0533783073368627,0,"B/Plasma/Mast","Other spots"
"Tumour 1",0.0920032801483983,0.253828345927356,"Tumor cells","Tumor spots"
"Tumour 1",0.0189152771078351,0,"vSMC/Pericyte","Other spots"
"Tumour 1",0.0250258342952109,0.321913966034337,"Tumor cells","Tumor spots"
"Tumour 1",0.08190932000858,0,"vSMC/Pericyte","Other spots"
"Tumour 1",-0.079138931608773,0.760923044214326,"vSMC/Pericyte","Other spots"
"Tumour 1",0.0733265545137992,0,"Tumor cells","Tumor spots"
"Tumour 1",-0.0145916660619632,0.142679525768518,"vSMC/Pericyte","Other spots"
"Tumour 1",0.0292362531487335,0,"vSMC/Pericyte","Other spots"
"Tumour 1",-0.0834706133626452,0,"vSMC/Pericyte","Other spots"
"Tumour 1",0.252573714920951,0,"vSMC/Pericyte","Other spots"
"Tumour 1",0.0133495349813709,0.528824838863125,"Tumor cells","Tumor spots"
"Tumour 1",0.0555524625768661,0.681809859347576,"Tumor cells","Tumor spots"
"Tumour 1",0.0406961463611356,0.327411081734802,"Tumor cells","Tumor spots"
"Tumour 1",-0.00466654916256276,0.372336385842818,"Tumor cells","Tumor spots"
"Tumour 1",0.21229439890231,0,"vSMC/Pericyte","Other spots"
"Tumour 1",0.0845725298441432,0.330236795639332,"vSMC/Pericyte","Other spots"
"Tumour 1",0.0750499593444092,0.62116982523816,"Tumor cells","Tumor spots"
"Tumour 1",-0.0467358770065221,0,"vSMC/Pericyte","Other spots"
"Tumour 1",0.0730814456899288,0.91869747190472,"Tumor cells","Tumor spots"
"Tumour 1",-0.0232411527995559,0,"T cells","Other spots"
"Tumour 1",0.0683135922106575,0,"Tumor cells","Tumor spots"
"Tumour 1",0.085632348495396,0.436444016366342,"Tumor cells","Tumor spots"
"Tumour 1",-0.0326482174243272,0,"vSMC/Pericyte","Other spots"
"Tumour 1",0.0776012525294562,0,"vSMC/Pericyte","Other spots"
"Tumour 1",-0.110473444833058,0,"vSMC/Pericyte","Other spots"
"Tumour 1",-0.0671415786835191,0,"vSMC/Pericyte","Other spots"
"Tumour 1",0.118996870447563,0,"Tumor cells","Tumor spots"
"Tumour 1",-0.0783698817697492,0,"Tumor cells","Tumor spots"
"Tumour 1",-0.0496097736226514,0,"vSMC/Pericyte","Other spots"
"Tumour 1",-0.048379543680452,0,"B/Plasma/Mast","Other spots"
"Tumour 1",-0.00315052410823721,0,"B/Plasma/Mast","Other spots"
"Tumour 1",0.0463795283137398,0.535038392382747,"T cells","Other spots"
"Tumour 1",0.0781283602862467,0,"vSMC/Pericyte","Other spots"
"Tumour 1",0.124476642765412,0,"B/Plasma/Mast","Other spots"
"Tumour 1",-0.235014979346079,0,"vSMC/Pericyte","Other spots"
"Tumour 1",0.0731862814143668,0,"vSMC/Pericyte","Other spots"
"Tumour 1",0.251971216530303,0,"T cells","Other spots"
"Tumour 1",-0.0107074028895509,0,"Tumor cells","Tumor spots"
"Tumour 1",0.178248382922996,0,"vSMC/Pericyte","Other spots"
"Tumour 1",0.103572507670362,0.384371809483817,"Tumor cells","Tumor spots"
"Tumour 1",-0.0731236757985168,0,"B/Plasma/Mast","Other spots"
"Tumour 1",0.218923237229246,0,"vSMC/Pericyte","Other spots"
"Tumour 1",-0.0128314042074655,0,"vSMC/Pericyte","Other spots"
"Tumour 1",-0.170946971230637,0,"vSMC/Pericyte","Other spots"
"Tumour 1",-0.050302348890836,0,"B/Plasma/Mast","Other spots"
"Tumour 1",0.223276559373408,0,"vSMC/Pericyte","Other spots"
"Tumour 1",-0.0143907343850637,0.34022838088135,"vSMC/Pericyte","Other spots"
"Tumour 1",0.0140863472380463,0.411081786958553,"Tumor cells","Tumor spots"
"Tumour 1",0.00465691848885269,0.527340695691106,"Tumor cells","Tumor spots"
"Tumour 1",-0.00298051151883016,0,"Tumor cells","Tumor spots"
"Tumour 1",0.00222095628463281,0,"vSMC/Pericyte","Other spots"
"Tumour 1",0.00840738754681664,0,"Tumor cells","Tumor spots"
"Tumour 1",0.00398752517028522,0.273573063794523,"Tumor cells","Tumor spots"
"Tumour 1",0.198915088069941,0,"vSMC/Pericyte","Other spots"
"Tumour 1",0.106641567007515,0,"Tumor cells","Tumor spots"
"Tumour 1",0.193230667363671,0,"vSMC/Pericyte","Other spots"
"Tumour 1",0.0200518709170222,0,"Tumor cells","Tumor spots"
"Tumour 1",0.0137572000014449,0,"vSMC/Pericyte","Other spots"
"Tumour 1",-0.0575768999699079,0.336072716040589,"Tumor cells","Tumor spots"
"Tumour 1",0.0706384970948592,0,"B/Plasma/Mast","Other spots"
"Tumour 1",-0.0636520217213362,0,"vSMC/Pericyte","Other spots"
"Tumour 1",0.341105041104217,0,"B/Plasma/Mast","Other spots"
"Tumour 1",0.0335530888733819,0,"Tumor cells","Tumor spots"
"Tumour 1",-0.127506656312862,0,"vSMC/Pericyte","Other spots"
"Tumour 1",0.00355882380044287,0,"vSMC/Pericyte","Other spots"
"Tumour 1",-0.0281747141252629,0,"vSMC/Pericyte","Other spots"
"Tumour 1",-0.151720817880747,0,"vSMC/Pericyte","Other spots"
"Tumour 1",-0.0626225634168047,0,"Tumor cells","Tumor spots"
"Tumour 1",-0.041175775761161,0.506490204053695,"Tumor cells","Tumor spots"
"Tumour 1",0.00879180806768887,0.249630607692361,"Tumor cells","Tumor spots"
"Tumour 1",-0.00867526925032552,0,"Tumor cells","Tumor spots"
"Tumour 1",-0.0752154013010928,0,"vSMC/Pericyte","Other spots"
"Tumour 1",0.0466387013839089,0,"vSMC/Pericyte","Other spots"
"Tumour 1",0.0457957513437899,0,"vSMC/Pericyte","Other spots"
"Tumour 1",-0.139325618633908,0,"B/Plasma/Mast","Other spots"
"Tumour 1",0.0803523176124927,0.853710784971503,"vSMC/Pericyte","Other spots"
"Tumour 1",-0.00769655598446603,0,"vSMC/Pericyte","Other spots"
"Tumour 1",-0.215792593291128,1.58370292872339,"vSMC/Pericyte","Other spots"
"Tumour 1",0.0486306821234737,0.697998910423277,"Tumor cells","Tumor spots"
"Tumour 1",0.0263307605666309,0,"B/Plasma/Mast","Other spots"
"Tumour 1",-0.0479111153614044,0,"T cells","Other spots"
"Tumour 1",-0.162609430959187,0,"vSMC/Pericyte","Other spots"
"Tumour 1",0.0191296542043839,0,"vSMC/Pericyte","Other spots"
"Tumour 1",-0.15967623638186,0,"B/Plasma/Mast","Other spots"
"Tumour 1",0.0742930852753944,0,"B/Plasma/Mast","Other spots"
"Tumour 1",0.0633934507422033,0,"vSMC/Pericyte","Other spots"
"Tumour 1",0.00335554052355713,0.320167527596269,"vSMC/Pericyte","Other spots"
"Tumour 1",-0.0757343514098283,0,"vSMC/Pericyte","Other spots"
"Tumour 1",0.0440286397743067,0,"T cells","Other spots"
"Tumour 1",-0.220235864563767,0,"vSMC/Pericyte","Other spots"
"Tumour 1",0.105161643748289,0,"vSMC/Pericyte","Other spots"
"Tumour 1",0.209130147594367,0,"vSMC/Pericyte","Other spots"
"Tumour 1",0.155727161436276,0,"vSMC/Pericyte","Other spots"
"Tumour 1",-0.0429697433628768,0,"vSMC/Pericyte","Other spots"
"Tumour 1",-0.0236139181893414,0,"vSMC/Pericyte","Other spots"
"Tumour 1",-0.115415853075681,0.604247941956191,"vSMC/Pericyte","Other spots"
"Tumour 1",-0.0403445158988673,0.315331497452665,"Tumor cells","Tumor spots"
"Tumour 1",-0.0439453224285666,0,"vSMC/Pericyte","Other spots"
"Tumour 1",0.0111383723965193,0,"vSMC/Pericyte","Other spots"
"Tumour 1",0.223208056837325,0,"vSMC/Pericyte","Other spots"
"Tumour 1",0.154704994699971,0.278988192247874,"Tumor cells","Tumor spots"
"Tumour 1",0.0671845453288885,0,"vSMC/Pericyte","Other spots"
"Tumour 1",-0.124508010362666,0,"vSMC/Pericyte","Other spots"
"Tumour 1",0.0705058802676397,0,"Tumor cells","Tumor spots"
"Tumour 1",0.194465925064358,0,"vSMC/Pericyte","Other spots"
"Tumour 1",-0.156990863340991,0,"B/Plasma/Mast","Other spots"
"Tumour 1",-0.0394372097020628,0.743645574047441,"Tumor cells","Tumor spots"
"Tumour 1",0.152168361480889,0.885542217790724,"vSMC/Pericyte","Other spots"
"Tumour 1",0.120717495687297,0,"vSMC/Pericyte","Other spots"
"Tumour 1",0.065470385234769,0,"vSMC/Pericyte","Other spots"
"Tumour 1",-0.0148527752874731,0,"T cells","Other spots"
"Tumour 1",0.0360387524330593,0.305447453311232,"Tumor cells","Tumor spots"
"Tumour 1",0.103850971738943,0.806236797700392,"vSMC/Pericyte","Other spots"
"Tumour 1",-0.040659111049648,0,"vSMC/Pericyte","Other spots"
"Tumour 1",-0.0836270941917749,0,"vSMC/Pericyte","Other spots"
"Tumour 1",-0.0578186811168525,0,"Endothelial","Other spots"
"Tumour 1",-0.0828904171050478,0,"Tumor cells","Tumor spots"
"Tumour 1",-0.112850774700235,0,"B/Plasma/Mast","Other spots"
"Tumour 1",-0.120441136035966,0,"B/Plasma/Mast","Other spots"
"Tumour 1",0.127676448650909,0,"Tumor cells","Tumor spots"
"Tumour 1",-0.0672701931940212,0,"vSMC/Pericyte","Other spots"
"Tumour 1",0.00164077731347867,0.698266198570353,"Tumor cells","Tumor spots"
"Tumour 1",0.0902222361616811,0,"vSMC/Pericyte","Other spots"
"Tumour 1",-0.0152848006935597,0.357529866994032,"Tumor cells","Tumor spots"
"Tumour 1",0.00711490640194651,0.509708126842545,"Tumor cells","Tumor spots"
"Tumour 1",0.0347220037686737,0.611853743791154,"Tumor cells","Tumor spots"
"Tumour 1",0.0417108963214713,0,"vSMC/Pericyte","Other spots"
"Tumour 1",0.143679820155205,0,"vSMC/Pericyte","Other spots"
"Tumour 1",0.0104852937903375,0.406049293394964,"vSMC/Pericyte","Other spots"
"Tumour 1",-0.0627533716967257,0,"vSMC/Pericyte","Other spots"
"Tumour 1",-0.0314281378552377,0.523821702713452,"vSMC/Pericyte","Other spots"
"Tumour 1",0.0852453767498286,0,"vSMC/Pericyte","Other spots"
"Tumour 1",-0.0170378397777395,0.411058937388786,"Tumor cells","Tumor spots"
"Tumour 1",0.00615763489452192,0,"B/Plasma/Mast","Other spots"
"Tumour 1",-0.0941989300141025,0,"vSMC/Pericyte","Other spots"
"Tumour 1",-0.183355442734751,0.85975570599961,"vSMC/Pericyte","Other spots"
"Tumour 1",0.0531299447844893,0.32933685841528,"vSMC/Pericyte","Other spots"
"Tumour 1",0.0773063788569227,0.480936727523724,"Tumor cells","Tumor spots"
"Tumour 1",-0.00825549887149463,0,"vSMC/Pericyte","Other spots"
"Tumour 1",0.0878761903880187,0.898890810173291,"vSMC/Pericyte","Other spots"
"Tumour 1",-0.168767782966247,0,"B/Plasma/Mast","Other spots"
"Tumour 1",-0.054623486560775,0,"vSMC/Pericyte","Other spots"
"Tumour 1",0.0828800523460961,0,"Tumor cells","Tumor spots"
"Tumour 1",-0.0243915536505362,0.665905902743564,"vSMC/Pericyte","Other spots"
"Tumour 1",0.102832485484165,0.68892409640507,"vSMC/Pericyte","Other spots"
"Tumour 1",0.0385242584938589,0,"Tumor cells","Tumor spots"
"Tumour 1",0.0773056194165571,0,"vSMC/Pericyte","Other spots"
"Tumour 1",-0.102169992779671,0,"vSMC/Pericyte","Other spots"
"Tumour 1",0.0381056474749112,0,"vSMC/Pericyte","Other spots"
"Tumour 1",-0.0289189087167299,0.586367973406856,"Tumor cells","Tumor spots"
"Tumour 1",-0.103712138432481,0.830952688208215,"vSMC/Pericyte","Other spots"
"Tumour 1",-0.0181400149386009,0,"vSMC/Pericyte","Other spots"
"Tumour 1",0.0755577504340063,0.263451081302176,"Tumor cells","Tumor spots"
"Tumour 1",-0.101820799068455,0,"vSMC/Pericyte","Other spots"
"Tumour 1",-0.0316163503271889,0,"vSMC/Pericyte","Other spots"
"Tumour 1",0.165388095737777,0.528925040201336,"vSMC/Pericyte","Other spots"
"Tumour 1",0.122145271854131,0,"vSMC/Pericyte","Other spots"
"Tumour 1",-0.157623287211967,0.607046301675646,"Tumor cells","Tumor spots"
"Tumour 1",-0.125346618871144,0,"vSMC/Pericyte","Other spots"
"Tumour 1",0.0808514449181558,0,"vSMC/Pericyte","Other spots"
"Tumour 1",0.0344901741685458,0,"vSMC/Pericyte","Other spots"
"Tumour 1",-0.0985295926887787,0,"vSMC/Pericyte","Other spots"
"Tumour 1",-0.0560761040015771,0,"vSMC/Pericyte","Other spots"
"Tumour 1",0.201386247547352,0,"vSMC/Pericyte","Other spots"
"Tumour 1",-0.0748702368985568,0,"B/Plasma/Mast","Other spots"
"Tumour 1",-0.0875164725922417,0.2736823074144,"Tumor cells","Tumor spots"
"Tumour 1",0.153356033913746,0,"Endothelial","Other spots"
"Tumour 1",0.0299848580419861,0.541643678549071,"Tumor cells","Tumor spots"
"Tumour 1",0.00863123468857929,0,"vSMC/Pericyte","Other spots"
"Tumour 1",0.182759558394058,0,"vSMC/Pericyte","Other spots"
"Tumour 1",-0.0288279718920975,0,"B/Plasma/Mast","Other spots"
"Tumour 1",0.0761828579871172,0,"vSMC/Pericyte","Other spots"
"Tumour 1",-0.0562521694770903,0.6559637881095,"vSMC/Pericyte","Other spots"
"Tumour 1",0.0099690047311419,0,"vSMC/Pericyte","Other spots"
"Tumour 1",-0.0758235487444737,0.761470193377247,"vSMC/Pericyte","Other spots"
"Tumour 1",-0.0218804239037981,0.823906062287733,"vSMC/Pericyte","Other spots"
"Tumour 1",-0.0309921739339482,0,"Tumor cells","Tumor spots"
"Tumour 1",-0.0750209431293911,0.538431631425448,"vSMC/Pericyte","Other spots"
"Tumour 1",0.0229416013141311,0,"Tumor cells","Tumor spots"
"Tumour 1",0.0362347858634646,0.585202844190397,"vSMC/Pericyte","Other spots"
"Tumour 1",0.0492481503120968,0.492644472826244,"Tumor cells","Tumor spots"
"Tumour 1",-0.0305602639368287,0,"vSMC/Pericyte","Other spots"
"Tumour 1",-0.0220944317609491,0,"vSMC/Pericyte","Other spots"
"Tumour 1",-0.0255299085065533,0.388874276852679,"Tumor cells","Tumor spots"
"Tumour 1",0.00995055844495846,0.75577589528848,"vSMC/Pericyte","Other spots"
"Tumour 1",0.0438804040678357,1.12060647097878,"vSMC/Pericyte","Other spots"
"Tumour 1",0.0706218408569719,0,"vSMC/Pericyte","Other spots"
"Tumour 1",-0.0367649503231002,0.382578009284499,"Tumor cells","Tumor spots"
"Tumour 1",-0.0930232100946794,0,"T cells","Other spots"
"Tumour 1",0.0704495505033708,0,"Tumor cells","Tumor spots"
"Tumour 1",-0.026440352999328,0,"B/Plasma/Mast","Other spots"
"Tumour 1",0.176961101486305,0.394917342975179,"Tumor cells","Tumor spots"
"Tumour 1",0.0250325336593962,0.491249309351887,"Tumor cells","Tumor spots"
"Tumour 1",0.0647893895573984,0.466401952509216,"Tumor cells","Tumor spots"
"Tumour 1",0.0783182738119577,0,"vSMC/Pericyte","Other spots"
"Tumour 1",0.0260096383169359,0,"Tumor cells","Tumor spots"
"Tumour 1",0.107096166423165,0,"vSMC/Pericyte","Other spots"
"Tumour 1",-0.0255434140710965,0,"Tumor cells","Tumor spots"
"Tumour 1",0.0385091142995622,0.546161205765749,"Tumor cells","Tumor spots"
"Tumour 1",-0.0863691804734692,0,"Tumor cells","Tumor spots"
"Tumour 1",-0.0603663173035841,0,"vSMC/Pericyte","Other spots"
"Tumour 1",0.068395363945974,0,"vSMC/Pericyte","Other spots"
"Tumour 1",0.0925430452872886,0,"Tumor cells","Tumor spots"
"Tumour 1",-0.035240044698731,0,"B/Plasma/Mast","Other spots"
"Tumour 1",-0.167683101288348,0,"B/Plasma/Mast","Other spots"
"Tumour 1",0.215118948183299,0,"T cells","Other spots"
"Tumour 1",0.0443641720017861,0,"vSMC/Pericyte","Other spots"
"Tumour 1",0.0488188638117844,0,"vSMC/Pericyte","Other spots"
"Tumour 1",0.0205336041284862,0.400299348492156,"Tumor cells","Tumor spots"
"Tumour 1",-0.0684560786918214,0,"vSMC/Pericyte","Other spots"
"Tumour 1",0.0983083627874755,0.30776395512882,"Tumor cells","Tumor spots"
"Tumour 1",0.113847919457692,0,"Tumor cells","Tumor spots"
"Tumour 1",-0.0142007071980575,0,"vSMC/Pericyte","Other spots"
"Tumour 1",0.128354376886752,0.570996730732688,"Tumor cells","Tumor spots"
"Tumour 1",0.0579470563587794,0,"vSMC/Pericyte","Other spots"
"Tumour 1",0.0367776766757404,0,"vSMC/Pericyte","Other spots"
"Tumour 1",-0.0356169610358478,0,"vSMC/Pericyte","Other spots"
"Tumour 1",-0.10312364863159,0,"vSMC/Pericyte","Other spots"
"Tumour 1",-0.0616807980256354,0,"vSMC/Pericyte","Other spots"
"Tumour 1",0.0625782195015183,0,"vSMC/Pericyte","Other spots"
"Tumour 1",0.224792297876193,0,"vSMC/Pericyte","Other spots"
"Tumour 1",0.0319559900396691,0,"vSMC/Pericyte","Other spots"
"Tumour 1",0.0691346501567245,0,"Tumor cells","Tumor spots"
"Tumour 1",-0.0491661635523856,0.353822469259329,"vSMC/Pericyte","Other spots"
"Tumour 1",-0.0148489749203508,1.60783982979275,"B/Plasma/Mast","Other spots"
"Tumour 1",0.110867400044944,0,"T cells","Other spots"
"Tumour 1",-0.137575347632975,0,"vSMC/Pericyte","Other spots"
"Tumour 1",0.0346567320103592,0,"Tumor cells","Tumor spots"
"Tumour 1",0.0141131829324295,0,"vSMC/Pericyte","Other spots"
"Tumour 1",-0.0148897776373994,0,"vSMC/Pericyte","Other spots"
"Tumour 1",-0.0491133387574337,0,"vSMC/Pericyte","Other spots"
"Tumour 1",-0.147609891510428,0,"vSMC/Pericyte","Other spots"
"Tumour 1",-0.00953200033648074,0,"vSMC/Pericyte","Other spots"
"Tumour 1",0.00281290526377403,0.400526826467582,"vSMC/Pericyte","Other spots"
"Tumour 1",-0.0237853942322816,0,"vSMC/Pericyte","Other spots"
"Tumour 1",-0.0120175125355626,0,"Tumor cells","Tumor spots"
"Tumour 1",-0.251207436444605,0,"B/Plasma/Mast","Other spots"
"Tumour 1",0.0823843612897843,0,"Tumor cells","Tumor spots"
"Tumour 1",0.134046565954763,0,"vSMC/Pericyte","Other spots"
"Tumour 1",-0.115054526099543,0.546237661989247,"vSMC/Pericyte","Other spots"
"Tumour 1",0.00190809692911614,0,"Endothelial","Other spots"
"Tumour 1",-0.104563379149491,0,"vSMC/Pericyte","Other spots"
"Tumour 1",0.0780762627337242,0,"B/Plasma/Mast","Other spots"
"Tumour 1",0.00766791420539947,0,"Tumor cells","Tumor spots"
"Tumour 1",-0.0496843453747958,0,"T cells","Other spots"
"Tumour 1",-0.0166126760520651,0.737039702735257,"Tumor cells","Tumor spots"
"Tumour 1",0.112205833769903,0,"vSMC/Pericyte","Other spots"
"Tumour 1",0.0193575720218896,0,"vSMC/Pericyte","Other spots"
"Tumour 1",0.0205025162246981,0,"vSMC/Pericyte","Other spots"
"Tumour 1",0.0639692880759865,0,"Tumor cells","Tumor spots"
"Tumour 1",-0.104065538591862,0,"B/Plasma/Mast","Other spots"
"Tumour 1",0.0126004026631993,1.06002270373401,"vSMC/Pericyte","Other spots"
"Tumour 1",0.0431499402694157,0,"vSMC/Pericyte","Other spots"
"Tumour 1",-0.185416815954225,0,"vSMC/Pericyte","Other spots"
"Tumour 1",0.00574359577745354,0,"Tumor cells","Tumor spots"
"Tumour 1",-0.0586095113916805,0,"vSMC/Pericyte","Other spots"
"Tumour 1",-0.0448481431908719,0,"vSMC/Pericyte","Other spots"
"Tumour 1",-0.139948443106201,0,"vSMC/Pericyte","Other spots"
"Tumour 1",0.0872325997863366,0,"vSMC/Pericyte","Other spots"
"Tumour 1",-0.0511439290371686,0,"vSMC/Pericyte","Other spots"
"Tumour 1",0.0404269452055296,0.400185707662829,"Tumor cells","Tumor spots"
"Tumour 1",0.173074161251922,0,"vSMC/Pericyte","Other spots"
"Tumour 1",-0.0459547458327562,0,"vSMC/Pericyte","Other spots"
"Tumour 1",-0.0262866374008726,0,"vSMC/Pericyte","Other spots"
"Tumour 1",0.0702178788827562,0.324050058333778,"vSMC/Pericyte","Other spots"
"Tumour 1",-0.044081429687065,0.400331829313922,"vSMC/Pericyte","Other spots"
"Tumour 1",-0.0497788286606055,0.277228931676289,"Tumor cells","Tumor spots"
"Tumour 1",0.11155208864816,0,"vSMC/Pericyte","Other spots"
"Tumour 1",0.00510389625185223,0,"B/Plasma/Mast","Other spots"
"Tumour 1",0.37250300227973,0,"B/Plasma/Mast","Other spots"
"Tumour 1",0.240764667532405,0,"Tumor cells","Tumor spots"
"Tumour 1",0.101339085556075,0,"vSMC/Pericyte","Other spots"
"Tumour 1",-0.231215026412125,0,"T cells","Other spots"
"Tumour 1",0.0590190536693927,0.350601274885791,"Tumor cells","Tumor spots"
"Tumour 1",0.156253695660498,0,"B/Plasma/Mast","Other spots"
"Tumour 1",-0.0408882132841274,0,"Tumor cells","Tumor spots"
"Tumour 1",0.114977099210557,0.298663633763694,"Tumor cells","Tumor spots"
"Tumour 1",0.0895656417380933,0,"vSMC/Pericyte","Other spots"
"Tumour 1",-0.05399263773533,0,"vSMC/Pericyte","Other spots"
"Tumour 1",0.129737284357423,0,"Tumor cells","Tumor spots"
"Tumour 1",-0.0149941290324966,0,"vSMC/Pericyte","Other spots"
"Tumour 1",-0.0117436260391086,0.326612673791112,"Tumor cells","Tumor spots"
"Tumour 1",0.0329247270650554,0.467000791806253,"Tumor cells","Tumor spots"
"Tumour 1",-0.0354818353467257,0,"vSMC/Pericyte","Other spots"
"Tumour 1",-0.118915041064861,0,"vSMC/Pericyte","Other spots"
"Tumour 1",0.104876420675308,0.885521298592143,"Tumor cells","Tumor spots"
"Tumour 1",-0.0389396344056326,0.933590917359899,"Tumor cells","Tumor spots"
"Tumour 1",-0.0263597526703878,0,"vSMC/Pericyte","Other spots"
"Tumour 1",-0.0351833958568682,0.746075868488339,"Tumor cells","Tumor spots"
"Tumour 1",0.0453839957539206,0.375105839932696,"Tumor cells","Tumor spots"
"Tumour 1",0.0815724329710764,0.200106634206261,"Tumor cells","Tumor spots"
"Tumour 1",0.180359399355985,0,"vSMC/Pericyte","Other spots"
"Tumour 1",-0.0859329443594264,0,"B/Plasma/Mast","Other spots"
"Tumour 1",-0.100299348202756,0,"B/Plasma/Mast","Other spots"
"Tumour 1",-0.0852244029879906,0,"vSMC/Pericyte","Other spots"
"Tumour 1",0.0863823734008176,0,"vSMC/Pericyte","Other spots"
"Tumour 1",-0.0982515824793662,0,"vSMC/Pericyte","Other spots"
"Tumour 1",0.0575447599695877,0,"vSMC/Pericyte","Other spots"
"Tumour 1",0.10892746237743,0,"Tumor cells","Tumor spots"
"Tumour 1",0.0277170380255538,0.594805184737209,"vSMC/Pericyte","Other spots"
"Tumour 1",0.146228539354332,0,"B/Plasma/Mast","Other spots"
"Tumour 1",0.039137631798513,0,"Macrophages","Other spots"
"Tumour 1",0.25456079091897,0,"vSMC/Pericyte","Other spots"
"Tumour 1",0.226834448949504,0,"T cells","Other spots"
"Tumour 1",0.0970596748757523,0,"vSMC/Pericyte","Other spots"
"Tumour 1",-0.0494439224148664,0,"vSMC/Pericyte","Other spots"
"Tumour 1",0.0107569811361216,0,"vSMC/Pericyte","Other spots"
"Tumour 1",-0.0388753041660914,0.572255797485772,"vSMC/Pericyte","Other spots"
"Tumour 1",-0.137529641061274,0,"vSMC/Pericyte","Other spots"
"Tumour 1",0.0696231654855562,0,"B/Plasma/Mast","Other spots"
"Tumour 1",0.126394812145528,0,"vSMC/Pericyte","Other spots"
"Tumour 1",0.0672998362372012,0.493376138402361,"Tumor cells","Tumor spots"
"Tumour 1",-0.140286549188532,1.2504463789033,"vSMC/Pericyte","Other spots"
"Tumour 1",0.0141806905897335,0,"vSMC/Pericyte","Other spots"
"Tumour 1",0.00684168714945307,0,"B/Plasma/Mast","Other spots"
"Tumour 1",-0.0341607080568618,0,"Tumor cells","Tumor spots"
"Tumour 1",0.164702937696969,1.05854549336426,"vSMC/Pericyte","Other spots"
"Tumour 1",-0.0167571149606117,0.374501787311344,"Tumor cells","Tumor spots"
"Tumour 1",0.00230034655070716,0,"vSMC/Pericyte","Other spots"
"Tumour 1",-0.0904209801998103,0.51928646174267,"vSMC/Pericyte","Other spots"
"Tumour 1",0.0935077103879245,0,"B/Plasma/Mast","Other spots"
"Tumour 1",-0.134121606116524,0.249261582543487,"Tumor cells","Tumor spots"
"Tumour 1",0.134150162466696,0.571885880527237,"Tumor cells","Tumor spots"
"Tumour 1",0.178464055892609,0.484883634998687,"Tumor cells","Tumor spots"
"Tumour 1",-0.118688480628024,0,"B/Plasma/Mast","Other spots"
"Tumour 1",-0.243964468437823,0,"vSMC/Pericyte","Other spots"
"Tumour 1",-0.060336870833768,0,"vSMC/Pericyte","Other spots"
"Tumour 1",-0.105229373649669,0,"vSMC/Pericyte","Other spots"
"Tumour 1",-0.0215403049356542,0,"T cells","Other spots"
"Tumour 1",-0.151991670206176,0,"vSMC/Pericyte","Other spots"
"Tumour 1",0.049193838806378,0.584077560106685,"Tumor cells","Tumor spots"
"Tumour 1",-0.04233562484942,0.35497743307095,"vSMC/Pericyte","Other spots"
"Tumour 1",-0.0100535888846357,0.8319287500703,"vSMC/Pericyte","Other spots"
"Tumour 1",0.135735159071619,0,"vSMC/Pericyte","Other spots"
"Tumour 1",0.145241069164215,0,"vSMC/Pericyte","Other spots"
"Tumour 1",-0.0266925077071036,0.265533854035343,"vSMC/Pericyte","Other spots"
"Tumour 1",-0.158550054601968,0,"Tumor cells","Tumor spots"
"Tumour 1",0.0029207342061166,0.757777796753848,"vSMC/Pericyte","Other spots"
"Tumour 1",0.169007674706218,0.541178126340585,"vSMC/Pericyte","Other spots"
"Tumour 1",-0.102184835047193,0,"vSMC/Pericyte","Other spots"
"Tumour 1",-0.00750911021827799,0,"T cells","Other spots"
"Tumour 1",-0.00260068873906133,0,"T cells","Other spots"
"Tumour 1",0.0791986356921448,0.559208948749057,"T cells","Other spots"
"Tumour 1",-0.0204455972074941,0,"vSMC/Pericyte","Other spots"
"Tumour 1",-0.129883045658818,0,"T cells","Other spots"
"Tumour 1",0.014722162956063,0.27641146134433,"vSMC/Pericyte","Other spots"
"Tumour 1",0.121383291928919,0,"T cells","Other spots"
"Tumour 1",0.0445280273433003,0.542336012015096,"Tumor cells","Tumor spots"
"Tumour 1",-0.0168289658529338,0,"B/Plasma/Mast","Other spots"
"Tumour 1",0.124088480575981,0,"vSMC/Pericyte","Other spots"
"Tumour 1",0.016881055617384,0,"vSMC/Pericyte","Other spots"
"Tumour 1",0.231234361471599,0,"B/Plasma/Mast","Other spots"
"Tumour 1",0.164486399442467,0,"Tumor cells","Tumor spots"
"Tumour 1",-0.224995455242751,0,"vSMC/Pericyte","Other spots"
"Tumour 1",-0.0541467534239005,0.204870198354381,"Tumor cells","Tumor spots"
"Tumour 1",0.0744667247836805,1.30064217465042,"vSMC/Pericyte","Other spots"
"Tumour 1",0.467438851187441,0,"vSMC/Pericyte","Other spots"
"Tumour 1",0.252267741613651,0,"B/Plasma/Mast","Other spots"
"Tumour 1",0.0785443920319965,0,"vSMC/Pericyte","Other spots"
"Tumour 1",-0.0249514204611159,0,"vSMC/Pericyte","Other spots"
"Tumour 1",-0.0138775715253097,0,"vSMC/Pericyte","Other spots"
"Tumour 1",0.00293454654176961,0.477658556148301,"Tumor cells","Tumor spots"
"Tumour 1",0.0223075691904892,0,"B/Plasma/Mast","Other spots"
"Tumour 1",0.192737369464946,0,"vSMC/Pericyte","Other spots"
"Tumour 1",0.0888662904752917,0,"vSMC/Pericyte","Other spots"
"Tumour 1",-0.00416366621477085,0,"B/Plasma/Mast","Other spots"
"Tumour 1",-0.0174607415140927,0,"vSMC/Pericyte","Other spots"
"Tumour 1",0.0499229655387451,0.286313657733051,"vSMC/Pericyte","Other spots"
"Tumour 1",-0.120559611136961,0,"vSMC/Pericyte","Other spots"
"Tumour 1",-0.06497030585648,0,"B/Plasma/Mast","Other spots"
"Tumour 1",-0.0404261227636178,0,"B/Plasma/Mast","Other spots"
"Tumour 1",-0.0147358728707627,0,"vSMC/Pericyte","Other spots"
"Tumour 1",0.0605786065290916,0,"vSMC/Pericyte","Other spots"
"Tumour 1",0.112523567991214,0,"vSMC/Pericyte","Other spots"
"Tumour 1",-0.00544072495723624,0,"vSMC/Pericyte","Other spots"
"Tumour 1",-0.078876676499215,0,"vSMC/Pericyte","Other spots"
"Tumour 1",0.0400420787294076,0.865639609886087,"Tumor cells","Tumor spots"
"Tumour 1",0.0856267281012855,0.155188587517892,"Tumor cells","Tumor spots"
"Tumour 1",-0.0326148100385735,0.798585111524446,"Tumor cells","Tumor spots"
"Tumour 1",-0.0296026027921633,0,"vSMC/Pericyte","Other spots"
"Tumour 1",0.116008683126304,0,"B/Plasma/Mast","Other spots"
"Tumour 1",0.0463337209259158,0,"Tumor cells","Tumor spots"
"Tumour 1",0.00322959847690174,0,"vSMC/Pericyte","Other spots"
"Tumour 1",-0.0609402591679613,0.643354347038324,"vSMC/Pericyte","Other spots"
"Tumour 1",-0.0963773539636648,0,"vSMC/Pericyte","Other spots"
"Tumour 1",-0.0302906960009721,0,"vSMC/Pericyte","Other spots"
"Tumour 1",0.159535509599462,0,"vSMC/Pericyte","Other spots"
"Tumour 1",-0.00683371589185255,0.679219140163306,"Tumor cells","Tumor spots"
"Tumour 1",0.1826730733456,0,"vSMC/Pericyte","Other spots"
"Tumour 1",-0.049348144342899,0,"vSMC/Pericyte","Other spots"
"Tumour 1",-0.00988678466180706,0,"B/Plasma/Mast","Other spots"
"Tumour 1",-0.0177369903407844,0.495271362267797,"Tumor cells","Tumor spots"
"Tumour 1",0.0582098554594536,0.502319451740605,"T cells","Other spots"
"Tumour 1",-0.0759394995279669,0,"vSMC/Pericyte","Other spots"
"Tumour 1",-0.175612104292814,0,"vSMC/Pericyte","Other spots"
"Tumour 1",0.0653380187258128,0.687675776003622,"Tumor cells","Tumor spots"
"Tumour 1",-0.059173695789351,0.965040272884318,"vSMC/Pericyte","Other spots"
"Tumour 1",0.0317459238327799,0.728423278360987,"vSMC/Pericyte","Other spots"
"Tumour 1",0.0478519732247466,0,"vSMC/Pericyte","Other spots"
"Tumour 1",0.0591650216939398,0,"vSMC/Pericyte","Other spots"
"Tumour 1",0.132039902652819,0.414934148788824,"Tumor cells","Tumor spots"
"Tumour 1",-0.0185889783097744,0.342392717316222,"vSMC/Pericyte","Other spots"
"Tumour 1",0.106679224108215,0,"vSMC/Pericyte","Other spots"
"Tumour 1",0.0472917355554212,0.352800793715192,"Tumor cells","Tumor spots"
"Tumour 1",-0.10729723940785,0,"vSMC/Pericyte","Other spots"
"Tumour 1",-0.0489838469456712,0.624283562887806,"Tumor cells","Tumor spots"
"Tumour 1",-0.0664352735897933,0,"vSMC/Pericyte","Other spots"
"Tumour 1",0.0621927677638682,0.373278421612263,"Tumor cells","Tumor spots"
"Tumour 1",0.0686505909101979,0.432810898242602,"Tumor cells","Tumor spots"
"Tumour 1",-0.0119896942461501,0.696312137611463,"Tumor cells","Tumor spots"
"Tumour 1",0.020399221681246,0,"vSMC/Pericyte","Other spots"
"Tumour 1",-0.158845705999491,0,"vSMC/Pericyte","Other spots"
"Tumour 1",-0.0917867919331083,0,"vSMC/Pericyte","Other spots"
"Tumour 1",-0.0814246819558674,0.661519472917132,"vSMC/Pericyte","Other spots"
"Tumour 1",-0.105851837770964,0.349296044395095,"Tumor cells","Tumor spots"
"Tumour 1",-0.000174547208754205,0,"T cells","Other spots"
"Tumour 1",0.0497947892455532,0,"B/Plasma/Mast","Other spots"
"Tumour 1",0.0282934180934638,0.322668336452055,"Tumor cells","Tumor spots"
"Tumour 1",0.04752945755642,0,"vSMC/Pericyte","Other spots"
"Tumour 1",-0.0349891043749763,0.250921396351512,"Tumor cells","Tumor spots"
"Tumour 1",-0.00793025910199829,0,"vSMC/Pericyte","Other spots"
"Tumour 1",0.0434076963457984,0,"vSMC/Pericyte","Other spots"
"Tumour 1",0.0943222894764607,0.648124249145511,"vSMC/Pericyte","Other spots"
"Tumour 1",-0.0775461970511558,0,"T cells","Other spots"
"Tumour 1",-0.0780736112120109,0,"vSMC/Pericyte","Other spots"
"Tumour 1",-0.0542782142905588,0,"vSMC/Pericyte","Other spots"
"Tumour 1",-0.0951877781260686,1.06735167034271,"B/Plasma/Mast","Other spots"
"Tumour 1",-0.134997815177926,0,"B/Plasma/Mast","Other spots"
"Tumour 1",-0.119771780949491,0,"B/Plasma/Mast","Other spots"
"Tumour 1",0.0842100449478729,0,"vSMC/Pericyte","Other spots"
"Tumour 1",0.0204041376054442,0,"vSMC/Pericyte","Other spots"
"Tumour 1",0.211710564265806,0,"B/Plasma/Mast","Other spots"
"Tumour 1",-0.0371928363206484,0,"vSMC/Pericyte","Other spots"
"Tumour 1",-0.133508222009349,0,"vSMC/Pericyte","Other spots"
"Tumour 1",0.00349395624173454,0,"vSMC/Pericyte","Other spots"
"Tumour 1",-0.118131179251677,0,"vSMC/Pericyte","Other spots"
"Tumour 1",-0.0603567656631016,0,"vSMC/Pericyte","Other spots"
"Tumour 1",0.0873257853812892,0,"Macrophages","Other spots"
"Tumour 1",-0.0437842852533607,0.399942411625513,"Tumor cells","Tumor spots"
"Tumour 1",0.146515872633976,0,"vSMC/Pericyte","Other spots"
"Tumour 1",0.033069051441127,0,"vSMC/Pericyte","Other spots"
"Tumour 1",0.0742985243060611,0.53807549611901,"Tumor cells","Tumor spots"
"Tumour 1",-0.107906653365963,0.570377684706817,"Endothelial","Other spots"
"Tumour 1",-0.103581234693031,0.788675605672862,"vSMC/Pericyte","Other spots"
"Tumour 1",0.0111696477411304,0,"vSMC/Pericyte","Other spots"
"Tumour 1",0.0919459725755851,0.740609358002297,"vSMC/Pericyte","Other spots"
"Tumour 1",-0.071245558571071,0,"B/Plasma/Mast","Other spots"
"Tumour 1",-0.118388761596211,1.06710141711016,"vSMC/Pericyte","Other spots"
"Tumour 1",0.00965959273997857,0.307473053133764,"Tumor cells","Tumor spots"
"Tumour 1",-0.0365084810076718,0,"vSMC/Pericyte","Other spots"
"Tumour 1",-0.0171213138647002,0.463803045557384,"Tumor cells","Tumor spots"
"Tumour 1",-0.0662815719411191,0,"B/Plasma/Mast","Other spots"
"Tumour 1",0.0653378697875987,0,"vSMC/Pericyte","Other spots"
"Tumour 1",-0.0906822444802674,0,"vSMC/Pericyte","Other spots"
"Tumour 1",0.170273864382466,0,"B/Plasma/Mast","Other spots"
"Tumour 1",-0.0813995792362383,0,"vSMC/Pericyte","Other spots"
"Tumour 1",-0.0372126046503445,0,"vSMC/Pericyte","Other spots"
"Tumour 1",0.103790788208929,0,"B/Plasma/Mast","Other spots"
"Tumour 1",0.0612950668105439,0.519783338386375,"T cells","Other spots"
"Tumour 1",0.0569715220025944,0,"vSMC/Pericyte","Other spots"
"Tumour 1",-0.0390519964255724,0,"vSMC/Pericyte","Other spots"
"Tumour 1",-0.133724676232633,0,"vSMC/Pericyte","Other spots"
"Tumour 1",0.104558859020075,0,"Tumor cells","Tumor spots"
"Tumour 1",-0.00136416530335778,0,"B/Plasma/Mast","Other spots"
"Tumour 1",0.0110299270985356,0,"vSMC/Pericyte","Other spots"
"Tumour 1",-0.01980689543011,0,"Tumor cells","Tumor spots"
"Tumour 1",-0.0398177287043217,0.768534859629062,"vSMC/Pericyte","Other spots"
"Tumour 1",0.0658044374789024,0,"vSMC/Pericyte","Other spots"
"Tumour 1",-0.128211721690615,0,"vSMC/Pericyte","Other spots"
"Tumour 1",0.0126021153902846,0,"vSMC/Pericyte","Other spots"
"Tumour 1",-0.11536946154006,0,"Macrophages","Other spots"
"Tumour 1",-0.234093549876748,0,"B/Plasma/Mast","Other spots"
"Tumour 1",0.0275047597508539,0,"T cells","Other spots"
"Tumour 1",0.160935303576662,0,"vSMC/Pericyte","Other spots"
"Tumour 1",0.0552137743908271,0,"vSMC/Pericyte","Other spots"
"Tumour 1",-0.0276112604149222,0,"B/Plasma/Mast","Other spots"
"Tumour 1",0.187431536078025,0,"vSMC/Pericyte","Other spots"
"Tumour 1",-0.187553652903952,0,"vSMC/Pericyte","Other spots"
"Tumour 1",0.105455626936996,0.536611522881631,"Tumor cells","Tumor spots"
"Tumour 1",0.0842836053567583,0.350068097342072,"Tumor cells","Tumor spots"
"Tumour 1",0.0762844720913036,0.27468464960417,"vSMC/Pericyte","Other spots"
"Tumour 1",0.0171644648375046,0,"vSMC/Pericyte","Other spots"
"Tumour 1",-0.0829748596457733,0,"vSMC/Pericyte","Other spots"
"Tumour 1",-0.123251156675806,0,"vSMC/Pericyte","Other spots"
"Tumour 1",-0.159781275232571,0,"B/Plasma/Mast","Other spots"
"Tumour 1",0.0118724894776494,0,"vSMC/Pericyte","Other spots"
"Tumour 1",-0.0161144468422731,0.313344008782667,"Tumor cells","Tumor spots"
"Tumour 1",0.0770470216973042,0.294989328862364,"Tumor cells","Tumor spots"
"Tumour 1",0.0101523015937355,0,"vSMC/Pericyte","Other spots"
"Tumour 1",-0.0868850903367432,0,"vSMC/Pericyte","Other spots"
"Tumour 1",0.0551951436216062,0,"B/Plasma/Mast","Other spots"
"Tumour 1",0.0803631508107604,0,"vSMC/Pericyte","Other spots"
"Tumour 1",-0.0752140098827798,0,"vSMC/Pericyte","Other spots"
"Tumour 1",0.065937888860639,0,"vSMC/Pericyte","Other spots"
"Tumour 1",0.0935855527680743,0.584868310373484,"Tumor cells","Tumor spots"
"Tumour 1",0.0649370569059043,0.249574244744239,"Tumor cells","Tumor spots"
"Tumour 1",0.115556011126042,0,"B/Plasma/Mast","Other spots"
"Tumour 1",0.20723971484917,0,"vSMC/Pericyte","Other spots"
"Tumour 1",0.0741529284717957,0,"vSMC/Pericyte","Other spots"
"Tumour 1",-0.0704303579390841,0,"vSMC/Pericyte","Other spots"
"Tumour 1",-0.0819535929385659,0,"vSMC/Pericyte","Other spots"
"Tumour 1",0.06058149657868,0.390713044762719,"Tumor cells","Tumor spots"
"Tumour 1",-0.0525038920442389,0,"vSMC/Pericyte","Other spots"
"Tumour 1",0.0800164955084776,0,"vSMC/Pericyte","Other spots"
"Tumour 1",-0.207062387849929,0,"vSMC/Pericyte","Other spots"
"Tumour 1",0.0760920700533995,0,"vSMC/Pericyte","Other spots"
"Tumour 1",-0.0819607279184348,0,"B/Plasma/Mast","Other spots"
"Tumour 1",-0.0949046652052234,0,"Tumor cells","Tumor spots"
"Tumour 1",-0.00735378508225212,0,"vSMC/Pericyte","Other spots"
"Tumour 1",-0.00149786692124579,0,"vSMC/Pericyte","Other spots"
"Tumour 1",-0.061648825866953,0.478263911805868,"Tumor cells","Tumor spots"
"Tumour 1",-0.0411831667737584,0.219277013136598,"Tumor cells","Tumor spots"
"Tumour 1",0.00811483967244148,0,"vSMC/Pericyte","Other spots"
"Tumour 1",0.112542324301628,0.537483008104721,"Tumor cells","Tumor spots"
"Tumour 1",-0.122447325654196,0,"vSMC/Pericyte","Other spots"
"Tumour 1",-0.0110908605935906,0,"Tumor cells","Tumor spots"
"Tumour 1",0.0465223076135402,0,"vSMC/Pericyte","Other spots"
"Tumour 1",0.00848290178245709,0.682834131500923,"Tumor cells","Tumor spots"
"Tumour 1",0.193263756149551,0,"vSMC/Pericyte","Other spots"
"Tumour 1",0.0534568922240783,0,"vSMC/Pericyte","Other spots"
"Tumour 1",0.112216469742777,0,"Tumor cells","Tumor spots"
"Tumour 1",0.053111279088117,0,"B/Plasma/Mast","Other spots"
"Tumour 1",0.0926200064001005,0,"Tumor cells","Tumor spots"
"Tumour 1",0.00823033571626491,0,"vSMC/Pericyte","Other spots"
"Tumour 1",0.0470602476323842,0.454198692145056,"vSMC/Pericyte","Other spots"
"Tumour 1",0.16426629675189,0.585326192719609,"vSMC/Pericyte","Other spots"
"Tumour 1",-0.0354316166555983,0.203639370760329,"Tumor cells","Tumor spots"
"Tumour 1",-0.053497888736009,0,"vSMC/Pericyte","Other spots"
"Tumour 1",-0.0169031030612644,0,"vSMC/Pericyte","Other spots"
"Tumour 1",-0.0289906088474115,0,"vSMC/Pericyte","Other spots"
"Tumour 1",-0.0927989445943866,0,"vSMC/Pericyte","Other spots"
"Tumour 1",0.0627868248149515,0,"Tumor cells","Tumor spots"
"Tumour 1",0.0797390443506088,0,"vSMC/Pericyte","Other spots"
"Tumour 1",0.0781466670999566,0.283688673499736,"Tumor cells","Tumor spots"
"Tumour 1",0.018035210019634,0,"vSMC/Pericyte","Other spots"
"Tumour 1",0.0838206162117053,0,"vSMC/Pericyte","Other spots"
"Tumour 1",0.0132633279969831,0,"vSMC/Pericyte","Other spots"
"Tumour 1",-0.0493054214610007,0,"vSMC/Pericyte","Other spots"
"Tumour 1",-0.226285859986316,0,"vSMC/Pericyte","Other spots"
"Tumour 1",0.0318882927840646,0.405143145242134,"Tumor cells","Tumor spots"
"Tumour 1",0.159758986575162,0.450679877192497,"Tumor cells","Tumor spots"
"Tumour 1",0.0781867126579802,0,"T cells","Other spots"
"Tumour 1",-0.17669504336777,0,"B/Plasma/Mast","Other spots"
"Tumour 1",-0.0233742016972039,0.345438590936621,"Tumor cells","Tumor spots"
"Tumour 1",0.120548354779011,0.608780215607544,"Tumor cells","Tumor spots"
"Tumour 1",0.171522681244171,0,"vSMC/Pericyte","Other spots"
"Tumour 1",-0.07695333165918,0.628366672328143,"Tumor cells","Tumor spots"
"Tumour 1",-0.0609575034031029,0,"vSMC/Pericyte","Other spots"
"Tumour 1",-0.0821108470851394,0,"Tumor cells","Tumor spots"
"Tumour 1",0.111891921781971,0.338131887958617,"Tumor cells","Tumor spots"
"Tumour 1",-0.00120626835531418,0,"vSMC/Pericyte","Other spots"
"Tumour 1",-0.0699200422550423,0,"T cells","Other spots"
"Tumour 1",0.109237922480519,0,"vSMC/Pericyte","Other spots"
"Tumour 1",0.00677249999166285,0,"vSMC/Pericyte","Other spots"
"Tumour 1",0.0221817796237637,0.298134376827791,"Tumor cells","Tumor spots"
"Tumour 1",0.238613821456074,0,"vSMC/Pericyte","Other spots"
"Tumour 1",0.0732216346004399,0.719176652295404,"vSMC/Pericyte","Other spots"
"Tumour 1",0.0242615353420123,0,"B/Plasma/Mast","Other spots"
"Tumour 1",0.0136620164160378,0,"B/Plasma/Mast","Other spots"
"Tumour 1",0.0221618913568899,0.388835996033748,"Tumor cells","Tumor spots"
"Tumour 1",0.0340488506743817,0,"vSMC/Pericyte","Other spots"
"Tumour 1",-0.107778830817424,0,"vSMC/Pericyte","Other spots"
"Tumour 1",-0.164455612199965,0,"B/Plasma/Mast","Other spots"
"Tumour 1",0.177675283962243,0.789889179784332,"vSMC/Pericyte","Other spots"
"Tumour 1",-0.016390526708734,0,"vSMC/Pericyte","Other spots"
"Tumour 1",0.0140724645871481,0.392874142739652,"Tumor cells","Tumor spots"
"Tumour 1",-0.143257693475762,0,"vSMC/Pericyte","Other spots"
"Tumour 1",-0.158244647404729,0,"B/Plasma/Mast","Other spots"
"Tumour 1",0.362858023948814,0,"vSMC/Pericyte","Other spots"
"Tumour 1",-0.0164634169362967,0.602073142811544,"Tumor cells","Tumor spots"
"Tumour 1",-0.0165664068341463,0,"vSMC/Pericyte","Other spots"
"Tumour 1",0.0357516814368223,0,"Tumor cells","Tumor spots"
"Tumour 1",0.00384488923670101,0.633385446017691,"vSMC/Pericyte","Other spots"
"Tumour 1",0.073346845996032,0.304734538130718,"Tumor cells","Tumor spots"
"Tumour 1",0.0343984629119891,0.659408735814095,"Tumor cells","Tumor spots"
"Tumour 1",0.211987784933183,0,"vSMC/Pericyte","Other spots"
"Tumour 1",-0.158679866280458,0,"B/Plasma/Mast","Other spots"
"Tumour 1",0.224595361314358,0,"vSMC/Pericyte","Other spots"
"Tumour 1",0.0658791593877929,0.602771316292481,"Tumor cells","Tumor spots"
"Tumour 1",0.0415893458071565,0,"vSMC/Pericyte","Other spots"
"Tumour 1",0.0346830698750803,0.930347769916587,"Tumor cells","Tumor spots"
"Tumour 1",0.0421714297317128,0,"Tumor cells","Tumor spots"
"Tumour 1",-0.165307554569846,0,"vSMC/Pericyte","Other spots"
"Tumour 1",0.2820421731397,0,"vSMC/Pericyte","Other spots"
"Tumour 1",0.174697124058062,0,"vSMC/Pericyte","Other spots"
"Tumour 1",0.00685825356692185,0,"B/Plasma/Mast","Other spots"
"Tumour 1",-0.0390121641381954,0.482521847603139,"Tumor cells","Tumor spots"
"Tumour 1",0.0330147609762036,0.48094851746652,"Tumor cells","Tumor spots"
"Tumour 1",-0.0279714075902536,0,"vSMC/Pericyte","Other spots"
"Tumour 1",0.289455581181896,0.598582502180795,"vSMC/Pericyte","Other spots"
"Tumour 1",-0.0823783861068383,0,"vSMC/Pericyte","Other spots"
"Tumour 1",-0.142134254483209,0.56884439326415,"Tumor cells","Tumor spots"
"Tumour 1",-0.146829947339969,0.441178974908543,"vSMC/Pericyte","Other spots"
"Tumour 1",0.0377991944915644,0,"B/Plasma/Mast","Other spots"
"Tumour 1",-0.00741630312748462,0,"vSMC/Pericyte","Other spots"
"Tumour 1",-0.0689241746600478,0,"vSMC/Pericyte","Other spots"
"Tumour 1",-0.231792840781956,1.07213099047674,"B/Plasma/Mast","Other spots"
"Tumour 1",-0.0525428893389369,0,"vSMC/Pericyte","Other spots"
"Tumour 1",0.0372606914448625,0,"vSMC/Pericyte","Other spots"
"Tumour 1",-0.000515511030977633,0,"Tumor cells","Tumor spots"
"Tumour 1",0.0191335884961313,0,"vSMC/Pericyte","Other spots"
"Tumour 1",-0.127908413471431,0,"vSMC/Pericyte","Other spots"
"Tumour 1",-0.0647468634719517,0,"vSMC/Pericyte","Other spots"
"Tumour 1",0.139702946724593,0,"vSMC/Pericyte","Other spots"
"Tumour 1",0.166433237346265,0,"B/Plasma/Mast","Other spots"
"Tumour 1",0.0851026259906123,0.528238724489857,"Tumor cells","Tumor spots"
"Tumour 1",-0.152984636059658,0,"T cells","Other spots"
"Tumour 1",0.00624620585144636,0.310387831737307,"vSMC/Pericyte","Other spots"
"Tumour 1",0.0194513600950843,0.288304257761972,"Tumor cells","Tumor spots"
"Tumour 1",-0.033747515876286,0,"B/Plasma/Mast","Other spots"
"Tumour 1",-0.0161468394584024,0,"vSMC/Pericyte","Other spots"
"Tumour 1",0.255325286841623,0,"vSMC/Pericyte","Other spots"
"Tumour 1",0.102723157672768,0,"vSMC/Pericyte","Other spots"
"Tumour 1",0.0325389188012925,0,"vSMC/Pericyte","Other spots"
"Tumour 1",0.0843791561082212,0,"vSMC/Pericyte","Other spots"
"Tumour 1",-0.195661575760973,0,"vSMC/Pericyte","Other spots"
"Tumour 1",0.0223073405701557,0,"B/Plasma/Mast","Other spots"
"Tumour 1",0.0800829286220627,0,"vSMC/Pericyte","Other spots"
"Tumour 1",-0.044822928562427,0,"B/Plasma/Mast","Other spots"
"Tumour 1",0.042704693847838,0,"vSMC/Pericyte","Other spots"
"Tumour 1",-0.1001242250192,0,"vSMC/Pericyte","Other spots"
"Tumour 1",-0.0222203173137955,0.754420916490909,"Tumor cells","Tumor spots"
"Tumour 1",-0.0233906564049101,0,"vSMC/Pericyte","Other spots"
"Tumour 1",-0.0354288786819055,0,"B/Plasma/Mast","Other spots"
"Tumour 1",-0.114134799434309,0.5881780438954,"B/Plasma/Mast","Other spots"
"Tumour 1",-0.12257597151061,0,"B/Plasma/Mast","Other spots"
"Tumour 1",-0.00266200197199012,0.58047863833728,"Tumor cells","Tumor spots"
"Tumour 1",-0.0269785687549934,0,"B/Plasma/Mast","Other spots"
"Tumour 1",0.0787484556519573,0,"B/Plasma/Mast","Other spots"
"Tumour 1",0.0197332295647001,0,"vSMC/Pericyte","Other spots"
"Tumour 1",0.0096233834223558,0,"Tumor cells","Tumor spots"
"Tumour 1",-0.0580030095828828,0,"vSMC/Pericyte","Other spots"
"Tumour 1",-0.22181142175074,0,"vSMC/Pericyte","Other spots"
"Tumour 1",-0.0825037924464654,0.308865806357624,"T cells","Other spots"
"Tumour 1",0.120911560059717,0,"B/Plasma/Mast","Other spots"
"Tumour 1",-0.0668892365561553,0,"vSMC/Pericyte","Other spots"
"Tumour 1",-0.163706835975936,0,"B/Plasma/Mast","Other spots"
"Tumour 1",0.0727414086372003,0,"Tumor cells","Tumor spots"
"Tumour 1",0.166253552093173,0,"vSMC/Pericyte","Other spots"
"Tumour 1",0.122924969116613,0.429475801796897,"Tumor cells","Tumor spots"
"Tumour 1",0.109750163152083,0,"vSMC/Pericyte","Other spots"
"Tumour 1",0.0877821147663158,0,"B/Plasma/Mast","Other spots"
"Tumour 1",-0.135059594972453,0,"vSMC/Pericyte","Other spots"
"Tumour 1",0.0281376947614361,0.571902684277781,"Tumor cells","Tumor spots"
"Tumour 1",0.0973700818130513,0,"B/Plasma/Mast","Other spots"
"Tumour 1",0.0454091595393401,0.657237273968885,"vSMC/Pericyte","Other spots"
"Tumour 1",0.123134568587905,0.242677409112547,"Tumor cells","Tumor spots"
"Tumour 1",0.0458333203600345,0.298237388761103,"Tumor cells","Tumor spots"
"Tumour 1",-0.0772104308761888,0,"vSMC/Pericyte","Other spots"
"Tumour 1",-0.197793159438374,0,"vSMC/Pericyte","Other spots"
"Tumour 1",0.0464613611310988,0.50578364064401,"Tumor cells","Tumor spots"
"Tumour 1",0.0869179423604555,0,"vSMC/Pericyte","Other spots"
"Tumour 1",0.0179045096491277,0.331440765307185,"vSMC/Pericyte","Other spots"
"Tumour 1",0.157464540329313,0.500816655036859,"vSMC/Pericyte","Other spots"
"Tumour 1",0.00429773676054074,0,"Tumor cells","Tumor spots"
"Tumour 1",0.128688687576668,0.194685610866742,"Tumor cells","Tumor spots"
"Tumour 1",-0.00353262712656333,0,"Tumor cells","Tumor spots"
"Tumour 1",-0.0605072021413209,0,"vSMC/Pericyte","Other spots"
"Tumour 1",0.0139119587922648,0,"vSMC/Pericyte","Other spots"
"Tumour 1",0.0568186756600089,0,"vSMC/Pericyte","Other spots"
"Tumour 1",0.0105624251794665,0,"vSMC/Pericyte","Other spots"
"Tumour 1",0.00805468902504664,0,"T cells","Other spots"
"Tumour 1",0.0165922791099866,0.395820012396048,"Tumor cells","Tumor spots"
"Tumour 1",-0.0320775387764664,0,"Tumor cells","Tumor spots"
"Tumour 1",0.0314683077806757,0,"vSMC/Pericyte","Other spots"
"Tumour 1",-0.0787996334755641,0,"Tumor cells","Tumor spots"
"Tumour 1",-0.0379657464132494,0,"B/Plasma/Mast","Other spots"
"Tumour 1",-0.0179016819443129,0,"vSMC/Pericyte","Other spots"
"Tumour 1",-0.221586437220055,0,"vSMC/Pericyte","Other spots"
"Tumour 1",0.0655371117245615,0,"vSMC/Pericyte","Other spots"
"Tumour 1",0.0600306283415775,0.214383024987162,"Tumor cells","Tumor spots"
"Tumour 1",0.0105804708440078,0.536257847769712,"vSMC/Pericyte","Other spots"
"Tumour 1",-0.0552286298901053,0.503080770141033,"Tumor cells","Tumor spots"
"Tumour 1",0.0524184769142768,0.655665148831511,"Tumor cells","Tumor spots"
"Tumour 1",-0.000635714415094468,0,"vSMC/Pericyte","Other spots"
"Tumour 1",-0.0168970752164823,1.07137325050593,"B/Plasma/Mast","Other spots"
"Tumour 1",-0.0087252628887633,0,"vSMC/Pericyte","Other spots"
"Tumour 1",-0.0115489702892607,0,"B/Plasma/Mast","Other spots"
"Tumour 1",-0.190241292448403,0.490070354639154,"vSMC/Pericyte","Other spots"
"Tumour 1",-0.0229092126561631,0,"vSMC/Pericyte","Other spots"
"Tumour 1",0.137028128228831,0,"B/Plasma/Mast","Other spots"
"Tumour 1",0.315089670089462,0,"Tumor cells","Tumor spots"
"Tumour 1",0.0193598719760585,0,"B/Plasma/Mast","Other spots"
"Tumour 1",0.135884184836829,0.398103111667095,"Tumor cells","Tumor spots"
"Tumour 1",0.0616802523225049,0.408335562049378,"Tumor cells","Tumor spots"
"Tumour 1",-0.0144539238832544,0.395138664664944,"Tumor cells","Tumor spots"
"Tumour 1",-0.0572777892373776,0,"vSMC/Pericyte","Other spots"
"Tumour 1",0.116739315899951,0,"vSMC/Pericyte","Other spots"
"Tumour 1",0.0517520300314738,0,"vSMC/Pericyte","Other spots"
"Tumour 1",0.00281574944504204,0.410494230175266,"Tumor cells","Tumor spots"
"Tumour 1",-0.16177764032254,0,"vSMC/Pericyte","Other spots"
"Tumour 1",-0.145820394661616,0,"vSMC/Pericyte","Other spots"
"Tumour 1",0.0855085670904686,0,"vSMC/Pericyte","Other spots"
"Tumour 1",0.0848602219891148,0,"T cells","Other spots"
"Tumour 1",0.0239891402619954,0.302957586755725,"Tumor cells","Tumor spots"
"Tumour 1",-0.0584148662682927,0,"Tumor cells","Tumor spots"
"Tumour 1",0.0868234512848773,0,"vSMC/Pericyte","Other spots"
"Tumour 1",-0.16049369887429,0.32737863726003,"Tumor cells","Tumor spots"
"Tumour 1",0.0578817804088753,0,"vSMC/Pericyte","Other spots"
"Tumour 1",-0.0322965018391556,0.279082232828636,"Tumor cells","Tumor spots"
"Tumour 1",-0.195697355047488,0,"vSMC/Pericyte","Other spots"
"Tumour 1",-0.234184445086981,0,"Macrophages","Other spots"
"Tumour 1",-0.0483775250144947,0,"vSMC/Pericyte","Other spots"
"Tumour 1",-0.0532740276210296,0,"B/Plasma/Mast","Other spots"
"Tumour 1",-0.201010909511112,0,"vSMC/Pericyte","Other spots"
"Tumour 1",0.151188348176097,0,"B/Plasma/Mast","Other spots"
"Tumour 1",-0.0332609789924612,0.322699845951825,"Tumor cells","Tumor spots"
"Tumour 1",-0.0688470721307248,0,"Tumor cells","Tumor spots"
"Tumour 1",-0.0562166559618127,0.221456457181104,"vSMC/Pericyte","Other spots"
"Tumour 1",-0.211573487964262,0,"B/Plasma/Mast","Other spots"
"Tumour 1",0.0451003636534564,0,"Tumor cells","Tumor spots"
"Tumour 1",-0.047758095704988,0.585837778250811,"Tumor cells","Tumor spots"
"Tumour 1",-0.038063742407458,0,"B/Plasma/Mast","Other spots"
"Tumour 1",0.0446630966172744,0,"vSMC/Pericyte","Other spots"
"Tumour 1",-0.0582053465411551,0,"B/Plasma/Mast","Other spots"
"Tumour 1",0.129632501533197,0,"vSMC/Pericyte","Other spots"
"Tumour 1",-0.0901495976444645,0,"Tumor cells","Tumor spots"
"Tumour 1",-0.106376987700945,0.337377545920637,"Tumor cells","Tumor spots"
"Tumour 1",-0.0254189840085604,0.61445255463625,"Tumor cells","Tumor spots"
"Tumour 1",0.109474983350754,0.399085161091425,"Tumor cells","Tumor spots"
"Tumour 1",0.101184916885643,0.349487192575536,"Tumor cells","Tumor spots"
"Tumour 1",0.132937810350581,0,"vSMC/Pericyte","Other spots"
"Tumour 1",-0.0528099075449341,0,"vSMC/Pericyte","Other spots"
"Tumour 1",0.0083488733583611,0.569501670390535,"vSMC/Pericyte","Other spots"
"Tumour 1",-0.0136542477874142,1.37323779581746,"B/Plasma/Mast","Other spots"
"Tumour 1",-0.043812463117935,0.353128088687529,"Tumor cells","Tumor spots"
"Tumour 1",0.112143559463969,0,"Macrophages","Other spots"
"Tumour 1",0.032250955754772,0.290565040747352,"Tumor cells","Tumor spots"
"Tumour 1",0.0528120710373478,0,"vSMC/Pericyte","Other spots"
"Tumour 1",-0.066366417405751,0,"Tumor cells","Tumor spots"
"Tumour 1",0.0336152882848463,0,"Tumor cells","Tumor spots"
"Tumour 1",-0.0805963518400391,0,"vSMC/Pericyte","Other spots"
"Tumour 1",0.229728598754421,0,"vSMC/Pericyte","Other spots"
"Tumour 1",-0.0188251413059062,0.928399553651605,"vSMC/Pericyte","Other spots"
"Tumour 1",0.0388127302748387,0,"vSMC/Pericyte","Other spots"
"Tumour 1",0.0700219146916368,0,"B/Plasma/Mast","Other spots"
"Tumour 1",0.126105171383116,0.499513993563144,"vSMC/Pericyte","Other spots"
"Tumour 1",-0.0156941435338082,0,"vSMC/Pericyte","Other spots"
"Tumour 1",-0.0618939482164216,0.48464400092988,"Tumor cells","Tumor spots"
"Tumour 1",0.0810903831565384,0,"T cells","Other spots"
"Tumour 1",-0.0140437805700196,0,"vSMC/Pericyte","Other spots"
"Tumour 1",0.0471825332509386,0.782311751131728,"Tumor cells","Tumor spots"
"Tumour 1",0.0805998155791704,0,"Endothelial","Other spots"
"Tumour 1",-0.00863629017633821,0,"vSMC/Pericyte","Other spots"
"Tumour 1",0.00826705827910817,0.540953153301418,"Tumor cells","Tumor spots"
"Tumour 1",-0.0641020558655109,0,"vSMC/Pericyte","Other spots"
"Tumour 1",0.158952622526358,0,"T cells","Other spots"
"Tumour 1",0.0712791591882273,0,"vSMC/Pericyte","Other spots"
"Tumour 1",-0.0605834940085311,0,"Tumor cells","Tumor spots"
"Tumour 1",0.0733909070387584,0.408403200463068,"Tumor cells","Tumor spots"
"Tumour 1",0.00437288029668109,0,"vSMC/Pericyte","Other spots"
"Tumour 1",0.0714266995540782,0.601243118079927,"Tumor cells","Tumor spots"
"Tumour 1",0.0670924991783307,0,"Tumor cells","Tumor spots"
"Tumour 1",0.0668611151033462,0,"Tumor cells","Tumor spots"
"Tumour 1",0.123635129508062,0.385354024885351,"Tumor cells","Tumor spots"
"Tumour 1",-0.178823510831141,0,"vSMC/Pericyte","Other spots"
"Tumour 1",-0.0151255456230538,0.681958060118199,"Tumor cells","Tumor spots"
"Tumour 1",-0.0303457572815083,0,"vSMC/Pericyte","Other spots"
"Tumour 1",-0.0314144354908788,0,"vSMC/Pericyte","Other spots"
"Tumour 1",-0.0511363876525298,0,"Endothelial","Other spots"
"Tumour 1",-0.0110806488282371,0,"vSMC/Pericyte","Other spots"
"Tumour 1",-0.0733726051556556,0.391580800283377,"vSMC/Pericyte","Other spots"
"Tumour 1",0.0224616905173456,0,"vSMC/Pericyte","Other spots"
"Tumour 1",-0.0323744177675258,0.304856246292103,"Tumor cells","Tumor spots"
"Tumour 1",0.0419156967229923,0,"B/Plasma/Mast","Other spots"
"Tumour 1",-0.159445287681916,0,"vSMC/Pericyte","Other spots"
"Tumour 1",-0.100673864118196,0.48643509880071,"vSMC/Pericyte","Other spots"
"Tumour 1",-0.125712339119269,0,"Tumor cells","Tumor spots"
"Tumour 1",0.0508202578799374,0.43887679387484,"vSMC/Pericyte","Other spots"
"Tumour 1",-0.00838108837603602,0,"vSMC/Pericyte","Other spots"
"Tumour 1",0.0450321695604573,0,"vSMC/Pericyte","Other spots"
"Tumour 1",0.0314352755176743,0,"B/Plasma/Mast","Other spots"
"Tumour 1",-0.0655170046610387,0,"Tumor cells","Tumor spots"
"Tumour 1",-0.195311722046498,0,"vSMC/Pericyte","Other spots"
"Tumour 1",0.0332984482646393,0.659551522982893,"vSMC/Pericyte","Other spots"
"Tumour 1",-0.0606567065801646,0,"vSMC/Pericyte","Other spots"
"Tumour 1",-0.0555959798085957,0,"vSMC/Pericyte","Other spots"
"Tumour 1",0.022516383925431,0,"Tumor cells","Tumor spots"
"Tumour 1",0.083821566728031,0,"vSMC/Pericyte","Other spots"
"Tumour 1",-0.072602356402071,0.370466668991709,"Tumor cells","Tumor spots"
"Tumour 1",-0.0161699054830853,0,"vSMC/Pericyte","Other spots"
"Tumour 1",0.0722689371847149,0,"vSMC/Pericyte","Other spots"
"Tumour 1",0.040980207806644,0.196214655853671,"Tumor cells","Tumor spots"
"Tumour 1",-0.132560096935136,0,"vSMC/Pericyte","Other spots"
"Tumour 1",0.308836278990698,0,"vSMC/Pericyte","Other spots"
"Tumour 1",-0.0228591043204699,0,"vSMC/Pericyte","Other spots"
"Tumour 1",-0.1114648149041,0.26981503777901,"Tumor cells","Tumor spots"
"Tumour 1",0.0220707170346192,0,"vSMC/Pericyte","Other spots"
"Tumour 1",0.285695426014054,0,"B/Plasma/Mast","Other spots"
"Tumour 1",0.102901347521077,0,"vSMC/Pericyte","Other spots"
"Tumour 1",-0.0279536420863044,0.948613973204615,"vSMC/Pericyte","Other spots"
"Tumour 1",-0.021437171517189,0.552363480562277,"Tumor cells","Tumor spots"
"Tumour 1",0.112160213518331,0,"vSMC/Pericyte","Other spots"
"Tumour 1",-0.0200545407162803,0.170713113386811,"vSMC/Pericyte","Other spots"
"Tumour 1",0.0182739217457098,0.140120251421849,"Tumor cells","Tumor spots"
"Tumour 1",-0.0949071298263275,0,"vSMC/Pericyte","Other spots"
"Tumour 1",-0.00301834937952816,0.404103094775777,"vSMC/Pericyte","Other spots"
"Tumour 1",-0.0113987688262222,0.823373834322284,"Endothelial","Other spots"
"Tumour 1",-0.11964822710472,0,"vSMC/Pericyte","Other spots"
"Tumour 1",0.00282533044222259,0,"B/Plasma/Mast","Other spots"
"Tumour 1",0.134335307074307,0.707082731874428,"vSMC/Pericyte","Other spots"
"Tumour 1",0.0675208314036382,0.415897011176266,"B/Plasma/Mast","Other spots"
"Tumour 1",0.0832185689989318,0,"B/Plasma/Mast","Other spots"
"Tumour 1",0.132455037708551,0,"vSMC/Pericyte","Other spots"
"Tumour 1",0.156633472287942,0,"Tumor cells","Tumor spots"
"Tumour 1",-0.114457954478841,0,"Tumor cells","Tumor spots"
"Tumour 1",-0.00202429452043629,0,"vSMC/Pericyte","Other spots"
"Tumour 1",0.132080081016761,0.542833803983164,"vSMC/Pericyte","Other spots"
"Tumour 1",-0.0992987515826449,0,"vSMC/Pericyte","Other spots"
"Tumour 1",-0.00752014696867523,0.828619985063292,"vSMC/Pericyte","Other spots"
"Tumour 1",-0.128445310838398,0,"vSMC/Pericyte","Other spots"
"Tumour 1",0.0482727455993517,0.433179067153972,"Tumor cells","Tumor spots"
"Tumour 1",0.0474878336610484,0,"vSMC/Pericyte","Other spots"
"Tumour 1",0.0339088298925653,0,"B/Plasma/Mast","Other spots"
"Tumour 1",0.0401399905632284,0.270637874949842,"Tumor cells","Tumor spots"
"Tumour 1",-0.0702673842816871,0,"vSMC/Pericyte","Other spots"
"Tumour 1",-0.0844764716882261,0,"vSMC/Pericyte","Other spots"
"Tumour 1",-0.129205844160036,0,"B/Plasma/Mast","Other spots"
"Tumour 1",0.00248355770022529,0.339394782640436,"Tumor cells","Tumor spots"
"Tumour 1",-0.0884826665855509,0,"vSMC/Pericyte","Other spots"
"Tumour 1",-0.131771604491841,0,"Tumor cells","Tumor spots"
"Tumour 1",-0.0140380906008437,0,"B/Plasma/Mast","Other spots"
"Tumour 1",0.0728726946840766,0,"Tumor cells","Tumor spots"
"Tumour 1",0.0111639623974073,0.382111881088961,"vSMC/Pericyte","Other spots"
"Tumour 1",0.0175024710754575,0,"Tumor cells","Tumor spots"
"Tumour 1",-0.0635462042290448,0,"Tumor cells","Tumor spots"
"Tumour 1",-0.0941877077435478,0,"Tumor cells","Tumor spots"
"Tumour 1",0.146870904776894,0,"Tumor cells","Tumor spots"
"Tumour 1",0.12391949577612,0,"vSMC/Pericyte","Other spots"
"Tumour 1",-0.00906579346953307,0.806648619133633,"vSMC/Pericyte","Other spots"
"Tumour 1",0.0603141675465459,0.416494505751744,"vSMC/Pericyte","Other spots"
"Tumour 1",0.0211745887072536,0,"vSMC/Pericyte","Other spots"
"Tumour 1",-0.0339508588268499,0,"B/Plasma/Mast","Other spots"
"Tumour 1",-0.0851492070631959,0,"Tumor cells","Tumor spots"
"Tumour 1",0.173959234576211,0,"vSMC/Pericyte","Other spots"
"Tumour 1",-0.128099320876814,0,"Endothelial","Other spots"
"Tumour 1",0.089717174778793,0,"vSMC/Pericyte","Other spots"
"Tumour 1",0.0279224574798243,0.170354540080721,"Tumor cells","Tumor spots"
"Tumour 1",-0.186477337768707,0,"vSMC/Pericyte","Other spots"
"Tumour 1",-0.0310739886615248,0.723933328165602,"Tumor cells","Tumor spots"
"Tumour 1",-0.0920191065329764,0,"vSMC/Pericyte","Other spots"
"Tumour 1",-0.0549360081303731,0.503132470242662,"Tumor cells","Tumor spots"
"Tumour 1",0.085882269656569,0,"B/Plasma/Mast","Other spots"
"Tumour 1",-0.0817095406871612,0.358164057760963,"Tumor cells","Tumor spots"
"Tumour 1",-0.020028371231834,0.587822222670162,"Tumor cells","Tumor spots"
"Tumour 1",0.1562175284883,0,"vSMC/Pericyte","Other spots"
"Tumour 1",0.144886844890865,0,"vSMC/Pericyte","Other spots"
"Tumour 1",0.0723714870547872,0.607179318222036,"Tumor cells","Tumor spots"
"Tumour 1",0.0866897433495373,0,"vSMC/Pericyte","Other spots"
"Tumour 1",0.210282267282332,0,"Macrophages","Other spots"
"Tumour 1",0.0577574675877907,0,"vSMC/Pericyte","Other spots"
"Tumour 1",-0.0135106447429136,0,"vSMC/Pericyte","Other spots"
"Tumour 1",0.00247608324554349,0,"vSMC/Pericyte","Other spots"
"Tumour 1",0.0911321088942931,0,"vSMC/Pericyte","Other spots"
"Tumour 1",-0.118753485166526,0,"vSMC/Pericyte","Other spots"
"Tumour 1",-0.0607793670435916,0,"Tumor cells","Tumor spots"
"Tumour 1",-0.0539423525134369,0.475736479662723,"vSMC/Pericyte","Other spots"
"Tumour 1",0.00149469962237181,0,"Tumor cells","Tumor spots"
"Tumour 1",-0.0812352687259668,0,"Tumor cells","Tumor spots"
"Tumour 1",0.105335636619475,0.284550115717065,"Tumor cells","Tumor spots"
"Tumour 1",-0.0249272998515008,0,"vSMC/Pericyte","Other spots"
"Tumour 1",-0.00888222104092395,0,"vSMC/Pericyte","Other spots"
"Tumour 1",-0.0263790942966771,0.555875536548524,"vSMC/Pericyte","Other spots"
"Tumour 1",-0.0324131983946901,0,"Tumor cells","Tumor spots"
"Tumour 1",-0.0263090475856579,0,"vSMC/Pericyte","Other spots"
"Tumour 1",0.107166802804236,0,"Tumor cells","Tumor spots"
"Tumour 1",0.198160978260973,0,"vSMC/Pericyte","Other spots"
"Tumour 1",0.170083467412929,0,"vSMC/Pericyte","Other spots"
"Tumour 1",-0.0635139694347082,0,"vSMC/Pericyte","Other spots"
"Tumour 1",0.279998887912188,0.695606218759899,"B/Plasma/Mast","Other spots"
"Tumour 1",0.0589850168421925,0,"B/Plasma/Mast","Other spots"
"Tumour 1",-0.158194742399818,0,"vSMC/Pericyte","Other spots"
"Tumour 1",0.107908294975838,0,"vSMC/Pericyte","Other spots"
"Tumour 1",0.104068576838917,0,"B/Plasma/Mast","Other spots"
"Tumour 1",0.0022876719246544,0,"B/Plasma/Mast","Other spots"
"Tumour 1",0.0900570335534621,0.409777783256111,"Tumor cells","Tumor spots"
"Tumour 1",-0.072201193318652,0.226684079284575,"Tumor cells","Tumor spots"
"Tumour 1",0.0326711896642845,0,"B/Plasma/Mast","Other spots"
"Tumour 1",0.0638761578901862,0,"T cells","Other spots"
"Tumour 1",0.0213301684334775,0.781861315688176,"vSMC/Pericyte","Other spots"
"Tumour 1",-0.108240621644176,0,"T cells","Other spots"
"Tumour 1",-0.0370839424334356,0.54501698851427,"vSMC/Pericyte","Other spots"
"Tumour 1",-0.0121422879268154,0.35921741512997,"Tumor cells","Tumor spots"
"Tumour 1",0.0512652104338559,0,"vSMC/Pericyte","Other spots"
"Tumour 1",-0.135231418987708,0,"Endothelial","Other spots"
"Tumour 1",0.124408827586545,0,"Tumor cells","Tumor spots"
"Tumour 1",-0.0802002343659383,0.239586750477279,"Tumor cells","Tumor spots"
"Tumour 1",-0.0904521161222789,0,"vSMC/Pericyte","Other spots"
"Tumour 1",-0.118422542883152,0.632784619396879,"Tumor cells","Tumor spots"
"Tumour 1",-0.030717624207658,0,"Macrophages","Other spots"
"Tumour 1",0.0338964251463849,0.804047876593387,"vSMC/Pericyte","Other spots"
"Tumour 1",0.0159114740602689,0.682325628816767,"Tumor cells","Tumor spots"
"Tumour 1",0.0352175194979191,0.366457417602474,"Tumor cells","Tumor spots"
"Tumour 1",-0.119750652177769,0.674082794047943,"Tumor cells","Tumor spots"
"Tumour 1",0.082627907266969,0,"Tumor cells","Tumor spots"
"Tumour 1",-0.135641012881651,0.438212354488694,"vSMC/Pericyte","Other spots"
"Tumour 1",0.0974718039862876,0,"vSMC/Pericyte","Other spots"
"Tumour 1",-0.150009257312979,0,"vSMC/Pericyte","Other spots"
"Tumour 1",0.111118171487227,0,"vSMC/Pericyte","Other spots"
"Tumour 1",-0.010248517926598,0,"vSMC/Pericyte","Other spots"
"Tumour 1",0.0298350851878526,0.925263751943156,"Tumor cells","Tumor spots"
"Tumour 1",0.0773786642264336,0,"Tumor cells","Tumor spots"
"Tumour 1",0.0473859460685014,0,"vSMC/Pericyte","Other spots"
"Tumour 1",0.0397450818995335,0,"vSMC/Pericyte","Other spots"
"Tumour 1",-0.0681207508951226,0,"vSMC/Pericyte","Other spots"
"Tumour 1",0.255115306549172,0,"vSMC/Pericyte","Other spots"
"Tumour 1",-0.094758913571092,0,"vSMC/Pericyte","Other spots"
"Tumour 1",-0.0244183129844298,0,"Tumor cells","Tumor spots"
"Tumour 1",0.0494159440054665,0.465032739461065,"Tumor cells","Tumor spots"
"Tumour 1",0.057073014777855,0,"vSMC/Pericyte","Other spots"
"Tumour 1",-0.0562083719970705,0.957485048727138,"vSMC/Pericyte","Other spots"
"Tumour 1",0.033350525041033,0,"vSMC/Pericyte","Other spots"
"Tumour 1",0.0478049635625116,0,"Tumor cells","Tumor spots"
"Tumour 1",-0.011907608220325,0,"vSMC/Pericyte","Other spots"
"Tumour 1",0.125969256505476,0,"Tumor cells","Tumor spots"
"Tumour 1",0.287986456163913,0,"vSMC/Pericyte","Other spots"
"Tumour 1",0.117041238061834,0.349808303240994,"Tumor cells","Tumor spots"
"Tumour 1",0.0916386041793317,0.469232420018891,"Tumor cells","Tumor spots"
"Tumour 1",0.169596145039158,0,"vSMC/Pericyte","Other spots"
"Tumour 1",-0.0313327339990579,0.412184475860013,"T cells","Other spots"
"Tumour 1",0.378571424458596,0,"B/Plasma/Mast","Other spots"
"Tumour 1",-0.170494384912878,0,"B/Plasma/Mast","Other spots"
"Tumour 1",-0.0806224470916018,0,"vSMC/Pericyte","Other spots"
"Tumour 1",-0.0929956058339353,0,"vSMC/Pericyte","Other spots"
"Tumour 1",0.133489585183186,0,"vSMC/Pericyte","Other spots"
"Tumour 1",-0.00899754153540655,0,"vSMC/Pericyte","Other spots"
"Tumour 1",-0.109461830707715,0,"vSMC/Pericyte","Other spots"
"Tumour 1",0.123616697487842,0,"vSMC/Pericyte","Other spots"
"Tumour 1",0.157029271793951,0,"Tumor cells","Tumor spots"
"Tumour 1",-0.127282159244151,0,"vSMC/Pericyte","Other spots"
"Tumour 1",-0.162444861109138,0,"B/Plasma/Mast","Other spots"
"Tumour 1",0.0284728144886935,0,"vSMC/Pericyte","Other spots"
"Tumour 1",-0.0297607834124415,0,"B/Plasma/Mast","Other spots"
"Tumour 1",0.127387660884001,0,"Tumor cells","Tumor spots"
"Tumour 1",-0.194417013174528,0,"B/Plasma/Mast","Other spots"
"Tumour 1",-0.065031501137614,0.693722676941444,"Tumor cells","Tumor spots"
"Tumour 1",-0.0451987001452609,0,"vSMC/Pericyte","Other spots"
"Tumour 1",-0.0126907980420529,0,"vSMC/Pericyte","Other spots"
"Tumour 1",0.0361133682108228,0.454282654908795,"Tumor cells","Tumor spots"
"Tumour 1",-0.0700750031056178,0,"B/Plasma/Mast","Other spots"
"Tumour 1",0.0650564434693402,0,"B/Plasma/Mast","Other spots"
"Tumour 1",0.0488533243882892,0,"vSMC/Pericyte","Other spots"
"Tumour 1",-0.101487136157953,0,"vSMC/Pericyte","Other spots"
"Tumour 1",0.0575563853572739,0,"vSMC/Pericyte","Other spots"
"Tumour 1",0.0379217670902075,0.424771232968289,"Tumor cells","Tumor spots"
"Tumour 1",0.120229063594889,0,"Tumor cells","Tumor spots"
"Tumour 1",0.0754756287056013,0,"vSMC/Pericyte","Other spots"
"Tumour 1",0.165320026634858,0,"vSMC/Pericyte","Other spots"
"Tumour 1",-0.0818008581042322,0,"vSMC/Pericyte","Other spots"
"Tumour 1",0.0592845814527281,0.742105003376765,"Tumor cells","Tumor spots"
"Tumour 1",0.0805352695740754,0,"T cells","Other spots"
"Tumour 1",-0.022473675534247,0,"vSMC/Pericyte","Other spots"
"Tumour 1",0.0223257793340283,0,"B/Plasma/Mast","Other spots"
"Tumour 1",-0.0480191034729682,0,"vSMC/Pericyte","Other spots"
"Tumour 1",0.152352936871153,0,"vSMC/Pericyte","Other spots"
"Tumour 1",0.151823956695455,0,"vSMC/Pericyte","Other spots"
"Tumour 1",0.0731073418288727,0,"vSMC/Pericyte","Other spots"
"Tumour 1",0.109871575712095,0,"vSMC/Pericyte","Other spots"
"Tumour 1",-0.0738768567952939,0,"vSMC/Pericyte","Other spots"
"Tumour 1",-0.0349188397863127,0.691053774023623,"vSMC/Pericyte","Other spots"
"Tumour 1",-0.143769842721978,0,"vSMC/Pericyte","Other spots"
"Tumour 1",-0.0770300315687331,0.697897464353826,"Tumor cells","Tumor spots"
"Tumour 1",-0.140926096159834,0,"vSMC/Pericyte","Other spots"
"Tumour 1",-0.0588103724997561,0,"B/Plasma/Mast","Other spots"
"Tumour 1",-0.115614156690559,0.792195907892799,"Tumor cells","Tumor spots"
"Tumour 1",0.164909929453061,0,"vSMC/Pericyte","Other spots"
"Tumour 1",0.0502079087121925,1.03745458258212,"vSMC/Pericyte","Other spots"
"Tumour 1",-0.0273861943833584,0,"vSMC/Pericyte","Other spots"
"Tumour 1",0.0922439819038328,0.168234413038497,"T cells","Other spots"
"Tumour 1",-0.0513433867655914,0,"vSMC/Pericyte","Other spots"
"Tumour 1",-0.0686259976963607,0,"vSMC/Pericyte","Other spots"
"Tumour 1",0.163968142240587,0,"B/Plasma/Mast","Other spots"
"Tumour 1",-0.218976989903915,0,"vSMC/Pericyte","Other spots"
"Tumour 1",0.0818742429934646,0,"vSMC/Pericyte","Other spots"
"Tumour 1",-0.0228818623553786,0.72004156856216,"T cells","Other spots"
"Tumour 1",-0.17120711774631,0.591400490809624,"Tumor cells","Tumor spots"
"Tumour 1",-0.0675420169302038,0,"Tumor cells","Tumor spots"
"Tumour 1",0.0625812432564307,0.575539199608604,"Tumor cells","Tumor spots"
"Tumour 1",0.0747036856126664,0,"vSMC/Pericyte","Other spots"
"Tumour 1",-0.173102575756042,0,"B/Plasma/Mast","Other spots"
"Tumour 1",-0.077105070860729,0.320457272291829,"vSMC/Pericyte","Other spots"
"Tumour 1",-0.0126808537994596,0,"B/Plasma/Mast","Other spots"
"Tumour 1",0.0156908083359563,0,"vSMC/Pericyte","Other spots"
"Tumour 1",0.0135519276960784,0.397397782572189,"Tumor cells","Tumor spots"
"Tumour 1",0.140355644188796,0,"vSMC/Pericyte","Other spots"
"Tumour 1",0.0744538302638901,0,"vSMC/Pericyte","Other spots"
"Tumour 1",-0.0444435911983572,0,"B/Plasma/Mast","Other spots"
"Tumour 1",0.00547474425240707,0,"vSMC/Pericyte","Other spots"
"Tumour 1",-0.0432920540751401,0,"B/Plasma/Mast","Other spots"
"Tumour 1",-0.195624554002442,0,"B/Plasma/Mast","Other spots"
"Tumour 1",0.127002808982619,0,"vSMC/Pericyte","Other spots"
"Tumour 1",-0.101647971176695,0,"vSMC/Pericyte","Other spots"
"Tumour 1",-0.0605520916695677,0,"vSMC/Pericyte","Other spots"
"Tumour 1",-0.112316220946031,0,"vSMC/Pericyte","Other spots"
"Tumour 1",0.120224316873898,0.315843663979438,"Tumor cells","Tumor spots"
"Tumour 1",0.00306759697109052,0,"B/Plasma/Mast","Other spots"
"Tumour 1",0.00311542726826164,0,"Tumor cells","Tumor spots"
"Tumour 1",0.0199688840917756,0,"B/Plasma/Mast","Other spots"
"Tumour 1",0.0643168840469394,0.652041647010943,"vSMC/Pericyte","Other spots"
"Tumour 1",0.0710023444235515,0,"B/Plasma/Mast","Other spots"
"Tumour 1",0.0345985681543053,0,"T cells","Other spots"
"Tumour 1",-0.0376176922637212,0.383119567807872,"vSMC/Pericyte","Other spots"
"Tumour 1",-0.0682570601686635,0.303717901847625,"Tumor cells","Tumor spots"
"Tumour 1",0.0257466274389339,0,"vSMC/Pericyte","Other spots"
"Tumour 1",0.129000303016953,0,"vSMC/Pericyte","Other spots"
"Tumour 1",0.00269190808430336,0,"vSMC/Pericyte","Other spots"
"Tumour 1",0.101501486129009,0,"Tumor cells","Tumor spots"
"Tumour 1",-0.0648367905614976,0,"vSMC/Pericyte","Other spots"
"Tumour 1",-0.100294385825242,0,"Tumor cells","Tumor spots"
"Tumour 1",-0.00142696463584285,0,"Tumor cells","Tumor spots"
"Tumour 1",0.0428806863808402,0,"vSMC/Pericyte","Other spots"
"Tumour 1",-0.0502869432415943,0,"vSMC/Pericyte","Other spots"
"Tumour 1",0.015818796756119,0,"B/Plasma/Mast","Other spots"
"Tumour 1",-0.0608885119701591,0,"vSMC/Pericyte","Other spots"
"Tumour 1",0.168070519075941,0.532994293679234,"vSMC/Pericyte","Other spots"
"Tumour 1",0.0956673414588912,0,"Tumor cells","Tumor spots"
"Tumour 1",0.051986632044357,0,"T cells","Other spots"
"Tumour 1",0.0157968847913726,0.792405311098179,"vSMC/Pericyte","Other spots"
"Tumour 1",0.119973710973224,0,"vSMC/Pericyte","Other spots"
"Tumour 1",-0.00901502933780918,0.333594438981273,"Tumor cells","Tumor spots"
"Tumour 1",-0.15107659699674,0,"vSMC/Pericyte","Other spots"
"Tumour 1",-0.0349787653794517,0.402077375060268,"vSMC/Pericyte","Other spots"
"Tumour 1",0.0960020406511872,0,"vSMC/Pericyte","Other spots"
"Tumour 1",0.163289491418145,0,"vSMC/Pericyte","Other spots"
"Tumour 1",0.0809821490401071,0.591977177924526,"vSMC/Pericyte","Other spots"
"Tumour 1",-0.166825229611412,0,"vSMC/Pericyte","Other spots"
"Tumour 1",-0.0982164725292384,0,"B/Plasma/Mast","Other spots"
"Tumour 1",-0.054618421759467,0.164620222194562,"Tumor cells","Tumor spots"
"Tumour 1",0.0527669926427002,0,"vSMC/Pericyte","Other spots"
"Tumour 1",0.0403690490728786,0,"Tumor cells","Tumor spots"
"Tumour 1",-0.0130160055244296,0.505470258252121,"Tumor cells","Tumor spots"
"Tumour 1",-0.012442947893119,0,"vSMC/Pericyte","Other spots"
"Tumour 1",0.00558583884534319,0,"vSMC/Pericyte","Other spots"
"Tumour 1",-0.204784058574777,0,"B/Plasma/Mast","Other spots"
"Tumour 1",0.249446442346788,0.808507315166026,"Tumor cells","Tumor spots"
"Tumour 1",0.0358133678767696,0.733918623161564,"vSMC/Pericyte","Other spots"
"Tumour 1",-0.00329376046832286,0.414881759062898,"Tumor cells","Tumor spots"
"Tumour 1",-0.0736417994098316,0,"vSMC/Pericyte","Other spots"
"Tumour 1",-0.144098695137656,0,"vSMC/Pericyte","Other spots"
"Tumour 1",0.00244027137811897,0,"vSMC/Pericyte","Other spots"
"Tumour 1",-0.155647470267795,0,"Tumor cells","Tumor spots"
"Tumour 1",-0.0510601311897302,0,"vSMC/Pericyte","Other spots"
"Tumour 1",0.0700591216427469,0,"vSMC/Pericyte","Other spots"
"Tumour 1",0.0590657970880406,0,"vSMC/Pericyte","Other spots"
"Tumour 1",0.00820550849722235,0.752220006769889,"vSMC/Pericyte","Other spots"
"Tumour 1",-0.107676297112814,0,"vSMC/Pericyte","Other spots"
"Tumour 1",0.0108898950986738,0.334438999894993,"Tumor cells","Tumor spots"
"Tumour 1",0.0988870817349954,0,"vSMC/Pericyte","Other spots"
"Tumour 1",-0.0299821068872888,0,"B/Plasma/Mast","Other spots"
"Tumour 1",0.0775503452543445,0.413914963732628,"Tumor cells","Tumor spots"
"Tumour 1",0.0357051243880365,0.295226179464192,"vSMC/Pericyte","Other spots"
"Tumour 1",0.0126911770184808,0,"T cells","Other spots"
"Tumour 1",0.0610617611476966,0.49831961084333,"vSMC/Pericyte","Other spots"
"Tumour 1",-0.015697216999767,0,"B/Plasma/Mast","Other spots"
"Tumour 1",0.099592698815932,0,"vSMC/Pericyte","Other spots"
"Tumour 1",-0.0187366582521287,0,"vSMC/Pericyte","Other spots"
"Tumour 1",0.0278157425615977,0,"B/Plasma/Mast","Other spots"
"Tumour 1",0.0624826424399534,0,"T cells","Other spots"
"Tumour 1",-0.0769466762853355,0.600155541176053,"vSMC/Pericyte","Other spots"
"Tumour 1",-0.00329124368919803,0,"vSMC/Pericyte","Other spots"
"Tumour 1",-0.194653903813076,0,"vSMC/Pericyte","Other spots"
"Tumour 1",-0.05931910507344,0,"vSMC/Pericyte","Other spots"
"Tumour 1",0.023125215084185,0,"vSMC/Pericyte","Other spots"
"Tumour 1",-0.00792693677880968,0,"vSMC/Pericyte","Other spots"
"Tumour 1",-0.093495407417452,0,"Tumor cells","Tumor spots"
"Tumour 1",-0.0855809872232191,0,"vSMC/Pericyte","Other spots"
"Tumour 1",-0.0585704954616565,0,"vSMC/Pericyte","Other spots"
"Tumour 1",0.0860402267995346,0,"vSMC/Pericyte","Other spots"
"Tumour 1",0.0416173122449584,0,"vSMC/Pericyte","Other spots"
"Tumour 1",0.00507893606463106,0,"vSMC/Pericyte","Other spots"
"Tumour 1",0.132193878677487,0,"Endothelial","Other spots"
"Tumour 1",0.120563795351522,0,"B/Plasma/Mast","Other spots"
"Tumour 1",0.00349594979896806,0,"B/Plasma/Mast","Other spots"
"Tumour 1",-0.0437138211512257,0,"Tumor cells","Tumor spots"
"Tumour 1",0.0473606837670321,0,"vSMC/Pericyte","Other spots"
"Tumour 1",-0.111833554931604,0,"vSMC/Pericyte","Other spots"
"Tumour 1",-0.00160798334451154,0,"vSMC/Pericyte","Other spots"
"Tumour 1",0.0342530046007407,0,"vSMC/Pericyte","Other spots"
"Tumour 1",0.0991495984122411,0,"vSMC/Pericyte","Other spots"
"Tumour 1",0.130906149128085,0.794683181248408,"Tumor cells","Tumor spots"
"Tumour 1",0.0531177309343257,0,"vSMC/Pericyte","Other spots"
"Tumour 1",-0.00927149828267071,0.641794681293895,"Tumor cells","Tumor spots"
"Tumour 1",0.020090549565689,0,"Tumor cells","Tumor spots"
"Tumour 1",-0.0933829477269136,0,"vSMC/Pericyte","Other spots"
"Tumour 1",-0.0410404996632222,0,"B/Plasma/Mast","Other spots"
"Tumour 1",0.010773542715933,0,"vSMC/Pericyte","Other spots"
"Tumour 1",0.0690556289667938,0,"B/Plasma/Mast","Other spots"
"Tumour 1",-0.200331254471124,0,"vSMC/Pericyte","Other spots"
"Tumour 1",-0.151177781008212,0.275041974886186,"Tumor cells","Tumor spots"
"Tumour 1",0.0029575280024583,0.818893801412872,"Tumor cells","Tumor spots"
"Tumour 1",0.290008400679674,0,"vSMC/Pericyte","Other spots"
"Tumour 1",-0.150306597855033,0.509323483266057,"Tumor cells","Tumor spots"
"Tumour 1",0.227777709344928,0,"vSMC/Pericyte","Other spots"
"Tumour 1",-0.0581424283949499,0.347341267468508,"Tumor cells","Tumor spots"
"Tumour 1",-0.085175112962908,0,"vSMC/Pericyte","Other spots"
"Tumour 1",-0.0859308699460423,0,"B/Plasma/Mast","Other spots"
"Tumour 1",-0.138521940765564,0,"vSMC/Pericyte","Other spots"
"Tumour 1",0.044534074159901,0,"vSMC/Pericyte","Other spots"
"Tumour 1",0.0746274209411925,0.42775032445964,"Tumor cells","Tumor spots"
"Tumour 1",0.192042989168084,0,"B/Plasma/Mast","Other spots"
"Tumour 1",-0.0475606792017,0,"vSMC/Pericyte","Other spots"
"Tumour 1",0.126571783788746,0,"vSMC/Pericyte","Other spots"
"Tumour 1",0.0404983925675256,0.312062439032646,"Tumor cells","Tumor spots"
"Tumour 1",-0.107339549381015,0,"Tumor cells","Tumor spots"
"Tumour 1",-0.0716311591663736,0.528810527557219,"vSMC/Pericyte","Other spots"
"Tumour 1",-0.0984389134827763,0,"vSMC/Pericyte","Other spots"
"Tumour 1",0.0644232693089728,0,"vSMC/Pericyte","Other spots"
"Tumour 1",-0.172360235034393,0,"B/Plasma/Mast","Other spots"
"Tumour 1",0.00359374987793015,0.183411383787013,"Tumor cells","Tumor spots"
"Tumour 1",0.0336774710367596,0.399497146544604,"vSMC/Pericyte","Other spots"
"Tumour 1",-0.0179005175796352,0,"vSMC/Pericyte","Other spots"
"Tumour 1",-0.113748342998403,0,"vSMC/Pericyte","Other spots"
"Tumour 1",-0.00598449748446628,0,"Tumor cells","Tumor spots"
"Tumour 1",0.119034778776757,0,"T cells","Other spots"
"Tumour 1",0.00272062532931594,0,"B/Plasma/Mast","Other spots"
"Tumour 1",0.0571178958637272,0,"vSMC/Pericyte","Other spots"
"Tumour 1",0.0946720393160735,0.516448161027655,"Tumor cells","Tumor spots"
"Tumour 1",0.0455029979812195,0.367171776224836,"Tumor cells","Tumor spots"
"Tumour 1",-0.0677244536651441,0,"vSMC/Pericyte","Other spots"
"Tumour 1",0.0393956217518188,0,"vSMC/Pericyte","Other spots"
"Tumour 1",-0.00248341499042828,0,"B/Plasma/Mast","Other spots"
"Tumour 1",0.0611300101951887,0,"Endothelial","Other spots"
"Tumour 1",0.0462272383408812,0,"vSMC/Pericyte","Other spots"
"Tumour 1",-0.23534541336947,0,"T cells","Other spots"
"Tumour 1",-0.205866907090236,0,"B/Plasma/Mast","Other spots"
"Tumour 1",0.114129888096533,0.420161154365513,"Tumor cells","Tumor spots"
"Tumour 1",-0.14081320188074,0,"vSMC/Pericyte","Other spots"
"Tumour 1",0.0324034026401108,0,"vSMC/Pericyte","Other spots"
"Tumour 1",-0.0281459134981298,0.368492208319373,"vSMC/Pericyte","Other spots"
"Tumour 1",0.0360516972733707,1.23032275070082,"vSMC/Pericyte","Other spots"
"Tumour 1",-0.0645198883120562,0,"B/Plasma/Mast","Other spots"
"Tumour 1",-0.112296750070487,0,"Tumor cells","Tumor spots"
"Tumour 1",0.00378076898834934,0,"vSMC/Pericyte","Other spots"
"Tumour 1",-0.117694057665675,0.422929458751756,"vSMC/Pericyte","Other spots"
"Tumour 1",-0.00286287582209971,0,"vSMC/Pericyte","Other spots"
"Tumour 1",-0.168962685396782,0,"B/Plasma/Mast","Other spots"
"Tumour 1",0.0706056798913028,0,"vSMC/Pericyte","Other spots"
"Tumour 1",0.218310827805277,0,"vSMC/Pericyte","Other spots"
"Tumour 1",0.105870199644583,0,"Tumor cells","Tumor spots"
"Tumour 1",0.0283815520959841,0.549468754157443,"Tumor cells","Tumor spots"
"Tumour 1",-0.0390962427966038,0,"vSMC/Pericyte","Other spots"
"Tumour 1",0.00303016415484436,0.356563550535677,"vSMC/Pericyte","Other spots"
"Tumour 1",-0.0820120396373786,0.364848563891671,"Tumor cells","Tumor spots"
"Tumour 1",0.120627271914763,0,"vSMC/Pericyte","Other spots"
"Tumour 1",-0.2245492686176,0,"vSMC/Pericyte","Other spots"
"Tumour 1",-0.0137095315038889,0,"Tumor cells","Tumor spots"
"Tumour 1",-0.124625828207807,0.57506291813097,"vSMC/Pericyte","Other spots"
"Tumour 1",0.0592899249298329,0,"vSMC/Pericyte","Other spots"
"Tumour 1",0.0762445964766378,0,"vSMC/Pericyte","Other spots"
"Tumour 1",-0.239792331021417,1.09714776970045,"vSMC/Pericyte","Other spots"
"Tumour 1",-0.0225578683290905,0.433570148667253,"Tumor cells","Tumor spots"
"Tumour 1",0.0604065885011624,0.490622270190836,"Tumor cells","Tumor spots"
"Tumour 1",0.0229000977132199,0.40703793533778,"Tumor cells","Tumor spots"
"Tumour 1",0.0420080152157288,0.914823248344603,"vSMC/Pericyte","Other spots"
"Tumour 1",-0.183674971317484,0,"vSMC/Pericyte","Other spots"
"Tumour 1",-0.0214209904796547,0,"B/Plasma/Mast","Other spots"
"Tumour 1",-0.0104381411624451,0,"vSMC/Pericyte","Other spots"
"Tumour 1",-0.104082758608785,0,"vSMC/Pericyte","Other spots"
"Tumour 1",-0.0973823726261642,0,"vSMC/Pericyte","Other spots"
"Tumour 1",0.0497442370017018,0,"vSMC/Pericyte","Other spots"
"Tumour 1",-0.0695132165713721,0,"vSMC/Pericyte","Other spots"
"Tumour 1",0.0496845931142224,0.223689891226401,"Tumor cells","Tumor spots"
"Tumour 1",0.0452572466319027,0,"vSMC/Pericyte","Other spots"
"Tumour 1",0.0445485495953437,0,"vSMC/Pericyte","Other spots"
"Tumour 1",0.093309843168356,0,"vSMC/Pericyte","Other spots"
"Tumour 1",-0.0490737261546018,0.317532562358856,"Tumor cells","Tumor spots"
"Tumour 1",-0.118659556108929,0.328235178110886,"vSMC/Pericyte","Other spots"
"Tumour 1",-0.0839798318140218,0,"Tumor cells","Tumor spots"
"Tumour 1",-0.127820419732381,0,"vSMC/Pericyte","Other spots"
"Tumour 1",0.110685383341081,0,"vSMC/Pericyte","Other spots"
"Tumour 1",0.0330666414591049,0,"Macrophages","Other spots"
"Tumour 1",-0.0353790343487759,0.609162664972437,"Tumor cells","Tumor spots"
"Tumour 1",-0.021390999799288,0,"vSMC/Pericyte","Other spots"
"Tumour 1",0.331531911593368,0,"vSMC/Pericyte","Other spots"
"Tumour 1",-0.135689944945572,0,"vSMC/Pericyte","Other spots"
"Tumour 1",0.0697001880387589,0.506726173433515,"Tumor cells","Tumor spots"
"Tumour 1",0.034671412561577,0.356093047739438,"Tumor cells","Tumor spots"
"Tumour 1",0.182525259808561,0,"B/Plasma/Mast","Other spots"
"Tumour 1",-0.0799604514253087,0.39203170967589,"Tumor cells","Tumor spots"
"Tumour 1",-0.00966527746588586,0,"B/Plasma/Mast","Other spots"
"Tumour 1",-0.120283641906324,0,"Tumor cells","Tumor spots"
"Tumour 1",0.0454417839402348,0.611352120076314,"Tumor cells","Tumor spots"
"Tumour 1",0.018457841953995,0,"B/Plasma/Mast","Other spots"
"Tumour 1",0.12123485371503,0,"Tumor cells","Tumor spots"
"Tumour 1",0.116055446267782,0,"B/Plasma/Mast","Other spots"
"Tumour 1",-0.0856619748820046,0,"T cells","Other spots"
"Tumour 1",-0.0827593745214809,0.746844223399993,"vSMC/Pericyte","Other spots"
"Tumour 1",0.0751089130305071,0.658605813026513,"Tumor cells","Tumor spots"
"Tumour 1",0.12270370427279,0,"B/Plasma/Mast","Other spots"
"Tumour 1",-0.0261865970754056,0.769673836875107,"Tumor cells","Tumor spots"
"Tumour 1",0.0129017628851761,0,"B/Plasma/Mast","Other spots"
"Tumour 1",-0.108028545953134,0,"T cells","Other spots"
"Tumour 1",-0.158716250734921,0,"vSMC/Pericyte","Other spots"
"Tumour 1",0.175342345623842,0.392374481062662,"Tumor cells","Tumor spots"
"Tumour 1",-0.0152569615483528,0.455746565067775,"Tumor cells","Tumor spots"
"Tumour 1",0.0255393302047285,0.157364045515129,"Tumor cells","Tumor spots"
"Tumour 1",0.0680428241944881,0,"B/Plasma/Mast","Other spots"
"Tumour 1",0.193250138606792,0.650591551673666,"vSMC/Pericyte","Other spots"
"Tumour 1",-0.00146815120726818,0,"B/Plasma/Mast","Other spots"
"Tumour 1",-0.154418148755182,0.740016683278373,"vSMC/Pericyte","Other spots"
"Tumour 1",0.0960953425830681,0,"vSMC/Pericyte","Other spots"
"Tumour 1",0.0271049460786441,0.275759439396332,"Tumor cells","Tumor spots"
"Tumour 1",0.0758188263847354,0.83937702689576,"vSMC/Pericyte","Other spots"
"Tumour 1",0.00575931809325156,0,"B/Plasma/Mast","Other spots"
"Tumour 1",-0.000763711470316786,0,"T cells","Other spots"
"Tumour 1",0.0869734583001228,0,"vSMC/Pericyte","Other spots"
"Tumour 1",-0.0683547354041338,0,"B/Plasma/Mast","Other spots"
"Tumour 1",0.092996734277771,0,"vSMC/Pericyte","Other spots"
"Tumour 1",0.108819538256986,0,"vSMC/Pericyte","Other spots"
"Tumour 1",0.111392769504079,0,"vSMC/Pericyte","Other spots"
"Tumour 1",0.144206439351222,0,"vSMC/Pericyte","Other spots"
"Tumour 1",-0.000128381704999014,0.61616186263262,"Tumor cells","Tumor spots"
"Tumour 1",0.133855005667192,0,"T cells","Other spots"
"Tumour 1",-0.0166105708494977,0,"vSMC/Pericyte","Other spots"
"Tumour 1",-0.00195449324200564,0.574977953078013,"Tumor cells","Tumor spots"
"Tumour 1",0.0640198549107731,0.497105817294804,"vSMC/Pericyte","Other spots"
"Tumour 1",-0.073500937089889,0,"vSMC/Pericyte","Other spots"
"Tumour 1",0.078851507213222,0.358073319899407,"Tumor cells","Tumor spots"
"Tumour 1",-0.168338284852188,0.498167555914572,"Tumor cells","Tumor spots"
"Tumour 1",0.0542488581103145,0,"vSMC/Pericyte","Other spots"
"Tumour 1",-0.0218600418136429,0.64188420344263,"Tumor cells","Tumor spots"
"Tumour 1",-0.0957260570782359,0,"vSMC/Pericyte","Other spots"
"Tumour 1",-0.0772151500484743,0.357039606040438,"vSMC/Pericyte","Other spots"
"Tumour 1",-0.125057650017892,0,"vSMC/Pericyte","Other spots"
"Tumour 1",0.100590809990422,0.391736167569553,"Tumor cells","Tumor spots"
"Tumour 1",0.044620883888904,1.23883246514497,"vSMC/Pericyte","Other spots"
"Tumour 1",0.0902842814602197,0.449300142525546,"Tumor cells","Tumor spots"
"Tumour 1",0.0245465993628173,0,"vSMC/Pericyte","Other spots"
"Tumour 1",0.0121475686726922,0.477472606883278,"vSMC/Pericyte","Other spots"
"Tumour 1",0.18844131180454,0,"Macrophages","Other spots"
"Tumour 1",0.035937194965816,0.512216147040639,"Tumor cells","Tumor spots"
"Tumour 1",-0.195652835279134,0.743173064260263,"Tumor cells","Tumor spots"
"Tumour 1",0.00462507622258779,0,"vSMC/Pericyte","Other spots"
"Tumour 1",-0.096641664726417,0,"Tumor cells","Tumor spots"
"Tumour 1",-0.071562019223797,0,"vSMC/Pericyte","Other spots"
"Tumour 1",-0.213797609356722,1.01007613374647,"vSMC/Pericyte","Other spots"
"Tumour 1",-0.00914248129319917,0,"B/Plasma/Mast","Other spots"
"Tumour 1",0.165846411395357,0,"vSMC/Pericyte","Other spots"
"Tumour 1",-0.101547783037045,0,"vSMC/Pericyte","Other spots"
"Tumour 1",0.0294048877462619,0.40816656534904,"Tumor cells","Tumor spots"
"Tumour 1",-0.0851502321400331,0,"B/Plasma/Mast","Other spots"
"Tumour 1",0.0282983492650623,0,"vSMC/Pericyte","Other spots"
"Tumour 1",0.293327247490647,0,"Endothelial","Other spots"
"Tumour 1",0.112793357981506,0,"vSMC/Pericyte","Other spots"
"Tumour 1",-0.102370630623618,0,"Tumor cells","Tumor spots"
"Tumour 1",-0.0115622007056344,0,"Tumor cells","Tumor spots"
"Tumour 1",0.112965116139689,0,"vSMC/Pericyte","Other spots"
"Tumour 1",0.177141156710901,0,"vSMC/Pericyte","Other spots"
"Tumour 1",-0.0552054982856254,0.655006464996577,"vSMC/Pericyte","Other spots"
"Tumour 1",0.0591597143533772,0,"vSMC/Pericyte","Other spots"
"Tumour 1",0.0311267229702262,0,"vSMC/Pericyte","Other spots"
"Tumour 1",0.148972289538736,0.432456027374323,"Tumor cells","Tumor spots"
"Tumour 1",0.128870568623016,0.427908294331536,"vSMC/Pericyte","Other spots"
"Tumour 1",-0.00675288284230213,0,"vSMC/Pericyte","Other spots"
"Tumour 1",0.067437057272642,0,"vSMC/Pericyte","Other spots"
"Tumour 1",-0.0814890340745143,0,"B/Plasma/Mast","Other spots"
"Tumour 1",0.103756261552352,0,"vSMC/Pericyte","Other spots"
"Tumour 1",-0.0579546620394782,0,"vSMC/Pericyte","Other spots"
"Tumour 1",-0.01542767064369,0.272575115009516,"Tumor cells","Tumor spots"
"Tumour 1",0.0343229646093999,0,"vSMC/Pericyte","Other spots"
"Tumour 1",0.105232610336985,0.307520703996466,"Tumor cells","Tumor spots"
"Tumour 1",0.0194713348236934,0,"Tumor cells","Tumor spots"
"Tumour 1",-0.085146214706122,0,"vSMC/Pericyte","Other spots"
"Tumour 1",0.106474712904988,0,"B/Plasma/Mast","Other spots"
"Tumour 1",-0.0139887362905858,0.336198176417607,"vSMC/Pericyte","Other spots"
"Tumour 1",0.0322096868433043,0.333235401816168,"vSMC/Pericyte","Other spots"
"Tumour 1",-0.00846972027331155,0.485820520997045,"Tumor cells","Tumor spots"
"Tumour 1",-0.0374495644784709,0,"B/Plasma/Mast","Other spots"
"Tumour 1",0.06532340668648,0.753943902327161,"Tumor cells","Tumor spots"
"Tumour 1",0.0499545703372253,0.522980922293621,"vSMC/Pericyte","Other spots"
"Tumour 1",-0.0813194231137668,0,"vSMC/Pericyte","Other spots"
"Tumour 1",0.0191458244348875,0.281008327489729,"T cells","Other spots"
"Tumour 1",0.0602412595718887,0.777959027990384,"vSMC/Pericyte","Other spots"
"Tumour 1",0.0461736498350373,0,"Tumor cells","Tumor spots"
"Tumour 1",-0.039258184471538,0,"B/Plasma/Mast","Other spots"
"Tumour 1",-0.00813676854881329,0,"vSMC/Pericyte","Other spots"
"Tumour 1",0.346654747082089,0,"vSMC/Pericyte","Other spots"
"Tumour 1",0.164919553906617,0.378380361937213,"Tumor cells","Tumor spots"
"Tumour 1",-0.0645822091313587,0,"vSMC/Pericyte","Other spots"
"Tumour 1",-0.0206078054984807,0,"vSMC/Pericyte","Other spots"
"Tumour 1",0.27217805001799,0,"vSMC/Pericyte","Other spots"
"Tumour 1",-0.0215140020897163,0,"vSMC/Pericyte","Other spots"
"Tumour 1",0.136467404365591,0.558607832488872,"Tumor cells","Tumor spots"
"Tumour 1",0.00425621237423074,0.669096089933947,"Tumor cells","Tumor spots"
"Tumour 1",-0.0668372542045121,0,"vSMC/Pericyte","Other spots"
"Tumour 1",-0.106519236205949,0,"B/Plasma/Mast","Other spots"
"Tumour 1",0.141024043054558,0,"vSMC/Pericyte","Other spots"
"Tumour 1",0.0766029217551107,0.271095549045935,"Tumor cells","Tumor spots"
"Tumour 1",-0.016868156434087,0.376047816054448,"Tumor cells","Tumor spots"
"Tumour 1",-0.102215342611831,0,"Tumor cells","Tumor spots"
"Tumour 1",0.0886513364510381,0,"Tumor cells","Tumor spots"
"Tumour 1",0.0794814135232618,0.349985580801658,"Tumor cells","Tumor spots"
"Tumour 1",0.0471111067762472,0.514154307178819,"Tumor cells","Tumor spots"
"Tumour 1",-0.104443033301255,0,"vSMC/Pericyte","Other spots"
"Tumour 1",0.0425235161041684,0.577915649416128,"Tumor cells","Tumor spots"
"Tumour 1",-0.13174843878971,0,"vSMC/Pericyte","Other spots"
"Tumour 1",0.127813970943744,0.435247494646905,"vSMC/Pericyte","Other spots"
"Tumour 1",0.106027542576282,0,"Tumor cells","Tumor spots"
"Tumour 1",0.00790493144891441,0,"vSMC/Pericyte","Other spots"
"Tumour 1",0.0119952985339142,0,"Tumor cells","Tumor spots"
"Tumour 1",0.015657366782456,0.492112618141907,"Tumor cells","Tumor spots"
"Tumour 1",0.0204877300898986,0,"vSMC/Pericyte","Other spots"
"Tumour 1",0.0977464209671775,0,"vSMC/Pericyte","Other spots"
"Tumour 1",-0.168768775379593,0,"B/Plasma/Mast","Other spots"
"Tumour 1",-0.0238457989583888,0.659100834251065,"Tumor cells","Tumor spots"
"Tumour 1",-0.0566541146056717,0,"vSMC/Pericyte","Other spots"
"Tumour 1",0.0163115147527208,0.788130230381708,"vSMC/Pericyte","Other spots"
"Tumour 1",0.21546088924305,0,"vSMC/Pericyte","Other spots"
"Tumour 1",-0.0186547377176969,0,"Tumor cells","Tumor spots"
"Tumour 1",-0.0212485744985852,0,"vSMC/Pericyte","Other spots"
"Tumour 1",-0.0733201233181406,0,"vSMC/Pericyte","Other spots"
"Tumour 1",0.11841393689106,0,"B/Plasma/Mast","Other spots"
"Tumour 1",-0.128027692260622,0.877750040440333,"Tumor cells","Tumor spots"
"Tumour 1",0.0980333253319246,0.990860694999454,"Tumor cells","Tumor spots"
"Tumour 1",-0.104275425068886,0,"vSMC/Pericyte","Other spots"
"Tumour 1",0.00897084531923392,0.942175893559995,"vSMC/Pericyte","Other spots"
"Tumour 1",-0.0510328252593758,0,"vSMC/Pericyte","Other spots"
"Tumour 1",0.0103294010889448,0.749061270594325,"Tumor cells","Tumor spots"
"Tumour 1",0.0147263120319102,0,"vSMC/Pericyte","Other spots"
"Tumour 1",0.0477248709623516,0,"vSMC/Pericyte","Other spots"
"Tumour 1",0.00191003559634362,0,"vSMC/Pericyte","Other spots"
"Tumour 1",-0.0291858532543758,0,"vSMC/Pericyte","Other spots"
"Tumour 1",0.0856907633486648,0.417199674052308,"Tumor cells","Tumor spots"
"Tumour 1",0.0879188819607414,0.462928737650778,"vSMC/Pericyte","Other spots"
"Tumour 1",0.0484882627430222,0,"Tumor cells","Tumor spots"
"Tumour 1",-0.00637567618607299,0,"vSMC/Pericyte","Other spots"
"Tumour 1",0.0629305496882079,0,"T cells","Other spots"
"Tumour 1",-0.12628890397757,0,"Tumor cells","Tumor spots"
"Tumour 1",0.0157696361820677,0.412710717374402,"Tumor cells","Tumor spots"
"Tumour 1",0.100176450607196,0.632743226484989,"Tumor cells","Tumor spots"
"Tumour 1",-0.00546804269299742,0,"vSMC/Pericyte","Other spots"
"Tumour 1",-0.0564639806176555,0,"vSMC/Pericyte","Other spots"
"Tumour 1",0.134986786140248,0,"vSMC/Pericyte","Other spots"
"Tumour 1",-0.0940320555486956,0,"vSMC/Pericyte","Other spots"
"Tumour 1",0.115006622921272,0.505391974609055,"vSMC/Pericyte","Other spots"
"Tumour 1",-0.167790108844273,0,"B/Plasma/Mast","Other spots"
"Tumour 1",0.0118742978276352,0,"vSMC/Pericyte","Other spots"
"Tumour 1",0.102233886966426,0,"vSMC/Pericyte","Other spots"
"Tumour 1",-0.0296944346546989,0,"vSMC/Pericyte","Other spots"
"Tumour 1",0.138525379153144,0,"vSMC/Pericyte","Other spots"
"Tumour 1",-0.0469361802784758,0.527013621796402,"vSMC/Pericyte","Other spots"
"Tumour 1",0.162769743569739,0,"vSMC/Pericyte","Other spots"
"Tumour 1",0.0027594661973985,0,"B/Plasma/Mast","Other spots"
"Tumour 1",0.0251941872231697,0,"vSMC/Pericyte","Other spots"
"Tumour 1",0.187337289092917,0.915751071846867,"Tumor cells","Tumor spots"
"Tumour 1",-0.015349349252074,0,"vSMC/Pericyte","Other spots"
"Tumour 1",-0.0112742668518453,0.424350388814956,"vSMC/Pericyte","Other spots"
"Tumour 1",0.13151906263642,0,"B/Plasma/Mast","Other spots"
"Tumour 1",-0.0585307060624662,0.473156270540012,"Tumor cells","Tumor spots"
"Tumour 1",-0.0819882506290686,0,"Tumor cells","Tumor spots"
"Tumour 1",-0.0546727181510134,0,"B/Plasma/Mast","Other spots"
"Tumour 1",-0.0102015533931382,0,"vSMC/Pericyte","Other spots"
"Tumour 1",0.00772735340673109,0,"B/Plasma/Mast","Other spots"
"Tumour 1",-0.0196726545134307,0,"T cells","Other spots"
"Tumour 1",0.0246995532096201,0,"Macrophages","Other spots"
"Tumour 1",-0.163452585710343,0,"vSMC/Pericyte","Other spots"
"Tumour 1",-0.0591666709924429,0,"vSMC/Pericyte","Other spots"
"Tumour 1",0.0806276557157478,0.560657057734461,"Tumor cells","Tumor spots"
"Tumour 1",-0.151243689711655,0,"B/Plasma/Mast","Other spots"
"Tumour 1",-0.128568886239593,1.09621803373346,"vSMC/Pericyte","Other spots"
"Tumour 1",-0.0266033220237257,0.31421757320718,"Tumor cells","Tumor spots"
"Tumour 1",0.0444252507706421,0.498827145535192,"vSMC/Pericyte","Other spots"
"Tumour 1",-0.0475470034326232,0,"Tumor cells","Tumor spots"
"Tumour 1",-0.0624471284445873,0.469748770054059,"Tumor cells","Tumor spots"
"Tumour 1",0.0547485766237995,0,"vSMC/Pericyte","Other spots"
"Tumour 1",0.0736060385164641,0.309651510863347,"Tumor cells","Tumor spots"
"Tumour 1",-0.073746341060944,0,"Tumor cells","Tumor spots"
"Tumour 1",-0.0197759205057663,0,"B/Plasma/Mast","Other spots"
"Tumour 1",-0.11180850537185,0.619184298428242,"B/Plasma/Mast","Other spots"
"Tumour 1",0.152293184510205,0,"Tumor cells","Tumor spots"
"Tumour 1",0.0718119182997287,0.163147829696101,"Tumor cells","Tumor spots"
"Tumour 1",-0.0469850031903464,0,"vSMC/Pericyte","Other spots"
"Tumour 1",0.172464912625031,0.928522990123633,"Tumor cells","Tumor spots"
"Tumour 1",-0.119081923451928,1.36038940861058,"B/Plasma/Mast","Other spots"
"Tumour 1",-0.011271064269802,0,"B/Plasma/Mast","Other spots"
"Tumour 1",0.148366354510027,0,"vSMC/Pericyte","Other spots"
"Tumour 1",-0.0181292760651387,0.342179762547894,"Tumor cells","Tumor spots"
"Tumour 1",-0.0383999126876598,0,"T cells","Other spots"
"Tumour 1",0.0614126197074169,0,"B/Plasma/Mast","Other spots"
"Tumour 1",0.0139726167278595,0,"T cells","Other spots"
"Tumour 1",-0.00364587961967619,0,"B/Plasma/Mast","Other spots"
"Tumour 1",0.0190641855008923,0,"vSMC/Pericyte","Other spots"
"Tumour 1",-0.0266032648950821,0,"vSMC/Pericyte","Other spots"
"Tumour 1",-0.0516348785849311,0.698286507637474,"Tumor cells","Tumor spots"
"Tumour 1",0.091479422667652,0.682567674823149,"vSMC/Pericyte","Other spots"
"Tumour 1",0.07384525693288,0,"Tumor cells","Tumor spots"
"Tumour 1",0.17889203774883,0,"vSMC/Pericyte","Other spots"
"Tumour 1",-0.0880752883232459,0,"Tumor cells","Tumor spots"
"Tumour 1",-0.0111168248812628,0,"B/Plasma/Mast","Other spots"
"Tumour 1",-0.0151951201180356,0,"Tumor cells","Tumor spots"
"Tumour 1",-0.0173277743998628,0,"vSMC/Pericyte","Other spots"
"Tumour 1",-0.0942760705013231,0,"vSMC/Pericyte","Other spots"
"Tumour 1",-0.0391957284637557,0,"vSMC/Pericyte","Other spots"
"Tumour 1",0.0233493929280829,0.244796806455582,"vSMC/Pericyte","Other spots"
"Tumour 1",0.0872889426236764,0,"Tumor cells","Tumor spots"
"Tumour 1",-0.0743404227985063,0,"B/Plasma/Mast","Other spots"
"Tumour 1",0.0558522394540343,0.537790935030929,"Tumor cells","Tumor spots"
"Tumour 1",-0.0758734096497308,0,"vSMC/Pericyte","Other spots"
"Tumour 1",-0.204404274922509,0,"vSMC/Pericyte","Other spots"
"Tumour 1",-0.0577097649882484,0.827676272123092,"Tumor cells","Tumor spots"
"Tumour 1",0.0291584679171387,0.266745085526116,"Tumor cells","Tumor spots"
"Tumour 1",-0.17106414646838,0,"Tumor cells","Tumor spots"
"Tumour 1",0.111606686797085,0,"Tumor cells","Tumor spots"
"Tumour 1",-0.0890329996091511,0,"B/Plasma/Mast","Other spots"
"Tumour 1",0.0518757240912376,0.613635555805168,"vSMC/Pericyte","Other spots"
"Tumour 1",-0.0184467259059278,0,"T cells","Other spots"
"Tumour 1",0.055178794345703,0,"vSMC/Pericyte","Other spots"
"Tumour 1",-0.0726406527635711,0,"Tumor cells","Tumor spots"
"Tumour 1",0.105527107949108,0,"B/Plasma/Mast","Other spots"
"Tumour 1",-0.170891541893897,0,"vSMC/Pericyte","Other spots"
"Tumour 1",-0.159120331031263,0,"vSMC/Pericyte","Other spots"
"Tumour 1",-0.00884578219579407,0,"Tumor cells","Tumor spots"
"Tumour 1",0.0369214461519743,0,"vSMC/Pericyte","Other spots"
"Tumour 1",0.0113747518962241,0,"Tumor cells","Tumor spots"
"Tumour 1",0.209277287458898,0,"B/Plasma/Mast","Other spots"
"Tumour 1",-0.0221682719085708,0,"vSMC/Pericyte","Other spots"
"Tumour 1",0.0966413086698117,0,"Tumor cells","Tumor spots"
"Tumour 1",0.214354520807626,0.406526249143128,"Tumor cells","Tumor spots"
"Tumour 1",-0.192085192428209,0,"vSMC/Pericyte","Other spots"
"Tumour 1",0.0557863213678421,0,"vSMC/Pericyte","Other spots"
"Tumour 1",-0.0157153576287826,0,"vSMC/Pericyte","Other spots"
"Tumour 1",0.0352208467379264,0,"vSMC/Pericyte","Other spots"
"Tumour 1",-0.0116881118963914,0,"T cells","Other spots"
"Tumour 1",0.0293970369194356,0.779106262318108,"vSMC/Pericyte","Other spots"
"Tumour 1",0.104050853849161,0.451424792095082,"Tumor cells","Tumor spots"
"Tumour 1",0.0273414844271733,0.618650449464814,"Tumor cells","Tumor spots"
"Tumour 1",-0.0489535421472103,0,"Tumor cells","Tumor spots"
"Tumour 1",-0.0965348042851988,0,"vSMC/Pericyte","Other spots"
"Tumour 1",0.0644693091935745,0,"Tumor cells","Tumor spots"
"Tumour 1",0.0583646186768886,0.512135714322869,"Tumor cells","Tumor spots"
"Tumour 1",-0.180333160034235,0,"vSMC/Pericyte","Other spots"
"Tumour 1",-0.0453701765489695,0.318215274950758,"Tumor cells","Tumor spots"
"Tumour 1",0.0488448106873831,0,"vSMC/Pericyte","Other spots"
"Tumour 1",0.185185533866155,0,"vSMC/Pericyte","Other spots"
"Tumour 1",0.0245662009993534,0,"vSMC/Pericyte","Other spots"
"Tumour 1",0.141431182698797,0.339069461183234,"Tumor cells","Tumor spots"
"Tumour 1",-0.0542534782631111,0,"vSMC/Pericyte","Other spots"
"Tumour 1",0.206161215450579,0,"Tumor cells","Tumor spots"
"Tumour 1",0.120695966451427,0.710171486708456,"Tumor cells","Tumor spots"
"Tumour 1",0.0762079954622372,0,"B/Plasma/Mast","Other spots"
"Tumour 1",0.0938839081121632,0,"vSMC/Pericyte","Other spots"
"Tumour 1",-0.116527062147054,0,"T cells","Other spots"
"Tumour 1",-0.0257101077030697,0,"vSMC/Pericyte","Other spots"
"Tumour 1",-0.0892562539465151,0,"vSMC/Pericyte","Other spots"
"Tumour 1",0.0163621164855759,0.468448883970526,"T cells","Other spots"
"Tumour 1",0.10610695634218,0,"vSMC/Pericyte","Other spots"
"Tumour 1",0.0795560527199951,0.85826533853947,"vSMC/Pericyte","Other spots"
"Tumour 1",0.085607542775754,0.439209781850489,"Tumor cells","Tumor spots"
"Tumour 1",0.0475930686790681,0,"Tumor cells","Tumor spots"
"Tumour 1",0.0770310403469193,0.309554888605793,"Tumor cells","Tumor spots"
"Tumour 1",0.0710595500642826,0,"vSMC/Pericyte","Other spots"
"Tumour 1",-0.0342186989061747,0.6004897483966,"vSMC/Pericyte","Other spots"
"Tumour 1",0.0730813146771319,0,"vSMC/Pericyte","Other spots"
"Tumour 1",0.00834978092125921,0.328343923557825,"Tumor cells","Tumor spots"
"Tumour 1",-0.08619036696362,0,"Tumor cells","Tumor spots"
"Tumour 1",0.00436976060318706,0,"B/Plasma/Mast","Other spots"
"Tumour 1",-0.145080658832976,0,"B/Plasma/Mast","Other spots"
"Tumour 1",-0.026463323082916,0,"Tumor cells","Tumor spots"
"Tumour 1",-0.0495729602524635,0.792096757523469,"Tumor cells","Tumor spots"
"Tumour 1",0.132122902277704,0,"B/Plasma/Mast","Other spots"
"Tumour 1",0.0409641142419555,0,"vSMC/Pericyte","Other spots"
"Tumour 1",0.0147698743173402,0,"vSMC/Pericyte","Other spots"
"Tumour 1",-0.0572663850187657,0,"Tumor cells","Tumor spots"
"Tumour 1",-0.0084820144271931,0.600495941034386,"Tumor cells","Tumor spots"
"Tumour 1",0.0121738124534015,0.59839799680446,"Tumor cells","Tumor spots"
"Tumour 1",0.0295348600202116,0.930696587675941,"vSMC/Pericyte","Other spots"
"Tumour 1",0.0193388515440689,0,"vSMC/Pericyte","Other spots"
"Tumour 1",-0.00388419599032308,0.303550674176327,"Tumor cells","Tumor spots"
"Tumour 1",-0.151149919492176,0,"vSMC/Pericyte","Other spots"
"Tumour 1",-0.103615491667385,0.652725064643027,"Tumor cells","Tumor spots"
"Tumour 1",-0.140166336198338,0,"vSMC/Pericyte","Other spots"
"Tumour 1",-0.0482749000775894,0,"vSMC/Pericyte","Other spots"
"Tumour 1",-0.0393097957785693,0,"vSMC/Pericyte","Other spots"
"Tumour 1",-0.0223210469360613,0.704995891541501,"Tumor cells","Tumor spots"
"Tumour 1",0.00323523978862744,0.50870135318491,"vSMC/Pericyte","Other spots"
"Tumour 1",0.0366536301383238,0,"Tumor cells","Tumor spots"
"Tumour 1",-0.197544043868456,0,"B/Plasma/Mast","Other spots"
"Tumour 1",-0.0616263154328942,0,"T cells","Other spots"
"Tumour 1",0.0958940455703833,0.729005969342576,"vSMC/Pericyte","Other spots"
"Tumour 1",0.0281353124836954,0,"vSMC/Pericyte","Other spots"
"Tumour 1",-0.0397265120243476,0.215207422644296,"Tumor cells","Tumor spots"
"Tumour 1",0.0103112698399863,0,"vSMC/Pericyte","Other spots"
"Tumour 1",0.12349498414548,0,"vSMC/Pericyte","Other spots"
"Tumour 1",-0.0545872203705339,0.315486978665387,"Tumor cells","Tumor spots"
"Tumour 1",0.0337465227431307,0,"B/Plasma/Mast","Other spots"
"Tumour 1",-0.0320560230832517,0,"B/Plasma/Mast","Other spots"
"Tumour 1",0.0116572222672306,0,"T cells","Other spots"
"Tumour 1",-0.0146825672238355,0.228159271071657,"Tumor cells","Tumor spots"
"Tumour 1",-0.0598864538935938,0,"vSMC/Pericyte","Other spots"
"Tumour 1",-0.0426172334755264,0.499005032058463,"Tumor cells","Tumor spots"
"Tumour 1",0.0172348932958156,0,"T cells","Other spots"
"Tumour 1",-0.0137564478459576,0,"Tumor cells","Tumor spots"
"Tumour 1",0.182353740385442,0,"vSMC/Pericyte","Other spots"
"Tumour 1",0.00486516250221553,0,"Tumor cells","Tumor spots"
"Tumour 1",0.00938019989180783,0,"vSMC/Pericyte","Other spots"
"Tumour 1",-0.117847070622498,0.425339800085198,"vSMC/Pericyte","Other spots"
"Tumour 1",-0.0570681910338209,0,"B/Plasma/Mast","Other spots"
"Tumour 1",0.0291692183899348,0.615083044126637,"T cells","Other spots"
"Tumour 1",0.038774812001223,0,"vSMC/Pericyte","Other spots"
"Tumour 1",-0.0110163330114698,0.547003432456044,"vSMC/Pericyte","Other spots"
"Tumour 1",-0.177749106072431,0,"vSMC/Pericyte","Other spots"
"Tumour 1",-0.0470397923081874,0,"vSMC/Pericyte","Other spots"
"Tumour 1",-0.183338201098022,0,"B/Plasma/Mast","Other spots"
"Tumour 1",0.0432944774431529,0,"vSMC/Pericyte","Other spots"
"Tumour 1",-0.0998314319246378,0,"vSMC/Pericyte","Other spots"
"Tumour 1",0.00276795246400224,0,"vSMC/Pericyte","Other spots"
"Tumour 1",-0.0388471606276525,0.353052504632113,"Tumor cells","Tumor spots"
"Tumour 1",-0.0151113990512743,0,"vSMC/Pericyte","Other spots"
"Tumour 1",-0.0674086112042453,0.575777644453388,"vSMC/Pericyte","Other spots"
"Tumour 1",-0.0496716066471138,0.477588807882319,"vSMC/Pericyte","Other spots"
"Tumour 1",0.0318228470800547,0.363494229420244,"Tumor cells","Tumor spots"
"Tumour 1",0.171344431694854,0,"vSMC/Pericyte","Other spots"
"Tumour 1",0.0818558195422258,0.21985543175286,"Tumor cells","Tumor spots"
"Tumour 1",-0.0953005356226687,0.705600705063333,"vSMC/Pericyte","Other spots"
"Tumour 1",-0.0500595094536471,0.294612911579022,"vSMC/Pericyte","Other spots"
"Tumour 1",0.112754290084487,0,"vSMC/Pericyte","Other spots"
"Tumour 1",0.103493183524835,0,"vSMC/Pericyte","Other spots"
"Tumour 1",-0.049544509634927,0.287390703222472,"Tumor cells","Tumor spots"
"Tumour 1",-0.198955581105145,0,"vSMC/Pericyte","Other spots"
"Tumour 1",0.0360713711322874,0,"T cells","Other spots"
"Tumour 1",0.0357806292805072,0.655522614487392,"Tumor cells","Tumor spots"
"Tumour 1",0.0429135744364618,0.740173358835299,"Tumor cells","Tumor spots"
"Tumour 1",0.0533983199155478,0,"vSMC/Pericyte","Other spots"
"Tumour 1",0.0121031090412521,0,"vSMC/Pericyte","Other spots"
"Tumour 1",-0.0106020943802194,0,"Tumor cells","Tumor spots"
"Tumour 1",-0.0223606501684198,0,"B/Plasma/Mast","Other spots"
"Tumour 1",-0.0671982860618209,0,"vSMC/Pericyte","Other spots"
"Tumour 1",0.0376741270608686,0,"vSMC/Pericyte","Other spots"
"Tumour 1",-0.0886655298820331,0.428522713426008,"B/Plasma/Mast","Other spots"
"Tumour 1",0.066822266001764,0,"vSMC/Pericyte","Other spots"
"Tumour 1",-0.192112610641429,0,"B/Plasma/Mast","Other spots"
"Tumour 1",-0.100316996082102,0,"vSMC/Pericyte","Other spots"
"Tumour 1",-0.147067211515911,0.344783020474226,"Tumor cells","Tumor spots"
"Tumour 1",0.0895960978494032,0,"T cells","Other spots"
"Tumour 1",0.176458245339577,0,"vSMC/Pericyte","Other spots"
"Tumour 1",-0.165197221308849,0,"B/Plasma/Mast","Other spots"
"Tumour 1",-0.0320788265194961,0,"vSMC/Pericyte","Other spots"
"Tumour 1",-0.152159578591258,0,"Tumor cells","Tumor spots"
"Tumour 1",-0.0426450964677363,0,"vSMC/Pericyte","Other spots"
"Tumour 1",0.0774841193927565,0,"vSMC/Pericyte","Other spots"
"Tumour 1",-0.0708234373507693,0.713288485222249,"Tumor cells","Tumor spots"
"Tumour 1",0.0122901445380845,0,"vSMC/Pericyte","Other spots"
"Tumour 1",0.0591602409214549,0.442707524695197,"Tumor cells","Tumor spots"
"Tumour 1",0.0398696246626006,0.345728081689094,"vSMC/Pericyte","Other spots"
"Tumour 1",0.0218613166137744,0,"B/Plasma/Mast","Other spots"
"Tumour 1",-0.0852748673610699,0,"Tumor cells","Tumor spots"
"Tumour 1",0.0653994761065325,0.511199236067519,"Tumor cells","Tumor spots"
"Tumour 1",0.0378592428628186,0,"vSMC/Pericyte","Other spots"
"Tumour 1",-0.00199392997900438,0.866863984771981,"vSMC/Pericyte","Other spots"
"Tumour 1",-0.0643355773675433,0,"vSMC/Pericyte","Other spots"
"Tumour 1",-0.0138348287395987,0.723058637950885,"Tumor cells","Tumor spots"
"Tumour 1",0.0789394247839805,0.563804863612871,"Tumor cells","Tumor spots"
"Tumour 1",0.00896273494224253,0,"B/Plasma/Mast","Other spots"
"Tumour 1",0.342125263841659,0.926275791843992,"vSMC/Pericyte","Other spots"
"Tumour 1",0.0364027137265786,0,"vSMC/Pericyte","Other spots"
"Tumour 1",0.0234984385203879,0.569693322813621,"Tumor cells","Tumor spots"
"Tumour 1",0.076034082518188,0,"vSMC/Pericyte","Other spots"
"Tumour 1",0.0394383052975673,0,"vSMC/Pericyte","Other spots"
"Tumour 1",0.094444290413432,0,"vSMC/Pericyte","Other spots"
"Tumour 1",-0.049150082618741,0,"vSMC/Pericyte","Other spots"
"Tumour 1",0.0205822104772291,0.183377655863675,"Tumor cells","Tumor spots"
"Tumour 1",-0.0432256926086587,0,"vSMC/Pericyte","Other spots"
"Tumour 1",0.0473503711405251,0.731039108319672,"Tumor cells","Tumor spots"
"Tumour 1",-0.0289213679188595,0.361475074787506,"vSMC/Pericyte","Other spots"
"Tumour 1",-0.226352403141411,0,"vSMC/Pericyte","Other spots"
"Tumour 1",-0.109919081960796,0,"B/Plasma/Mast","Other spots"
"Tumour 1",0.0952222831600581,0,"Tumor cells","Tumor spots"
"Tumour 1",-0.116815176157972,0,"B/Plasma/Mast","Other spots"
"Tumour 1",-0.00437871350548116,0,"B/Plasma/Mast","Other spots"
"Tumour 1",-0.0293640078214969,0,"vSMC/Pericyte","Other spots"
"Tumour 1",0.0117618138909141,0.678907711131533,"Tumor cells","Tumor spots"
"Tumour 1",-0.00671177653103261,0.297651625677595,"Tumor cells","Tumor spots"
"Tumour 1",0.0398645703700818,0.869659162175526,"Tumor cells","Tumor spots"
"Tumour 1",-0.0255022597516987,0,"Tumor cells","Tumor spots"
"Tumour 1",0.139289621268526,0,"vSMC/Pericyte","Other spots"
"Tumour 1",0.0770403617178221,1.16922901515842,"vSMC/Pericyte","Other spots"
"Tumour 1",-0.0349771637294786,0,"vSMC/Pericyte","Other spots"
"Tumour 1",0.11821769116443,0,"Tumor cells","Tumor spots"
"Tumour 1",0.138554723911068,0.896779562426641,"Tumor cells","Tumor spots"
"Tumour 1",-0.0151193545807714,0,"Macrophages","Other spots"
"Tumour 1",-0.0695736672839385,0,"vSMC/Pericyte","Other spots"
"Tumour 1",0.0758587972809334,0.337136414553697,"Tumor cells","Tumor spots"
"Tumour 1",0.107598399465683,0,"Tumor cells","Tumor spots"
"Tumour 1",0.162830380848095,0,"vSMC/Pericyte","Other spots"
"Tumour 1",0.0382585834278065,0.582397952282272,"vSMC/Pericyte","Other spots"
"Tumour 1",0.0622863682762881,0,"vSMC/Pericyte","Other spots"
"Tumour 1",-0.077172911761652,0,"T cells","Other spots"
"Tumour 1",-0.00995806221225826,0.53630203105267,"vSMC/Pericyte","Other spots"
"Tumour 1",-0.0599553080295075,0,"vSMC/Pericyte","Other spots"
"Tumour 1",0.0440547938658737,0,"B/Plasma/Mast","Other spots"
"Tumour 1",0.156672226493358,0.50809396132371,"vSMC/Pericyte","Other spots"
"Tumour 1",0.131094682808899,0,"vSMC/Pericyte","Other spots"
"Tumour 1",-0.0797567303624575,0.34238087947437,"vSMC/Pericyte","Other spots"
"Tumour 1",-0.128573371359053,0,"vSMC/Pericyte","Other spots"
"Tumour 1",0.17846407044239,0,"T cells","Other spots"
"Tumour 1",-0.0567403294619898,0,"vSMC/Pericyte","Other spots"
"Tumour 1",0.275553281221169,0,"vSMC/Pericyte","Other spots"
"Tumour 1",-0.196855506884927,0,"vSMC/Pericyte","Other spots"
"Tumour 1",0.0158230279649142,0,"Tumor cells","Tumor spots"
"Tumour 1",-0.0115101062024218,0,"Tumor cells","Tumor spots"
"Tumour 1",0.0588466860938646,0.297437574767166,"Tumor cells","Tumor spots"
"Tumour 1",-0.0104952631723241,0.594441066508732,"Tumor cells","Tumor spots"
"Tumour 1",-0.084735681491242,0,"B/Plasma/Mast","Other spots"
"Tumour 1",0.0350002822377401,0,"vSMC/Pericyte","Other spots"
"Tumour 1",0.00741125850440238,0,"vSMC/Pericyte","Other spots"
"Tumour 1",-0.0713980306402305,0.831135515379125,"vSMC/Pericyte","Other spots"
"Tumour 1",-0.000793889561596983,0.792295084372716,"Tumor cells","Tumor spots"
"Tumour 1",0.0438549013008459,0.766987393588175,"Tumor cells","Tumor spots"
"Tumour 1",0.0411404383428336,0,"T cells","Other spots"
"Tumour 1",-0.236963979953984,0,"vSMC/Pericyte","Other spots"
"Tumour 1",0.0716999226109622,0.4497676703462,"Tumor cells","Tumor spots"
"Tumour 1",-0.0330996758373444,0,"vSMC/Pericyte","Other spots"
"Tumour 1",-0.205250416330822,0,"vSMC/Pericyte","Other spots"
"Tumour 1",0.228268575786702,0.829821054294558,"Tumor cells","Tumor spots"
"Tumour 1",-0.0254000635340301,0,"vSMC/Pericyte","Other spots"
"Tumour 1",0.102247341364918,0,"vSMC/Pericyte","Other spots"
"Tumour 1",0.0950266129632955,0,"Tumor cells","Tumor spots"
"Tumour 1",0.022381237641609,0.458357469606366,"Tumor cells","Tumor spots"
"Tumour 1",0.0525693633890997,0,"B/Plasma/Mast","Other spots"
"Tumour 1",0.0396383884670533,0.660613159286261,"vSMC/Pericyte","Other spots"
"Tumour 1",0.0514315923387967,0,"vSMC/Pericyte","Other spots"
"Tumour 1",0.170986953859735,0,"vSMC/Pericyte","Other spots"
"Tumour 1",-0.0155341911542047,0.325593431237692,"vSMC/Pericyte","Other spots"
"Tumour 1",-0.0502618247896594,0,"B/Plasma/Mast","Other spots"
"Tumour 1",-0.0404143728401697,0,"vSMC/Pericyte","Other spots"
"Tumour 1",0.0943247578882344,0,"vSMC/Pericyte","Other spots"
"Tumour 1",0.0707987280650451,0,"vSMC/Pericyte","Other spots"
"Tumour 1",0.0630212079281702,0,"B/Plasma/Mast","Other spots"
"Tumour 1",0.0183057745533926,0,"vSMC/Pericyte","Other spots"
"Tumour 1",0.112439225495706,0.804844469040799,"Tumor cells","Tumor spots"
"Tumour 1",-0.0458705408969365,0,"Tumor cells","Tumor spots"
"Tumour 1",-0.0481895890774479,0,"vSMC/Pericyte","Other spots"
"Tumour 1",0.117149416961751,0,"vSMC/Pericyte","Other spots"
"Tumour 1",0.131367639267923,0,"B/Plasma/Mast","Other spots"
"Tumour 1",-0.159978705639761,0,"vSMC/Pericyte","Other spots"
"Tumour 1",0.121172065769258,0.810392398044889,"vSMC/Pericyte","Other spots"
"Tumour 1",0.0398834765192452,0.333847354877798,"Tumor cells","Tumor spots"
"Tumour 1",-0.0575300035285292,0,"Tumor cells","Tumor spots"
"Tumour 1",0.0372218250510478,0,"vSMC/Pericyte","Other spots"
"Tumour 1",0.00324771931055079,0,"vSMC/Pericyte","Other spots"
"Tumour 1",0.0734515006190766,0,"B/Plasma/Mast","Other spots"
"Tumour 1",0.169650350411951,0,"Tumor cells","Tumor spots"
"Tumour 1",-0.0126612827211603,0,"vSMC/Pericyte","Other spots"
"Tumour 1",-0.156133772572224,0.526985200202896,"Tumor cells","Tumor spots"
"Tumour 1",0.296424479278578,0,"vSMC/Pericyte","Other spots"
"Tumour 1",0.0572732874048924,0,"vSMC/Pericyte","Other spots"
"Tumour 1",0.264655720818531,0,"vSMC/Pericyte","Other spots"
"Tumour 1",-0.0462358331227287,0.661141529272895,"Tumor cells","Tumor spots"
"Tumour 1",-0.0359592203509607,0.572794736848728,"vSMC/Pericyte","Other spots"
"Tumour 1",-0.171343152911907,0,"vSMC/Pericyte","Other spots"
"Tumour 1",-0.150009459457899,0.296150918516831,"vSMC/Pericyte","Other spots"
"Tumour 1",0.180662027857728,0,"vSMC/Pericyte","Other spots"
"Tumour 1",-0.0169256936423803,0,"Tumor cells","Tumor spots"
"Tumour 1",0.181099835626481,0,"T cells","Other spots"
"Tumour 1",0.0563759005155949,0,"T cells","Other spots"
"Tumour 1",0.0141923419759347,0,"Tumor cells","Tumor spots"
"Tumour 1",-0.00442644549650245,0,"vSMC/Pericyte","Other spots"
"Tumour 1",0.0734354452205151,0.464900669142409,"Tumor cells","Tumor spots"
"Tumour 1",0.106594299899906,0.299113640777942,"Tumor cells","Tumor spots"
"Tumour 1",0.0405301315174191,0.466878679080054,"Tumor cells","Tumor spots"
"Tumour 1",0.0108689785410636,0.186813183121368,"Tumor cells","Tumor spots"
"Tumour 1",0.0707964580476103,0.472711930443616,"Tumor cells","Tumor spots"
"Tumour 1",-0.0705846707203855,0,"vSMC/Pericyte","Other spots"
"Tumour 1",-0.115830429210762,0,"vSMC/Pericyte","Other spots"
"Tumour 1",0.0508622264981962,0.35781432471187,"Tumor cells","Tumor spots"
"Tumour 1",0.127568468494707,0,"vSMC/Pericyte","Other spots"
"Tumour 1",-0.150754723987491,0,"vSMC/Pericyte","Other spots"
"Tumour 1",-0.0403070642989306,0.365333767017566,"Tumor cells","Tumor spots"
"Tumour 1",0.106802496625313,0,"vSMC/Pericyte","Other spots"
"Tumour 1",0.0991750811783759,0,"vSMC/Pericyte","Other spots"
"Tumour 1",-0.0506862605277449,0,"B/Plasma/Mast","Other spots"
"Tumour 1",0.0453402644455739,0.723195162919637,"vSMC/Pericyte","Other spots"
"Tumour 1",0.179869132355517,0,"vSMC/Pericyte","Other spots"
"Tumour 1",0.0560709430645128,0,"vSMC/Pericyte","Other spots"
"Tumour 1",-0.0697345653471411,0,"B/Plasma/Mast","Other spots"
"Tumour 1",0.0528809492737945,0.742884082292863,"Tumor cells","Tumor spots"
"Tumour 1",0.00117905233653892,0.589248171404859,"vSMC/Pericyte","Other spots"
"Tumour 1",-0.101348475707002,0,"vSMC/Pericyte","Other spots"
"Tumour 1",-0.00622346635986865,0,"Tumor cells","Tumor spots"
"Tumour 1",-0.0388735994392791,0,"vSMC/Pericyte","Other spots"
"Tumour 1",-0.0121085072204961,0,"Tumor cells","Tumor spots"
"Tumour 1",0.0372694573266011,1.04360787503564,"Tumor cells","Tumor spots"
"Tumour 1",0.0826526648391464,0.504714552171673,"vSMC/Pericyte","Other spots"
"Tumour 1",-0.00334744477225507,0,"Tumor cells","Tumor spots"
"Tumour 1",0.0768792029566343,0.476151976063802,"B/Plasma/Mast","Other spots"
"Tumour 1",-0.0403596634914186,0,"vSMC/Pericyte","Other spots"
"Tumour 1",-0.0391490882662521,0,"Tumor cells","Tumor spots"
"Tumour 1",-0.0758698139062794,0,"vSMC/Pericyte","Other spots"
"Tumour 1",-0.0172943570644917,0,"Tumor cells","Tumor spots"
"Tumour 1",0.0182083859897463,0.550026594055964,"Tumor cells","Tumor spots"
"Tumour 1",-0.0132699567275819,0.543680687584582,"Tumor cells","Tumor spots"
"Tumour 1",0.084523521635211,0.654340276823777,"Tumor cells","Tumor spots"
"Tumour 1",0.0627431255634259,0.587431330439821,"Tumor cells","Tumor spots"
"Tumour 1",-0.0207230420558913,0,"vSMC/Pericyte","Other spots"
"Tumour 1",0.0249412123429783,0.411093212709447,"Tumor cells","Tumor spots"
"Tumour 1",0.132242176745086,0.688012030788094,"Tumor cells","Tumor spots"
"Tumour 1",0.0577854534364381,0,"Tumor cells","Tumor spots"
"Tumour 1",-0.0505995401000754,0.418848591686205,"vSMC/Pericyte","Other spots"
"Tumour 1",0.0761027338999966,0.566346058497861,"Tumor cells","Tumor spots"
"Tumour 1",0.087048072687011,0,"vSMC/Pericyte","Other spots"
"Tumour 1",-0.143551347128398,0,"vSMC/Pericyte","Other spots"
"Tumour 1",-0.0408530949400153,0.34560740101092,"vSMC/Pericyte","Other spots"
"Tumour 1",-0.0268823645329983,0,"Tumor cells","Tumor spots"
"Tumour 1",0.1603137871325,0.699150780561374,"Tumor cells","Tumor spots"
"Tumour 1",0.0341459804336618,0,"B/Plasma/Mast","Other spots"
"Tumour 1",0.0173862184963566,0,"B/Plasma/Mast","Other spots"
"Tumour 1",0.0147373052786296,0.844272606992198,"Tumor cells","Tumor spots"
"Tumour 1",0.110432073387643,0,"vSMC/Pericyte","Other spots"
"Tumour 1",0.115620288196223,0.257468654163514,"Tumor cells","Tumor spots"
"Tumour 1",0.0160694582773827,0,"vSMC/Pericyte","Other spots"
"Tumour 1",0.0778349315447704,0,"vSMC/Pericyte","Other spots"
"Tumour 1",0.0184640278639477,0.725826913280957,"vSMC/Pericyte","Other spots"
"Tumour 1",0.0444243666924497,0,"B/Plasma/Mast","Other spots"
"Tumour 1",-0.0191966047931013,0,"B/Plasma/Mast","Other spots"
"Tumour 1",0.052279180628188,0.642947652407665,"Tumor cells","Tumor spots"
"Tumour 1",0.00334819926778751,0.404982358088385,"Tumor cells","Tumor spots"
"Tumour 1",-0.0233230720292248,0.388438327435275,"Tumor cells","Tumor spots"
"Tumour 1",-0.0108834855153548,0,"vSMC/Pericyte","Other spots"
"Tumour 1",-0.0278632757617043,0,"vSMC/Pericyte","Other spots"
"Tumour 1",-0.0676717031693405,0,"vSMC/Pericyte","Other spots"
"Tumour 1",-0.0560510837139439,0,"Tumor cells","Tumor spots"
"Tumour 1",-0.0694448913458661,0,"vSMC/Pericyte","Other spots"
"Tumour 1",0.0491941377175796,0.524355628586034,"Tumor cells","Tumor spots"
"Tumour 1",0.0155559519476733,0.337987666742239,"vSMC/Pericyte","Other spots"
"Tumour 1",-0.00654679609976644,0,"vSMC/Pericyte","Other spots"
"Tumour 1",0.0784630140232982,0,"vSMC/Pericyte","Other spots"
"Tumour 1",0.0538693911773667,0.392452468331823,"vSMC/Pericyte","Other spots"
"Tumour 1",0.0374948290081945,0.940856330337845,"vSMC/Pericyte","Other spots"
"Tumour 1",-0.21985586239821,0,"vSMC/Pericyte","Other spots"
"Tumour 1",0.00770674011950084,0.186481268202997,"Tumor cells","Tumor spots"
"Tumour 1",-0.0850456083179694,0,"B/Plasma/Mast","Other spots"
"Tumour 1",0.140782374793751,0.307273081928951,"Tumor cells","Tumor spots"
"Tumour 1",-0.11616725119318,0,"vSMC/Pericyte","Other spots"
"Tumour 1",0.0284670147842673,0.382629872369945,"Tumor cells","Tumor spots"
"Tumour 1",0.00909935092114761,0.37566188424175,"vSMC/Pericyte","Other spots"
"Tumour 1",-0.0303738906480308,0,"vSMC/Pericyte","Other spots"
"Tumour 1",0.0470693204207595,0.314103135380247,"vSMC/Pericyte","Other spots"
"Tumour 1",-0.172688053963004,0,"vSMC/Pericyte","Other spots"
"Tumour 1",-0.0132546996139533,0.863010353775046,"vSMC/Pericyte","Other spots"
"Tumour 1",-0.124855281789499,0,"Tumor cells","Tumor spots"
"Tumour 1",0.136233681189148,0.390126425363881,"Tumor cells","Tumor spots"
"Tumour 1",-0.0630046179729439,0,"vSMC/Pericyte","Other spots"
"Tumour 1",0.0300608570655569,0.208448768969218,"vSMC/Pericyte","Other spots"
"Tumour 1",0.0796316436632175,0,"vSMC/Pericyte","Other spots"
"Tumour 1",-0.0774535302427848,0,"vSMC/Pericyte","Other spots"
"Tumour 1",-0.0968051719633576,0,"vSMC/Pericyte","Other spots"
"Tumour 1",-0.0603603037298996,0.702681688329748,"vSMC/Pericyte","Other spots"
"Tumour 1",0.113732075927094,0,"B/Plasma/Mast","Other spots"
"Tumour 1",0.0356242501395319,0.405531785887819,"vSMC/Pericyte","Other spots"
"Tumour 1",0.0269808991115714,0,"Tumor cells","Tumor spots"
"Tumour 1",-0.046897500027004,0,"Tumor cells","Tumor spots"
"Tumour 1",-0.0158453333035574,0.79137045161305,"vSMC/Pericyte","Other spots"
"Tumour 1",0.0696949537399637,0,"vSMC/Pericyte","Other spots"
"Tumour 1",-0.0719578965316205,0,"B/Plasma/Mast","Other spots"
"Tumour 1",-0.0701789391137217,0.510625703733338,"Tumor cells","Tumor spots"
"Tumour 1",-0.0158143715717662,0,"B/Plasma/Mast","Other spots"
"Tumour 1",-0.17734319422981,0.931744724191631,"Tumor cells","Tumor spots"
"Tumour 1",-0.135485443779429,0,"vSMC/Pericyte","Other spots"
"Tumour 1",-0.0835924812346241,0,"vSMC/Pericyte","Other spots"
"Tumour 1",0.058363877791251,0,"B/Plasma/Mast","Other spots"
"Tumour 1",0.113199013318813,0.690921302994363,"Tumor cells","Tumor spots"
"Tumour 1",0.00424372261842998,0,"Tumor cells","Tumor spots"
"Tumour 1",-0.162655027027324,0,"vSMC/Pericyte","Other spots"
"Tumour 1",0.132397667214071,0,"vSMC/Pericyte","Other spots"
"Tumour 1",0.0218773355446275,0,"vSMC/Pericyte","Other spots"
"Tumour 1",-0.018916619226247,0.212213805318339,"Tumor cells","Tumor spots"
"Tumour 1",0.101377921420552,0,"vSMC/Pericyte","Other spots"
"Tumour 1",0.0207601020025764,0,"T cells","Other spots"
"Tumour 1",-0.0690160299876155,0,"Tumor cells","Tumor spots"
"Tumour 1",0.111125516406237,0.288300072989234,"Tumor cells","Tumor spots"
"Tumour 1",0.027125943288423,0,"vSMC/Pericyte","Other spots"
"Tumour 1",0.0450233263998175,0,"T cells","Other spots"
"Tumour 1",0.0229951852408032,0,"vSMC/Pericyte","Other spots"
"Tumour 1",-0.0119794543857332,0,"Tumor cells","Tumor spots"
"Tumour 1",-0.150029644273979,0,"vSMC/Pericyte","Other spots"
"Tumour 1",-0.00282053886147215,0,"vSMC/Pericyte","Other spots"
"Tumour 1",0.00904530341676318,0.728256973766755,"Tumor cells","Tumor spots"
"Tumour 1",-0.104493333203775,0,"Tumor cells","Tumor spots"
"Tumour 1",0.0196622489456941,0,"vSMC/Pericyte","Other spots"
"Tumour 1",0.192319397464779,0,"vSMC/Pericyte","Other spots"
"Tumour 1",-0.0644186835124747,0.33063345964738,"vSMC/Pericyte","Other spots"
"Tumour 1",-0.103653655169505,0,"vSMC/Pericyte","Other spots"
"Tumour 1",0.0210674099400404,0,"B/Plasma/Mast","Other spots"
"Tumour 1",-0.143086008502643,0,"B/Plasma/Mast","Other spots"
"Tumour 1",-0.0521321265336262,0,"vSMC/Pericyte","Other spots"
"Tumour 1",-0.163194244629692,0,"vSMC/Pericyte","Other spots"
"Tumour 1",0.032092871708791,0,"vSMC/Pericyte","Other spots"
"Tumour 1",-0.0936292832039774,0,"vSMC/Pericyte","Other spots"
"Tumour 1",-0.0200155025985554,0,"vSMC/Pericyte","Other spots"
"Tumour 1",-0.036742489076573,0.736443525086633,"Tumor cells","Tumor spots"
"Tumour 1",0.106345487464966,0.740179092182775,"vSMC/Pericyte","Other spots"
"Tumour 1",0.00925276741589348,0.273716228459415,"vSMC/Pericyte","Other spots"
"Tumour 1",0.0279739307176464,0.418291567227314,"Tumor cells","Tumor spots"
"Tumour 1",-0.0720156055638046,0,"B/Plasma/Mast","Other spots"
"Tumour 1",-0.0325364021621151,0,"B/Plasma/Mast","Other spots"
"Tumour 1",-0.110277658744141,0,"vSMC/Pericyte","Other spots"
"Tumour 1",0.112843500691658,0,"vSMC/Pericyte","Other spots"
"Tumour 1",-0.0329133477546122,0.431470567385976,"Tumor cells","Tumor spots"
"Tumour 1",0.0165407962487779,0.322720855733733,"Tumor cells","Tumor spots"
"Tumour 1",0.0460023732583154,0,"vSMC/Pericyte","Other spots"
"Tumour 1",0.15296551695021,0,"B/Plasma/Mast","Other spots"
"Tumour 1",0.177402279469704,0,"vSMC/Pericyte","Other spots"
"Tumour 1",0.037220953854111,0.304127463306749,"vSMC/Pericyte","Other spots"
"Tumour 1",-0.143732113728682,0,"B/Plasma/Mast","Other spots"
"Tumour 1",0.100204769700104,0,"Tumor cells","Tumor spots"
"Tumour 1",-0.0612546401666612,0,"vSMC/Pericyte","Other spots"
"Tumour 1",-0.0840035647617904,0,"vSMC/Pericyte","Other spots"
"Tumour 1",-0.0305724822865858,0,"B/Plasma/Mast","Other spots"
"Tumour 1",0.0200969923410426,0,"Tumor cells","Tumor spots"
"Tumour 1",0.0205410885044994,0.618907369249803,"vSMC/Pericyte","Other spots"
"Tumour 1",0.0846181543003673,0,"vSMC/Pericyte","Other spots"
"Tumour 1",-0.0781245997624012,0,"vSMC/Pericyte","Other spots"
"Tumour 1",-0.0311573583814952,0.590143009375886,"vSMC/Pericyte","Other spots"
"Tumour 1",0.22248171094605,0,"vSMC/Pericyte","Other spots"
"Tumour 1",-0.0558181013852207,0,"vSMC/Pericyte","Other spots"
"Tumour 1",0.0722475983970186,0,"vSMC/Pericyte","Other spots"
"Tumour 1",0.129045597062986,0,"B/Plasma/Mast","Other spots"
"Tumour 1",0.0239839681381964,0,"vSMC/Pericyte","Other spots"
"Tumour 1",0.0541942583090509,0,"B/Plasma/Mast","Other spots"
"Tumour 1",0.183587308352957,0,"B/Plasma/Mast","Other spots"
"Tumour 1",-0.0602790247012909,0,"B/Plasma/Mast","Other spots"
"Tumour 1",0.0754524628551922,0,"Tumor cells","Tumor spots"
"Tumour 1",0.123984218388903,0,"vSMC/Pericyte","Other spots"
"Tumour 1",0.0349829888730648,0,"vSMC/Pericyte","Other spots"
"Tumour 1",-0.169464114432479,0,"vSMC/Pericyte","Other spots"
"Tumour 1",0.03824117495196,0.325336952989027,"Tumor cells","Tumor spots"
"Tumour 1",-0.103343702263428,0,"vSMC/Pericyte","Other spots"
"Tumour 1",-0.0440967029596351,0.321924419037253,"vSMC/Pericyte","Other spots"
"Tumour 1",0.159210199522477,0,"vSMC/Pericyte","Other spots"
"Tumour 1",0.00705724218681408,0,"Tumor cells","Tumor spots"
"Tumour 1",0.0405448951329071,0,"B/Plasma/Mast","Other spots"
"Tumour 1",0.0680495980854429,0.519659028106264,"Tumor cells","Tumor spots"
"Tumour 1",0.125196381252497,0,"B/Plasma/Mast","Other spots"
"Tumour 1",-0.144749500014572,0,"vSMC/Pericyte","Other spots"
"Tumour 1",-0.0356328223922344,0,"vSMC/Pericyte","Other spots"
"Tumour 1",-0.148388725416285,0,"vSMC/Pericyte","Other spots"
"Tumour 1",0.0493782199510638,0,"vSMC/Pericyte","Other spots"
"Tumour 1",0.0210315487163004,0,"Tumor cells","Tumor spots"
"Tumour 1",-0.0210472196501838,0.537128156164787,"vSMC/Pericyte","Other spots"
"Tumour 1",0.0305194741872051,0.72836783468767,"Tumor cells","Tumor spots"
"Tumour 1",0.248266765657335,0.754779092057308,"B/Plasma/Mast","Other spots"
"Tumour 1",0.333838175289512,0,"B/Plasma/Mast","Other spots"
"Tumour 1",-0.014954091620437,0.366715622617935,"Tumor cells","Tumor spots"
"Tumour 1",0.0543340800292081,0,"vSMC/Pericyte","Other spots"
"Tumour 1",0.0604805808389113,0.566576744239097,"B/Plasma/Mast","Other spots"
"Tumour 1",0.0878842017889671,0,"Tumor cells","Tumor spots"
"Tumour 1",0.0549761411898345,0,"Tumor cells","Tumor spots"
"Tumour 1",-0.132222659078821,0.463649799098059,"Tumor cells","Tumor spots"
"Tumour 1",0.0385666397810143,0.966778748552255,"Tumor cells","Tumor spots"
"Tumour 1",0.0129136131902427,0.822490386682936,"vSMC/Pericyte","Other spots"
"Tumour 1",-0.134582710237879,0,"vSMC/Pericyte","Other spots"
"Tumour 1",0.181474592626486,0,"T cells","Other spots"
"Tumour 1",0.0785106755527006,0,"vSMC/Pericyte","Other spots"
"Tumour 1",0.0159361715271389,0,"vSMC/Pericyte","Other spots"
"Tumour 1",-0.0041005720851659,0,"vSMC/Pericyte","Other spots"
"Tumour 1",0.118785170139768,0,"vSMC/Pericyte","Other spots"
"Tumour 1",0.024194024132324,0.425119526412774,"Tumor cells","Tumor spots"
"Tumour 1",-0.0666252158681696,0,"vSMC/Pericyte","Other spots"
"Tumour 1",0.154636881019809,0,"Tumor cells","Tumor spots"
"Tumour 1",-0.0223520403309869,0,"Tumor cells","Tumor spots"
"Tumour 1",-0.0869150398993785,0,"B/Plasma/Mast","Other spots"
"Tumour 1",0.0826605192180818,0,"B/Plasma/Mast","Other spots"
"Tumour 1",0.0892182673032458,0.539204916564708,"vSMC/Pericyte","Other spots"
"Tumour 1",-0.009980917575968,0,"vSMC/Pericyte","Other spots"
"Tumour 1",0.0248403218027837,0,"vSMC/Pericyte","Other spots"
"Tumour 1",-0.0450378180296675,0,"vSMC/Pericyte","Other spots"
"Tumour 1",0.0417535122060398,0,"Tumor cells","Tumor spots"
"Tumour 1",0.14732987943241,0,"Tumor cells","Tumor spots"
"Tumour 1",0.0638845357592869,0,"vSMC/Pericyte","Other spots"
"Tumour 1",-0.00640460418645722,0,"Tumor cells","Tumor spots"
"Tumour 1",-0.0157332267991861,0.595699217956503,"Tumor cells","Tumor spots"
"Tumour 1",-0.158951067446202,0.518130851058786,"vSMC/Pericyte","Other spots"
"Tumour 1",-0.0249254938221139,0,"vSMC/Pericyte","Other spots"
"Tumour 1",-0.135384889317358,0,"vSMC/Pericyte","Other spots"
"Tumour 1",0.0376213769803138,0.371804231254788,"Tumor cells","Tumor spots"
"Tumour 1",-0.0037903484957921,0,"vSMC/Pericyte","Other spots"
"Tumour 1",-0.0106893101165392,0,"Tumor cells","Tumor spots"
"Tumour 1",0.193964568804139,0.905566503761337,"vSMC/Pericyte","Other spots"
"Tumour 1",0.0943347111002219,0,"vSMC/Pericyte","Other spots"
"Tumour 1",0.261887238929633,0,"vSMC/Pericyte","Other spots"
"Tumour 1",0.0244092134507845,1.05280275263682,"B/Plasma/Mast","Other spots"
"Tumour 1",-0.0824510680151037,0,"vSMC/Pericyte","Other spots"
"Tumour 1",-0.0638227038729892,0,"vSMC/Pericyte","Other spots"
"Tumour 1",0.0185447553865735,0,"vSMC/Pericyte","Other spots"
"Tumour 1",0.0293845331747317,0.462688890824707,"Tumor cells","Tumor spots"
"Tumour 1",-0.0362458578749474,0.564949595527153,"vSMC/Pericyte","Other spots"
"Tumour 1",0.0480280053690354,0,"vSMC/Pericyte","Other spots"
"Tumour 1",0.0841902567199841,0.287623751025722,"vSMC/Pericyte","Other spots"
"Tumour 1",0.00094561106622687,0.186792185021007,"Tumor cells","Tumor spots"
"Tumour 1",-0.0994748926060269,0.656611062640492,"Tumor cells","Tumor spots"
"Tumour 1",-0.0701512313367059,0.52716999663982,"vSMC/Pericyte","Other spots"
"Tumour 1",-0.00993903731127754,0,"vSMC/Pericyte","Other spots"
"Tumour 1",-0.134367461137155,0.663659488156995,"Tumor cells","Tumor spots"
"Tumour 1",0.16006334702331,0.982255097196411,"vSMC/Pericyte","Other spots"
"Tumour 1",-0.0909383392337381,0.848671644232342,"vSMC/Pericyte","Other spots"
"Tumour 1",0.105120795724796,0.685926218375991,"Tumor cells","Tumor spots"
"Tumour 1",-0.0240590596967006,0.638466679402539,"vSMC/Pericyte","Other spots"
"Tumour 1",0.0813789876348493,0.356537854350472,"Tumor cells","Tumor spots"
"Tumour 1",-0.121297661477718,0,"B/Plasma/Mast","Other spots"
"Tumour 1",-0.0386195983595625,0,"vSMC/Pericyte","Other spots"
"Tumour 1",0.0384851778874367,0.466956379654666,"Tumor cells","Tumor spots"
"Tumour 1",0.0949295596486791,0.234561672904068,"Tumor cells","Tumor spots"
"Tumour 1",0.0221792859525798,0,"vSMC/Pericyte","Other spots"
"Tumour 1",0.0843078774266896,0.2255595363963,"Tumor cells","Tumor spots"
"Tumour 1",-0.00933718578330611,0,"vSMC/Pericyte","Other spots"
"Tumour 1",0.0398537112439114,0,"vSMC/Pericyte","Other spots"
"Tumour 1",-0.0481633003771001,0,"vSMC/Pericyte","Other spots"
"Tumour 1",0.0403157630645658,0,"vSMC/Pericyte","Other spots"
"Tumour 1",-0.014362547707746,0,"B/Plasma/Mast","Other spots"
"Tumour 1",0.125087411795342,0.648233012289342,"Tumor cells","Tumor spots"
"Tumour 1",0.0204901172662001,1.0348813510656,"Tumor cells","Tumor spots"
"Tumour 1",-0.0970034091306638,0,"vSMC/Pericyte","Other spots"
"Tumour 1",-0.0553842107069677,0,"B/Plasma/Mast","Other spots"
"Tumour 1",0.0417031926525882,0.525879198881085,"Tumor cells","Tumor spots"
"Tumour 1",0.229443579977142,0,"T cells","Other spots"
"Tumour 1",0.0144598303455158,0,"B/Plasma/Mast","Other spots"
"Tumour 1",-0.0313622026636042,0.572110013961084,"Tumor cells","Tumor spots"
"Tumour 1",0.0137195957189166,0.434869343713403,"Tumor cells","Tumor spots"
"Tumour 1",0.10850677154799,0.669421504072329,"Tumor cells","Tumor spots"
"Tumour 1",0.0407825303089881,0.482237163009503,"Tumor cells","Tumor spots"
"Tumour 1",0.134404857343166,0,"vSMC/Pericyte","Other spots"
"Tumour 1",-0.0496671407894955,0.416934952252089,"Tumor cells","Tumor spots"
"Tumour 1",-0.0857811081676479,0,"vSMC/Pericyte","Other spots"
"Tumour 1",0.170489466902481,0.595973454953976,"Tumor cells","Tumor spots"
"Tumour 1",0.152576724384313,0.450390862743766,"Tumor cells","Tumor spots"
"Tumour 1",0.171800839018721,0,"vSMC/Pericyte","Other spots"
"Tumour 1",0.0234304696741966,0,"vSMC/Pericyte","Other spots"
"Tumour 1",0.000400335157396181,0,"vSMC/Pericyte","Other spots"
"Tumour 1",-0.109525734306252,0,"vSMC/Pericyte","Other spots"
"Tumour 1",-0.0832466863326839,0,"Tumor cells","Tumor spots"
"Tumour 1",0.0321796535576807,0,"B/Plasma/Mast","Other spots"
"Tumour 1",-0.000833378679971658,0,"vSMC/Pericyte","Other spots"
"Tumour 1",-0.0139675044700965,0,"vSMC/Pericyte","Other spots"
"Tumour 1",-0.135832331459443,0,"vSMC/Pericyte","Other spots"
"Tumour 1",0.00325849130449074,0,"vSMC/Pericyte","Other spots"
"Tumour 1",0.128133015144273,0,"vSMC/Pericyte","Other spots"
"Tumour 1",-0.178204464423837,0,"vSMC/Pericyte","Other spots"
"Tumour 1",-0.0611530456864935,0,"Macrophages","Other spots"
"Tumour 1",-0.135282045286335,0,"vSMC/Pericyte","Other spots"
"Tumour 1",-0.0984464110954023,0,"vSMC/Pericyte","Other spots"
"Tumour 1",0.0326106291250445,0.633779730659472,"vSMC/Pericyte","Other spots"
"Tumour 1",-0.232978846799784,0,"vSMC/Pericyte","Other spots"
"Tumour 1",0.0460623318689565,0.379747288509122,"vSMC/Pericyte","Other spots"
"Tumour 1",0.0847073137648627,0.484045970865133,"vSMC/Pericyte","Other spots"
"Tumour 1",0.112673094793927,0,"Tumor cells","Tumor spots"
"Tumour 1",-0.067539948123349,0,"vSMC/Pericyte","Other spots"
"Tumour 1",-0.047207504358605,0,"vSMC/Pericyte","Other spots"
"Tumour 1",0.0652339040859343,0,"vSMC/Pericyte","Other spots"
"Tumour 1",0.0159277833860682,0,"Tumor cells","Tumor spots"
"Tumour 1",0.0135073058341332,0,"vSMC/Pericyte","Other spots"
"Tumour 1",-0.01355964314179,1.00764051046238,"vSMC/Pericyte","Other spots"
"Tumour 1",-0.0728178731267657,0.338172292167593,"Tumor cells","Tumor spots"
"Tumour 1",-0.100209274555128,0,"vSMC/Pericyte","Other spots"
"Tumour 1",-0.0392145577267149,0.379329366331959,"Tumor cells","Tumor spots"
"Tumour 1",-0.0457313276196189,0,"vSMC/Pericyte","Other spots"
"Tumour 1",-0.0688302007203568,0,"vSMC/Pericyte","Other spots"
"Tumour 1",0.0248020954889318,0.531370488529754,"Tumor cells","Tumor spots"
"Tumour 1",0.150273003428398,0,"vSMC/Pericyte","Other spots"
"Tumour 1",-0.0584872741258389,0.649410065806196,"Tumor cells","Tumor spots"
"Tumour 1",-0.0960034902096706,0,"vSMC/Pericyte","Other spots"
"Tumour 1",-0.0525261349182562,0,"B/Plasma/Mast","Other spots"
"Tumour 1",-0.00633506845313453,0,"B/Plasma/Mast","Other spots"
"Tumour 1",0.0452258372231647,0,"Tumor cells","Tumor spots"
"Tumour 1",-0.190414254514171,0.559497956252489,"vSMC/Pericyte","Other spots"
"Tumour 1",-0.135159502846991,0.600991778620115,"vSMC/Pericyte","Other spots"
"Tumour 1",0.0757332545234499,0,"vSMC/Pericyte","Other spots"
"Tumour 1",0.0499509320193885,0,"vSMC/Pericyte","Other spots"
"Tumour 1",-0.0254966765256341,0,"vSMC/Pericyte","Other spots"
"Tumour 1",-0.0694707918909501,0,"B/Plasma/Mast","Other spots"
"Tumour 1",0.020764403750927,0,"Tumor cells","Tumor spots"
"Tumour 1",0.122968777319268,0,"vSMC/Pericyte","Other spots"
"Tumour 1",0.0947341416335936,1.39974873722049,"vSMC/Pericyte","Other spots"
"Tumour 1",-0.125369138598447,0,"vSMC/Pericyte","Other spots"
"Tumour 1",-0.22632964760478,0,"vSMC/Pericyte","Other spots"
"Tumour 1",-0.131595221750279,0,"vSMC/Pericyte","Other spots"
"Tumour 1",0.129565460063741,0.555542852400873,"Tumor cells","Tumor spots"
"Tumour 1",0.0326038033775932,0,"vSMC/Pericyte","Other spots"
"Tumour 1",0.101665102794912,0,"B/Plasma/Mast","Other spots"
"Tumour 1",-0.168147503441403,0,"vSMC/Pericyte","Other spots"
"Tumour 1",-0.00166164361807503,0.257568678895979,"vSMC/Pericyte","Other spots"
"Tumour 1",-0.0201941840799172,0.310737848751707,"Tumor cells","Tumor spots"
"Tumour 1",0.027874477868863,0.472666405158378,"Tumor cells","Tumor spots"
"Tumour 1",0.120163141758916,0.33386422970018,"Tumor cells","Tumor spots"
"Tumour 1",-0.0631508442883216,0,"vSMC/Pericyte","Other spots"
"Tumour 1",0.0967390139863567,0,"vSMC/Pericyte","Other spots"
"Tumour 1",-0.179758705637819,0,"B/Plasma/Mast","Other spots"
"Tumour 1",-0.0131955821000437,0,"T cells","Other spots"
"Tumour 1",0.0921471595036776,0.665859899968816,"T cells","Other spots"
"Tumour 1",-0.00550511813616972,0,"vSMC/Pericyte","Other spots"
"Tumour 1",0.0676891193052813,0.544545478938757,"Tumor cells","Tumor spots"
"Tumour 1",0.00286031599463904,0.586660001679604,"Tumor cells","Tumor spots"
"Tumour 1",0.00544616017237509,0.354811971981824,"vSMC/Pericyte","Other spots"
"Tumour 1",0.0385737583898483,0,"B/Plasma/Mast","Other spots"
"Tumour 1",-0.0571580517528279,0,"T cells","Other spots"
"Tumour 1",-0.0685857118986134,0,"vSMC/Pericyte","Other spots"
"Tumour 1",0.0950207472084356,0,"vSMC/Pericyte","Other spots"
"Tumour 1",0.0440129209449074,0,"vSMC/Pericyte","Other spots"
"Tumour 1",0.0157956994410308,0,"vSMC/Pericyte","Other spots"
"Tumour 1",-0.0792274419301299,0.35667922970506,"Tumor cells","Tumor spots"
"Tumour 1",0.010057675593289,0.189141478508184,"Tumor cells","Tumor spots"
"Tumour 1",-0.0906009309839474,0,"vSMC/Pericyte","Other spots"
"Tumour 1",0.0882063913564516,0.299230866470686,"T cells","Other spots"
"Tumour 1",-0.150588830821557,0.336426528604019,"Tumor cells","Tumor spots"
"Tumour 1",-0.0346186380326542,0.791568396087025,"vSMC/Pericyte","Other spots"
"Tumour 1",0.0649615470515866,0.51833682432542,"Tumor cells","Tumor spots"
"Tumour 1",-0.0490106892060598,0,"Macrophages","Other spots"
"Tumour 1",0.147094426260082,0,"vSMC/Pericyte","Other spots"
"Tumour 1",-0.091159501022731,0,"vSMC/Pericyte","Other spots"
"Tumour 1",-0.1879928118025,0,"vSMC/Pericyte","Other spots"
"Tumour 1",-0.102480291693002,0,"vSMC/Pericyte","Other spots"
"Tumour 1",-0.0627285778514615,0,"B/Plasma/Mast","Other spots"
"Tumour 1",0.0499756019580334,0,"vSMC/Pericyte","Other spots"
"Tumour 1",0.262802826821177,1.61586880276439,"B/Plasma/Mast","Other spots"
"Tumour 1",0.0741884655141382,0,"Tumor cells","Tumor spots"
"Tumour 1",-0.0496056021384901,0.432361073003397,"vSMC/Pericyte","Other spots"
"Tumour 1",0.0609800784005888,0.519995266378202,"Tumor cells","Tumor spots"
"Tumour 1",0.0398474248865687,0.585543651241472,"Tumor cells","Tumor spots"
"Tumour 1",-0.0760477309714394,0,"vSMC/Pericyte","Other spots"
"Tumour 1",-0.0843923565742386,0,"vSMC/Pericyte","Other spots"
"Tumour 1",0.0445734517055791,0.525671763032348,"Tumor cells","Tumor spots"
"Tumour 1",0.00936152640406257,0,"vSMC/Pericyte","Other spots"
"Tumour 1",0.0568286303090943,0,"vSMC/Pericyte","Other spots"
"Tumour 1",0.0274776687164475,0,"vSMC/Pericyte","Other spots"
"Tumour 1",-0.0662909565285293,0,"B/Plasma/Mast","Other spots"
"Tumour 1",-0.0769895814164496,0,"vSMC/Pericyte","Other spots"
"Tumour 1",0.120178732760498,0,"vSMC/Pericyte","Other spots"
"Tumour 1",0.102414795569863,0.386780103111608,"Tumor cells","Tumor spots"
"Tumour 1",-0.16030079895523,0,"B/Plasma/Mast","Other spots"
"Tumour 1",0.0463983034844054,0.443146232353724,"vSMC/Pericyte","Other spots"
"Tumour 1",-0.108722766978727,0,"vSMC/Pericyte","Other spots"
"Tumour 1",0.0796016166059843,0,"Tumor cells","Tumor spots"
"Tumour 1",0.199464955368821,0,"vSMC/Pericyte","Other spots"
"Tumour 1",0.10476398243266,0,"Tumor cells","Tumor spots"
"Tumour 1",0.164575733416859,0,"vSMC/Pericyte","Other spots"
"Tumour 1",0.0599689699569221,0.752338631157737,"Tumor cells","Tumor spots"
"Tumour 1",0.0936979139263286,0,"vSMC/Pericyte","Other spots"
"Tumour 1",0.087583022607538,0,"vSMC/Pericyte","Other spots"
"Tumour 1",0.0296158870642325,0.663453972073087,"Tumor cells","Tumor spots"
"Tumour 1",-0.11194867794899,0.3805957087064,"Tumor cells","Tumor spots"
"Tumour 1",0.0532970662956733,0.283138809402741,"Tumor cells","Tumor spots"
"Tumour 1",0.0447452152627027,0,"Tumor cells","Tumor spots"
"Tumour 1",-0.0569065969392996,0,"vSMC/Pericyte","Other spots"
"Tumour 1",0.0376364120913795,0.227793879627508,"Tumor cells","Tumor spots"
"Tumour 1",-0.139018744039636,0,"vSMC/Pericyte","Other spots"
"Tumour 1",0.010234083009542,0.56072159676467,"vSMC/Pericyte","Other spots"
"Tumour 1",0.0369124929063681,0,"vSMC/Pericyte","Other spots"
"Tumour 1",0.0203588948097129,0.280192008586892,"Tumor cells","Tumor spots"
"Tumour 1",-0.12202081985595,1.31610932849881,"vSMC/Pericyte","Other spots"
"Tumour 1",0.170832022729753,0,"vSMC/Pericyte","Other spots"
"Tumour 1",-0.00916209976522592,0,"vSMC/Pericyte","Other spots"
"Tumour 1",-0.0225794332398345,0,"Tumor cells","Tumor spots"
"Tumour 1",0.206902470121266,0,"vSMC/Pericyte","Other spots"
"Tumour 1",-0.0573974873562174,0,"vSMC/Pericyte","Other spots"
"Tumour 1",0.108408643093334,0.56924356566665,"Tumor cells","Tumor spots"
"Tumour 1",-0.00744773140908944,0.256248009882982,"Tumor cells","Tumor spots"
"Tumour 1",-0.00987199837973141,0.405206941505993,"Tumor cells","Tumor spots"
"Tumour 1",0.118573427372095,0.67894602485855,"Tumor cells","Tumor spots"
"Tumour 1",0.0359132272252741,0,"Tumor cells","Tumor spots"
"Tumour 1",-0.147974531241304,0,"vSMC/Pericyte","Other spots"
"Tumour 1",-0.0747196000062277,0,"Tumor cells","Tumor spots"
"Tumour 1",0.0874379456108503,0,"Tumor cells","Tumor spots"
"Tumour 1",0.0553932537541888,0,"Tumor cells","Tumor spots"
"Tumour 1",0.0902761908210873,0,"Tumor cells","Tumor spots"
"Tumour 1",-0.206988395450757,0.666919633685794,"vSMC/Pericyte","Other spots"
"Tumour 1",-0.0804394629493526,0.360500249742932,"T cells","Other spots"
"Tumour 1",0.24335761075237,0,"T cells","Other spots"
"Tumour 1",-0.208284411961308,0,"Endothelial","Other spots"
"Tumour 1",-0.00369115967269668,0.377599600066852,"Tumor cells","Tumor spots"
"Tumour 1",-0.0339575698278596,0,"vSMC/Pericyte","Other spots"
"Tumour 1",0.0724499895296438,0.884761947249691,"Tumor cells","Tumor spots"
"Tumour 1",-0.0309158125743008,0.885207636815767,"T cells","Other spots"
"Tumour 1",-0.0201337437914798,0.613965975767822,"vSMC/Pericyte","Other spots"
"Tumour 1",-0.019545954196032,0,"vSMC/Pericyte","Other spots"
"Tumour 1",0.11726659454093,0.30143009449269,"Tumor cells","Tumor spots"
"Tumour 1",-0.0464561186353492,0,"B/Plasma/Mast","Other spots"
"Tumour 1",0.049898986703113,0,"Tumor cells","Tumor spots"
"Tumour 1",-0.0534374032994125,0.812600502223491,"vSMC/Pericyte","Other spots"
"Tumour 1",0.0310957989110306,0.622927991593485,"vSMC/Pericyte","Other spots"
"Tumour 1",-0.0800046637554906,0,"vSMC/Pericyte","Other spots"
"Tumour 1",-0.0216197177160322,0,"Tumor cells","Tumor spots"
"Tumour 1",-0.0259570358634068,0,"vSMC/Pericyte","Other spots"
"Tumour 1",0.151667814929591,0.347170742750127,"vSMC/Pericyte","Other spots"
"Tumour 1",0.0361724565007078,0,"Tumor cells","Tumor spots"
"Tumour 1",-0.00843045845183263,0,"vSMC/Pericyte","Other spots"
"Tumour 1",0.0386403805911192,0.521919887914337,"vSMC/Pericyte","Other spots"
"Tumour 1",0.120410299873565,0.569576649045085,"vSMC/Pericyte","Other spots"
"Tumour 1",0.0398953283401972,0.334698864021142,"Tumor cells","Tumor spots"
"Tumour 1",0.199089630772832,0,"B/Plasma/Mast","Other spots"
"Tumour 1",0.0917615730228918,0.229162282957573,"Tumor cells","Tumor spots"
"Tumour 1",0.134836257616071,0,"vSMC/Pericyte","Other spots"
"Tumour 1",0.0415457232906537,0.873637263437125,"Tumor cells","Tumor spots"
"Tumour 1",0.0256797516812564,0.600322596883366,"T cells","Other spots"
"Tumour 1",-0.0178564484366016,0,"vSMC/Pericyte","Other spots"
"Tumour 1",-0.0971257995701106,0.800923141521216,"vSMC/Pericyte","Other spots"
"Tumour 1",0.151551597554798,0,"vSMC/Pericyte","Other spots"
"Tumour 1",0.00385046704729575,0.499845387215095,"vSMC/Pericyte","Other spots"
"Tumour 1",0.0422346372643846,0.463611503587611,"Tumor cells","Tumor spots"
"Tumour 1",-0.0382118643442244,0,"vSMC/Pericyte","Other spots"
"Tumour 1",-0.107066598304997,0,"vSMC/Pericyte","Other spots"
"Tumour 1",0.0491962168062601,0.1857690454972,"vSMC/Pericyte","Other spots"
"Tumour 1",0.107659501497028,0.364257304519541,"Tumor cells","Tumor spots"
"Tumour 1",-0.120315483602777,0,"vSMC/Pericyte","Other spots"
"Tumour 1",0.127811444908805,0,"vSMC/Pericyte","Other spots"
"Tumour 1",-0.0589032174834719,0.830611638167045,"Tumor cells","Tumor spots"
"Tumour 1",-0.1787172183328,0,"vSMC/Pericyte","Other spots"
"Tumour 1",-0.0191589057719496,0,"vSMC/Pericyte","Other spots"
"Tumour 1",-0.131323069381701,0,"B/Plasma/Mast","Other spots"
"Tumour 1",-0.00131713783917331,0.373885556424862,"Tumor cells","Tumor spots"
"Tumour 1",-0.141819627031397,0.353847771458198,"vSMC/Pericyte","Other spots"
"Tumour 1",0.0251154492873318,0.744970013314416,"Tumor cells","Tumor spots"
"Tumour 1",-0.0542250110398209,0,"vSMC/Pericyte","Other spots"
"Tumour 1",-0.0775314891843175,0,"Endothelial","Other spots"
"Tumour 1",-0.0609346749701675,0.589945905189096,"Tumor cells","Tumor spots"
"Tumour 1",-0.0955070700721627,0,"vSMC/Pericyte","Other spots"
"Tumour 1",0.199545489790656,0,"Tumor cells","Tumor spots"
"Tumour 1",-0.0583069968616995,0,"vSMC/Pericyte","Other spots"
"Tumour 1",-0.0860790002504432,0.893397884415755,"vSMC/Pericyte","Other spots"
"Tumour 1",0.0143118415430833,0,"vSMC/Pericyte","Other spots"
"Tumour 1",0.0213387162788076,0.353885731613098,"Tumor cells","Tumor spots"
"Tumour 1",0.0204057456506788,0,"vSMC/Pericyte","Other spots"
"Tumour 1",-0.00623528372486712,0,"vSMC/Pericyte","Other spots"
"Tumour 1",-0.156246333335353,0.600805740729033,"vSMC/Pericyte","Other spots"
"Tumour 1",0.0430806528057196,0,"B/Plasma/Mast","Other spots"
"Tumour 1",-0.156143921923009,0,"B/Plasma/Mast","Other spots"
"Tumour 1",-0.0261466675656309,0,"vSMC/Pericyte","Other spots"
"Tumour 1",0.0690367674893246,0,"vSMC/Pericyte","Other spots"
"Tumour 1",-0.0823000521537034,0.377167250588304,"T cells","Other spots"
"Tumour 1",0.0555495411913621,0,"B/Plasma/Mast","Other spots"
"Tumour 1",0.0898825286929859,0.729617452234793,"vSMC/Pericyte","Other spots"
"Tumour 1",-0.0219418014282061,0.533125219072493,"Tumor cells","Tumor spots"
"Tumour 1",0.028705735103893,0.396854487392595,"Tumor cells","Tumor spots"
"Tumour 1",0.0921590394318363,0,"vSMC/Pericyte","Other spots"
"Tumour 1",0.0552501202927284,0.515699347668114,"Tumor cells","Tumor spots"
"Tumour 1",0.00860928749775974,1.05813595443863,"vSMC/Pericyte","Other spots"
"Tumour 1",0.0919186256165704,0.912824800073588,"Tumor cells","Tumor spots"
"Tumour 1",0.182511522217905,0,"vSMC/Pericyte","Other spots"
"Tumour 1",-0.158045717532494,0,"B/Plasma/Mast","Other spots"
"Tumour 1",-0.0650557555304339,0,"Tumor cells","Tumor spots"
"Tumour 1",0.0993242842158381,0,"vSMC/Pericyte","Other spots"
"Tumour 1",0.01284075357516,0,"vSMC/Pericyte","Other spots"
"Tumour 1",0.157856201243033,0,"vSMC/Pericyte","Other spots"
"Tumour 1",-0.105186178986364,0,"vSMC/Pericyte","Other spots"
"Tumour 1",0.0625212893445963,0.337423515188325,"Tumor cells","Tumor spots"
"Tumour 1",0.0356341834711199,0,"vSMC/Pericyte","Other spots"
"Tumour 1",-0.0950110583037451,0,"B/Plasma/Mast","Other spots"
"Tumour 1",-0.0282214119186897,0,"vSMC/Pericyte","Other spots"
"Tumour 1",-0.0780768741305203,0,"B/Plasma/Mast","Other spots"
"Tumour 1",-0.00990156871260783,0,"vSMC/Pericyte","Other spots"
"Tumour 1",-0.042687329142782,0.708492750234606,"vSMC/Pericyte","Other spots"
"Tumour 1",0.150571416528521,0,"B/Plasma/Mast","Other spots"
"Tumour 1",0.146523269240979,0.640391287898103,"Tumor cells","Tumor spots"
"Tumour 1",-0.0163854576187273,0.40139037157573,"Tumor cells","Tumor spots"
"Tumour 1",-0.106409252875044,0.493227145501717,"Tumor cells","Tumor spots"
"Tumour 1",-0.0953317953624443,0.576613802506583,"Tumor cells","Tumor spots"
"Tumour 1",-0.00865413797162518,0,"Tumor cells","Tumor spots"
"Tumour 1",-0.0404529006422012,0,"vSMC/Pericyte","Other spots"
"Tumour 1",0.159276122520296,0,"vSMC/Pericyte","Other spots"
"Tumour 1",0.0795517519954937,0,"vSMC/Pericyte","Other spots"
"Tumour 1",0.122457945782141,0,"B/Plasma/Mast","Other spots"
"Tumour 1",-0.0395741623522541,0,"vSMC/Pericyte","Other spots"
"Tumour 1",-0.122996662358117,0,"Endothelial","Other spots"
"Tumour 1",-0.108312513509521,0.532645480867067,"Tumor cells","Tumor spots"
"Tumour 1",0.00749507334654323,0,"vSMC/Pericyte","Other spots"
"Tumour 1",-0.00812484594082535,0.686857072898713,"Tumor cells","Tumor spots"
"Tumour 1",-0.0500257621058287,0,"Tumor cells","Tumor spots"
"Tumour 1",0.145360271211139,0.536950910044553,"vSMC/Pericyte","Other spots"
"Tumour 1",0.0859563851171458,0,"vSMC/Pericyte","Other spots"
"Tumour 1",-0.00189708424734208,0,"vSMC/Pericyte","Other spots"
"Tumour 1",0.0125452216215954,0.6705163708773,"vSMC/Pericyte","Other spots"
"Tumour 1",0.016631852235756,0.299321103090149,"Tumor cells","Tumor spots"
"Tumour 1",0.0799899311590887,0.397878413772468,"vSMC/Pericyte","Other spots"
"Tumour 1",-0.144161908821552,0,"vSMC/Pericyte","Other spots"
"Tumour 1",-0.00700301353734123,0.717896779573797,"Tumor cells","Tumor spots"
"Tumour 1",0.105561668653575,0.40986294155802,"vSMC/Pericyte","Other spots"
"Tumour 1",0.0339462851461421,0.361000170792789,"Tumor cells","Tumor spots"
"Tumour 1",-0.00557697393112835,0,"vSMC/Pericyte","Other spots"
"Tumour 1",0.0608052768552395,0,"Tumor cells","Tumor spots"
"Tumour 1",0.0314098258279858,0,"vSMC/Pericyte","Other spots"
"Tumour 1",-0.08678644040435,0,"B/Plasma/Mast","Other spots"
"Tumour 1",-0.158681935009378,0,"vSMC/Pericyte","Other spots"
"Tumour 1",0.0652554244839051,0,"B/Plasma/Mast","Other spots"
"Tumour 1",0.0845169800943298,0,"vSMC/Pericyte","Other spots"
"Tumour 1",0.0332949244056376,0.551613464898668,"B/Plasma/Mast","Other spots"
"Tumour 1",0.0169999195020306,0.208387735081304,"Tumor cells","Tumor spots"
"Tumour 1",0.0372984054619912,0.835290211423314,"vSMC/Pericyte","Other spots"
"Tumour 1",0.025140887333842,0,"Tumor cells","Tumor spots"
"Tumour 1",-0.0705149651985411,0,"vSMC/Pericyte","Other spots"
"Tumour 1",-0.0556839086239997,0,"vSMC/Pericyte","Other spots"
"Tumour 1",0.0304473650826121,0.39144107640089,"Tumor cells","Tumor spots"
"Tumour 1",0.0435767618135635,0.470131164477516,"Tumor cells","Tumor spots"
"Tumour 1",-0.00747877712698725,0.424103765550651,"Tumor cells","Tumor spots"
"Tumour 1",0.0219494073414103,0,"Tumor cells","Tumor spots"
"Tumour 1",0.0913601821634817,0,"Tumor cells","Tumor spots"
"Tumour 1",0.0276535417382184,0,"vSMC/Pericyte","Other spots"
"Tumour 1",-0.022130606872557,0,"Tumor cells","Tumor spots"
"Tumour 1",-0.0306474813612894,0,"vSMC/Pericyte","Other spots"
"Tumour 1",0.028543413075412,0,"B/Plasma/Mast","Other spots"
"Tumour 1",0.0315196146998354,0.388138073502672,"Tumor cells","Tumor spots"
"Tumour 1",0.183261990145426,0,"vSMC/Pericyte","Other spots"
"Tumour 1",0.136788723832396,0,"vSMC/Pericyte","Other spots"
"Tumour 1",-0.161934571189859,0.478543834385963,"vSMC/Pericyte","Other spots"
"Tumour 1",0.161763512280584,0.305569736146805,"Tumor cells","Tumor spots"
"Tumour 1",0.0223326216759519,0.45565853027545,"Tumor cells","Tumor spots"
"Tumour 1",0.13431278290949,0.787607415523192,"vSMC/Pericyte","Other spots"
"Tumour 1",-0.0148643873128001,0.558450425784003,"Tumor cells","Tumor spots"
"Tumour 1",-0.0348760168153542,0.531052715902868,"Tumor cells","Tumor spots"
"Tumour 1",-0.0960959643712447,0,"vSMC/Pericyte","Other spots"
"Tumour 1",-0.0399550572545451,0,"vSMC/Pericyte","Other spots"
"Tumour 1",-0.154299377126694,0,"vSMC/Pericyte","Other spots"
"Tumour 1",-0.0134292703429189,0,"vSMC/Pericyte","Other spots"
"Tumour 1",-0.0762738364976648,0.54083324599978,"vSMC/Pericyte","Other spots"
"Tumour 1",0.149342554149601,0,"T cells","Other spots"
"Tumour 1",0.282759912298082,0,"T cells","Other spots"
"Tumour 1",-0.0825795876477927,0.588783958046467,"vSMC/Pericyte","Other spots"
"Tumour 1",0.150969553331302,0,"T cells","Other spots"
"Tumour 1",-0.0505353744836661,0.298591759198299,"Tumor cells","Tumor spots"
"Tumour 1",-0.158593331440388,0,"vSMC/Pericyte","Other spots"
"Tumour 1",0.155292461066166,0,"B/Plasma/Mast","Other spots"
"Tumour 1",-0.20839347505836,0.51093231319317,"Tumor cells","Tumor spots"
"Tumour 1",-0.0131429748493375,0,"Tumor cells","Tumor spots"
"Tumour 1",-0.00234107403449313,0,"Tumor cells","Tumor spots"
"Tumour 1",-0.0937160095766962,0,"vSMC/Pericyte","Other spots"
"Tumour 1",-0.0876172393241351,0,"vSMC/Pericyte","Other spots"
"Tumour 1",-0.106240659621489,0,"vSMC/Pericyte","Other spots"
"Tumour 1",0.102072365901733,0,"vSMC/Pericyte","Other spots"
"Tumour 1",0.0306760285082565,0.271306454400361,"Tumor cells","Tumor spots"
"Tumour 1",-0.101030897182844,0,"vSMC/Pericyte","Other spots"
"Tumour 1",-0.0611853720673016,0,"vSMC/Pericyte","Other spots"
"Tumour 1",-0.161754156668704,0,"vSMC/Pericyte","Other spots"
"Tumour 1",0.107079214052683,0,"Tumor cells","Tumor spots"
"Tumour 1",-0.0293575932107264,0.433961948026625,"Tumor cells","Tumor spots"
"Tumour 1",0.00350772616911826,0,"vSMC/Pericyte","Other spots"
"Tumour 1",0.0303966449241109,0.295568974132273,"Tumor cells","Tumor spots"
"Tumour 1",0.0556905125721524,0,"vSMC/Pericyte","Other spots"
"Tumour 1",0.0470947136667689,0.881213550235244,"vSMC/Pericyte","Other spots"
"Tumour 1",0.0310188329242747,0.477902838637617,"B/Plasma/Mast","Other spots"
"Tumour 1",-0.0610049238589958,0,"vSMC/Pericyte","Other spots"
"Tumour 1",0.0305733316474458,0,"vSMC/Pericyte","Other spots"
"Tumour 1",0.059110182367173,0.842827732667154,"vSMC/Pericyte","Other spots"
"Tumour 1",-0.0550347093041101,0,"vSMC/Pericyte","Other spots"
"Tumour 1",-0.0610843325569005,0,"vSMC/Pericyte","Other spots"
"Tumour 1",0.0541940109553302,0,"vSMC/Pericyte","Other spots"
"Tumour 1",-0.107121653894282,1.01438053067242,"vSMC/Pericyte","Other spots"
"Tumour 1",-0.00150103247348704,0,"vSMC/Pericyte","Other spots"
"Tumour 1",0.171762943035221,0,"vSMC/Pericyte","Other spots"
"Tumour 1",0.0408444260655353,0,"vSMC/Pericyte","Other spots"
"Tumour 1",-0.0392590142808241,0,"vSMC/Pericyte","Other spots"
"Tumour 1",0.0939796221115022,0,"vSMC/Pericyte","Other spots"
"Tumour 1",0.00881663585824721,0,"vSMC/Pericyte","Other spots"
"Tumour 1",-0.0509340591888049,0,"vSMC/Pericyte","Other spots"
"Tumour 1",0.167798634532667,0.389910751827078,"Tumor cells","Tumor spots"
"Tumour 1",0.0104403512577388,0.45252604102711,"Tumor cells","Tumor spots"
"Tumour 1",-0.00584445530319927,0,"vSMC/Pericyte","Other spots"
"Tumour 1",-0.0357774258279615,0,"T cells","Other spots"
"Tumour 1",-0.0145977936459023,0.487414458472921,"Tumor cells","Tumor spots"
"Tumour 1",-0.170388042874335,0,"vSMC/Pericyte","Other spots"
"Tumour 1",0.175248882487283,0.859441488298975,"vSMC/Pericyte","Other spots"
"Tumour 1",-0.0272590038963892,0,"vSMC/Pericyte","Other spots"
"Tumour 1",-0.00742217119844962,0,"vSMC/Pericyte","Other spots"
"Tumour 1",0.241252997118324,0,"B/Plasma/Mast","Other spots"
"Tumour 1",0.266780533502734,0.473418716355301,"vSMC/Pericyte","Other spots"
"Tumour 1",0.0477891274265788,0,"vSMC/Pericyte","Other spots"
"Tumour 1",0.0168127310233334,0.327022175733649,"vSMC/Pericyte","Other spots"
"Tumour 1",0.067005097667262,0,"vSMC/Pericyte","Other spots"
"Tumour 1",0.021110727718901,0,"T cells","Other spots"
"Tumour 1",0.00355762091702844,0,"vSMC/Pericyte","Other spots"
"Tumour 1",-0.115199808443713,0.559224996685244,"vSMC/Pericyte","Other spots"
"Tumour 1",0.0458699052592712,0,"vSMC/Pericyte","Other spots"
"Tumour 1",-0.0041260473841328,0.310650269917563,"T cells","Other spots"
"Tumour 1",-0.0901838258401634,0,"vSMC/Pericyte","Other spots"
"Tumour 1",-0.0656784332251684,0,"vSMC/Pericyte","Other spots"
"Tumour 1",0.131551333576588,0,"vSMC/Pericyte","Other spots"
"Tumour 1",0.0714394158790447,0.71987923154776,"Tumor cells","Tumor spots"
"Tumour 1",0.187383546149492,0,"vSMC/Pericyte","Other spots"
"Tumour 1",-0.0955412607962086,0.368190332669276,"Tumor cells","Tumor spots"
"Tumour 1",-0.0823663102873667,0,"vSMC/Pericyte","Other spots"
"Tumour 1",0.0160115382940716,0,"Tumor cells","Tumor spots"
"Tumour 1",0.0225702782567537,0,"Tumor cells","Tumor spots"
"Tumour 1",0.0913450685476803,0,"vSMC/Pericyte","Other spots"
"Tumour 1",-0.0895632089168489,0,"vSMC/Pericyte","Other spots"
"Tumour 1",0.0452438074471573,0.411504969128796,"Tumor cells","Tumor spots"
"Tumour 1",-0.0130550217438133,0,"vSMC/Pericyte","Other spots"
"Tumour 1",0.143641385206298,0,"Tumor cells","Tumor spots"
"Tumour 1",0.148631632030841,0,"vSMC/Pericyte","Other spots"
"Tumour 1",0.0420678852528078,0.461797140321565,"Tumor cells","Tumor spots"
"Tumour 1",-0.0886032301915871,0,"T cells","Other spots"
"Tumour 1",0.0140994389140827,0,"Tumor cells","Tumor spots"
"Tumour 1",-0.041313321961445,0.460498426820197,"Tumor cells","Tumor spots"
"Tumour 1",0.0593712313722321,0,"vSMC/Pericyte","Other spots"
"Tumour 1",0.116258781151122,0,"vSMC/Pericyte","Other spots"
"Tumour 1",-0.0909255284291186,0,"vSMC/Pericyte","Other spots"
"Tumour 1",-0.0622300724681262,0,"vSMC/Pericyte","Other spots"
"Tumour 1",-0.139840000942685,0,"B/Plasma/Mast","Other spots"
"Tumour 1",-0.0786264264692428,0,"vSMC/Pericyte","Other spots"
"Tumour 1",0.0632531396535533,0,"vSMC/Pericyte","Other spots"
"Tumour 1",0.0389023590110208,0.490217408246871,"Tumor cells","Tumor spots"
"Tumour 1",-0.0636565760050071,0.465738406583693,"Tumor cells","Tumor spots"
"Tumour 1",-0.0701367940441963,0.322636833158351,"Tumor cells","Tumor spots"
"Tumour 1",-0.00998180065312476,0.582206131184836,"Tumor cells","Tumor spots"
"Tumour 1",-0.0834739650783668,0,"B/Plasma/Mast","Other spots"
"Tumour 1",-0.0763922805568314,0.71397911879888,"Tumor cells","Tumor spots"
"Tumour 1",-0.00507887536709734,0,"vSMC/Pericyte","Other spots"
"Tumour 1",0.0547118160508826,0,"B/Plasma/Mast","Other spots"
"Tumour 1",-0.0719958411443396,0.632950247012194,"B/Plasma/Mast","Other spots"
"Tumour 1",-0.01729915993241,0,"vSMC/Pericyte","Other spots"
"Tumour 1",-0.13238690823288,0,"vSMC/Pericyte","Other spots"
"Tumour 1",-0.0374502275911713,0,"B/Plasma/Mast","Other spots"
"Tumour 1",0.216198934694638,0,"vSMC/Pericyte","Other spots"
"Tumour 1",0.0236121664966361,0,"B/Plasma/Mast","Other spots"
"Tumour 1",0.0533914193409938,0,"vSMC/Pericyte","Other spots"
"Tumour 1",0.0200239446701989,0.387706329635274,"Tumor cells","Tumor spots"
"Tumour 1",0.00387087358564142,0,"vSMC/Pericyte","Other spots"
"Tumour 1",-0.0151738495593438,0.429120226980828,"Tumor cells","Tumor spots"
"Tumour 1",0.105426216230151,0,"vSMC/Pericyte","Other spots"
"Tumour 1",-0.0312373754410994,0,"vSMC/Pericyte","Other spots"
"Tumour 1",0.0173100299232892,0.268155433516641,"Tumor cells","Tumor spots"
"Tumour 1",0.115245399456167,0,"vSMC/Pericyte","Other spots"
"Tumour 1",-0.051384486807024,0.714546834347543,"vSMC/Pericyte","Other spots"
"Tumour 1",-0.126503091702774,0,"vSMC/Pericyte","Other spots"
"Tumour 1",-0.0616898008653104,0.367015056887577,"Tumor cells","Tumor spots"
"Tumour 1",0.121712289792402,0,"vSMC/Pericyte","Other spots"
"Tumour 1",0.023057709171886,0,"vSMC/Pericyte","Other spots"
"Tumour 1",0.186284500902836,0.211129974485303,"Tumor cells","Tumor spots"
"Tumour 1",-0.060111723769117,0.728811630918307,"vSMC/Pericyte","Other spots"
"Tumour 1",-0.0283642446924945,0,"vSMC/Pericyte","Other spots"
"Tumour 1",0.104448608871967,0,"vSMC/Pericyte","Other spots"
"Tumour 1",-0.0341927941127363,0,"B/Plasma/Mast","Other spots"
"Tumour 1",0.108378178583323,0.817372635070349,"vSMC/Pericyte","Other spots"
"Tumour 1",-0.0919304872034108,0,"B/Plasma/Mast","Other spots"
"Tumour 1",0.0258860948840327,0,"vSMC/Pericyte","Other spots"
"Tumour 1",-0.0392954654683219,0,"vSMC/Pericyte","Other spots"
"Tumour 1",0.203902648192602,0,"vSMC/Pericyte","Other spots"
"Tumour 1",0.0489260264861592,0.244004418164798,"Tumor cells","Tumor spots"
"Tumour 1",0.028119986072886,0.602765075221005,"Tumor cells","Tumor spots"
"Tumour 1",0.0576120861781365,0,"vSMC/Pericyte","Other spots"
"Tumour 1",0.0265318404155407,0,"vSMC/Pericyte","Other spots"
"Tumour 1",0.106681268772789,0,"vSMC/Pericyte","Other spots"
"Tumour 1",0.0315921785511667,0,"Tumor cells","Tumor spots"
"Tumour 1",0.183628948199736,0.211250846481818,"vSMC/Pericyte","Other spots"
"Tumour 1",0.0931493304239486,0,"vSMC/Pericyte","Other spots"
"Tumour 1",0.0149616000270208,0,"Tumor cells","Tumor spots"
"Tumour 1",0.175606933542781,0,"Tumor cells","Tumor spots"
"Tumour 1",0.0184544956686037,0,"vSMC/Pericyte","Other spots"
"Tumour 1",0.185195079659502,0.32856163270395,"Tumor cells","Tumor spots"
"Tumour 1",-0.0814007191216833,0,"Tumor cells","Tumor spots"
"Tumour 1",0.0319710937925095,0.461312860216746,"Tumor cells","Tumor spots"
"Tumour 1",0.117975436139543,0,"vSMC/Pericyte","Other spots"
"Tumour 1",-0.181520961008112,0,"vSMC/Pericyte","Other spots"
"Tumour 1",-0.0770393216573417,0,"vSMC/Pericyte","Other spots"
"Tumour 1",-0.0651940879687034,0.407205985682079,"Tumor cells","Tumor spots"
"Tumour 1",0.0944818129441967,0,"Macrophages","Other spots"
"Tumour 1",0.00187405024597709,0.335072425310232,"vSMC/Pericyte","Other spots"
"Tumour 1",-0.158774554832611,0,"Tumor cells","Tumor spots"
"Tumour 1",-0.179302560540306,0,"B/Plasma/Mast","Other spots"
"Tumour 1",0.0932576002925464,0,"vSMC/Pericyte","Other spots"
"Tumour 1",-0.0647162612266347,0,"B/Plasma/Mast","Other spots"
"Tumour 1",-0.00421813803999388,0.38706811908785,"Tumor cells","Tumor spots"
"Tumour 1",-0.0182884217506929,0,"vSMC/Pericyte","Other spots"
"Tumour 1",-0.0972869355059357,0,"vSMC/Pericyte","Other spots"
"Tumour 1",0.0165710505975369,0,"vSMC/Pericyte","Other spots"
"Tumour 1",0.0361004169173691,0,"vSMC/Pericyte","Other spots"
"Tumour 1",-0.0236089406318281,0.615369479517261,"vSMC/Pericyte","Other spots"
"Tumour 1",0.0109165266257841,0,"B/Plasma/Mast","Other spots"
"Tumour 1",-0.0696037225840182,0.623429345965667,"Tumor cells","Tumor spots"
"Tumour 1",0.0234997469747463,0,"B/Plasma/Mast","Other spots"
"Tumour 1",0.0444106402639224,0,"B/Plasma/Mast","Other spots"
"Tumour 1",0.183139088243587,0,"vSMC/Pericyte","Other spots"
"Tumour 1",0.067443288915738,0.296957092266373,"vSMC/Pericyte","Other spots"
"Tumour 1",-0.0426915924367885,0,"vSMC/Pericyte","Other spots"
"Tumour 1",0.0629758258357938,0,"B/Plasma/Mast","Other spots"
"Tumour 1",0.02139615617513,0.753665935591985,"vSMC/Pericyte","Other spots"
"Tumour 1",0.180784880187624,0,"vSMC/Pericyte","Other spots"
"Tumour 1",-0.131673352227505,0.757416635144406,"vSMC/Pericyte","Other spots"
"Tumour 1",0.154851441381588,0,"Tumor cells","Tumor spots"
"Tumour 1",0.0624600447793625,0,"vSMC/Pericyte","Other spots"
"Tumour 1",-0.136173579667857,0,"vSMC/Pericyte","Other spots"
"Tumour 1",0.109705591219986,0,"B/Plasma/Mast","Other spots"
"Tumour 1",0.0987930222885306,0.569743340884827,"vSMC/Pericyte","Other spots"
"Tumour 1",-0.0286945323168261,0.85402057478208,"vSMC/Pericyte","Other spots"
"Tumour 1",0.153734269759426,0.345281987781882,"vSMC/Pericyte","Other spots"
"Tumour 1",-0.0478007051323185,0.692722451318448,"Tumor cells","Tumor spots"
"Tumour 1",-0.191951094122872,0,"B/Plasma/Mast","Other spots"
"Tumour 1",-0.0331386865015093,0,"B/Plasma/Mast","Other spots"
"Tumour 1",0.0709973219363802,0,"vSMC/Pericyte","Other spots"
"Tumour 1",0.089253787088406,0.283494358486021,"vSMC/Pericyte","Other spots"
"Tumour 1",-0.0334939970661804,0,"vSMC/Pericyte","Other spots"
"Tumour 1",-0.0390336891153087,0,"Tumor cells","Tumor spots"
"Tumour 1",-0.0514828276343667,0,"B/Plasma/Mast","Other spots"
"Tumour 1",0.0272174652874109,0,"vSMC/Pericyte","Other spots"
"Tumour 1",0.0484723911422635,0,"Tumor cells","Tumor spots"
"Tumour 1",-0.0701380422425733,0.534043543603838,"vSMC/Pericyte","Other spots"
"Tumour 1",-0.00627088476760501,0,"vSMC/Pericyte","Other spots"
"Tumour 1",0.053465048349416,0.495634639981253,"vSMC/Pericyte","Other spots"
"Tumour 1",-0.084209147834884,0.532239122726673,"vSMC/Pericyte","Other spots"
"Tumour 1",0.080113273109697,0.390465829511845,"B/Plasma/Mast","Other spots"
"Tumour 1",-0.100230112763025,0,"B/Plasma/Mast","Other spots"
"Tumour 1",-0.000423584721168546,0.339878116493834,"vSMC/Pericyte","Other spots"
"Tumour 1",-0.0177879047392556,0.279168492766179,"vSMC/Pericyte","Other spots"
"Tumour 1",0.0653079548700052,0,"vSMC/Pericyte","Other spots"
"Tumour 1",0.112962603273693,0,"vSMC/Pericyte","Other spots"
"Tumour 1",-0.0652851513450425,0.647711293392035,"vSMC/Pericyte","Other spots"
"Tumour 1",-0.0783088815367948,0.386992283313193,"Tumor cells","Tumor spots"
"Tumour 1",-0.192521584961777,0,"vSMC/Pericyte","Other spots"
"Tumour 1",-0.0409119178970438,0,"vSMC/Pericyte","Other spots"
"Tumour 1",0.127594147292163,0.352587124379565,"Tumor cells","Tumor spots"
"Tumour 1",0.118112488577192,0,"vSMC/Pericyte","Other spots"
"Tumour 1",0.136129894117403,0.773091183508586,"Tumor cells","Tumor spots"
"Tumour 1",0.0241978694531637,0,"Tumor cells","Tumor spots"
"Tumour 1",0.0697807119565208,0,"vSMC/Pericyte","Other spots"
"Tumour 1",-0.0723906672231798,0,"T cells","Other spots"
"Tumour 1",0.121950022665052,0,"vSMC/Pericyte","Other spots"
"Tumour 1",0.0140903365532183,0.334959136069728,"Tumor cells","Tumor spots"
"Tumour 1",-0.173463131325505,0,"vSMC/Pericyte","Other spots"
"Tumour 1",-0.178395731220765,0,"Tumor cells","Tumor spots"
"Tumour 1",0.17455477213306,0.403128832657543,"vSMC/Pericyte","Other spots"
"Tumour 1",-0.0646480918353115,0,"vSMC/Pericyte","Other spots"
"Tumour 1",0.0548904164848725,0.27923910900807,"vSMC/Pericyte","Other spots"
"Tumour 1",-0.109765103021648,0,"vSMC/Pericyte","Other spots"
"Tumour 1",0.0144204902541811,0.38805672969975,"Tumor cells","Tumor spots"
"Tumour 1",0.193726948137174,0,"vSMC/Pericyte","Other spots"
"Tumour 1",0.0761111224116284,0,"vSMC/Pericyte","Other spots"
"Tumour 1",0.0810609876178421,0,"vSMC/Pericyte","Other spots"
"Tumour 1",-0.147662804415937,0.501560482110828,"Tumor cells","Tumor spots"
"Tumour 1",0.167372413667741,0,"T cells","Other spots"
"Tumour 1",0.119784141642082,0,"vSMC/Pericyte","Other spots"
"Tumour 1",0.0113911984736894,0.75862191181739,"vSMC/Pericyte","Other spots"
"Tumour 1",0.0903598088218497,0.546880761353355,"Tumor cells","Tumor spots"
"Tumour 1",-0.116596987448525,0,"vSMC/Pericyte","Other spots"
"Tumour 1",0.0633507703404039,0.575273742833001,"Tumor cells","Tumor spots"
"Tumour 1",0.0566523350963913,0,"Tumor cells","Tumor spots"
"Tumour 1",-0.0550037104139815,0.360054136797794,"vSMC/Pericyte","Other spots"
"Tumour 1",-0.0209403692699718,0.859624752341298,"vSMC/Pericyte","Other spots"
"Tumour 1",-0.0820841465035053,0,"Tumor cells","Tumor spots"
"Tumour 1",-0.103333800602791,0.525624641865088,"Tumor cells","Tumor spots"
"Tumour 1",0.0392072674333678,0.430207543630468,"Tumor cells","Tumor spots"
"Tumour 1",-0.163803475108838,0,"vSMC/Pericyte","Other spots"
"Tumour 1",-0.164850530970124,0,"vSMC/Pericyte","Other spots"
"Tumour 1",-0.00490637306159614,0,"B/Plasma/Mast","Other spots"
"Tumour 1",0.0880099169161307,0.420941916643318,"vSMC/Pericyte","Other spots"
"Tumour 1",-0.133741811353152,0,"vSMC/Pericyte","Other spots"
"Tumour 1",0.0328919612956248,0.444507842411753,"Tumor cells","Tumor spots"
"Tumour 1",-0.0403853216346361,0.746630084880091,"Tumor cells","Tumor spots"
"Tumour 1",0.0608367404519706,0.61164913322561,"Tumor cells","Tumor spots"
"Tumour 1",0.0303264169338049,0.719176652295404,"Tumor cells","Tumor spots"
"Tumour 1",-0.154867754164233,0,"B/Plasma/Mast","Other spots"
"Tumour 1",0.226182335094937,0,"vSMC/Pericyte","Other spots"
"Tumour 1",-0.195219795979155,0,"vSMC/Pericyte","Other spots"
"Tumour 1",-0.0140228025206493,0,"vSMC/Pericyte","Other spots"
"Tumour 1",-0.0921644230554227,0,"Tumor cells","Tumor spots"
"Tumour 1",0.118654835144435,0.551816387872423,"Tumor cells","Tumor spots"
"Tumour 1",0.0221926677767867,0.792846540783033,"Tumor cells","Tumor spots"
"Tumour 1",-0.123930970502315,0.347878305553991,"Tumor cells","Tumor spots"
"Tumour 1",-0.00464341197591825,0,"vSMC/Pericyte","Other spots"
"Tumour 1",-0.116619225037709,0,"B/Plasma/Mast","Other spots"
"Tumour 1",-0.00483192637251317,0.606495872328387,"vSMC/Pericyte","Other spots"
"Tumour 1",0.0126459758184238,0,"T cells","Other spots"
"Tumour 1",0.314565116351053,0,"B/Plasma/Mast","Other spots"
"Tumour 1",-0.127412941164631,0,"vSMC/Pericyte","Other spots"
"Tumour 1",-0.0378197671759234,1.08525946250233,"vSMC/Pericyte","Other spots"
"Tumour 1",-0.0632136112939069,0.353455997805038,"vSMC/Pericyte","Other spots"
"Tumour 1",-0.0622041832915997,0,"vSMC/Pericyte","Other spots"
"Tumour 1",0.165941487031534,0.431224914579607,"Tumor cells","Tumor spots"
"Tumour 1",-0.0949627292530862,0,"vSMC/Pericyte","Other spots"
"Tumour 1",0.167347130945749,0,"vSMC/Pericyte","Other spots"
"Tumour 1",0.0259670324331375,0,"vSMC/Pericyte","Other spots"
"Tumour 1",-0.073901951099113,0,"vSMC/Pericyte","Other spots"
"Tumour 1",0.0317682255947371,0,"vSMC/Pericyte","Other spots"
"Tumour 1",0.201445947969954,0.495509310393648,"vSMC/Pericyte","Other spots"
"Tumour 1",0.0352158592928107,0,"T cells","Other spots"
"Tumour 1",0.0304636967460786,0,"T cells","Other spots"
"Tumour 1",0.128056670295545,0,"B/Plasma/Mast","Other spots"
"Tumour 1",0.0581839452575712,0,"vSMC/Pericyte","Other spots"
"Tumour 1",-0.0137024508272831,0.341589622494419,"Tumor cells","Tumor spots"
"Tumour 1",-0.0931295602080111,0.172186441237929,"Tumor cells","Tumor spots"
"Tumour 1",0.128041969798982,0.326612673791112,"T cells","Other spots"
"Tumour 1",-0.0592675484317722,0.20329457383772,"Tumor cells","Tumor spots"
"Tumour 1",-0.237693425931255,0,"B/Plasma/Mast","Other spots"
"Tumour 1",-0.161824946391678,0,"vSMC/Pericyte","Other spots"
"Tumour 1",0.0774870526558395,0,"vSMC/Pericyte","Other spots"
"Tumour 1",-0.203134418737438,0.604022212397301,"vSMC/Pericyte","Other spots"
"Tumour 1",-0.0848309799191351,0.792725151105024,"Tumor cells","Tumor spots"
"Tumour 1",-0.0936647874227887,0,"B/Plasma/Mast","Other spots"
"Tumour 1",0.00851705386111173,0,"B/Plasma/Mast","Other spots"
"Tumour 1",0.11078699342119,0,"vSMC/Pericyte","Other spots"
"Tumour 1",-0.157804117688494,0,"T cells","Other spots"
"Tumour 1",-0.0286157654885764,0,"vSMC/Pericyte","Other spots"
"Tumour 1",0.00196513623194844,0.493848555703448,"Tumor cells","Tumor spots"
"Tumour 1",0.121617949177548,0,"Tumor cells","Tumor spots"
"Tumour 1",-0.0903043307458899,0,"B/Plasma/Mast","Other spots"
"Tumour 1",-0.0198767321255316,0,"vSMC/Pericyte","Other spots"
"Tumour 1",-0.102967013130779,0,"vSMC/Pericyte","Other spots"
"Tumour 1",-0.0544988233921563,0,"vSMC/Pericyte","Other spots"
"Tumour 1",-0.11653725559066,0,"vSMC/Pericyte","Other spots"
"Tumour 1",-0.0217070764565275,0,"B/Plasma/Mast","Other spots"
"Tumour 1",0.00117880716784163,0,"T cells","Other spots"
"Tumour 1",-0.0221587521360657,0,"B/Plasma/Mast","Other spots"
"Tumour 1",-0.0751017338959837,0,"vSMC/Pericyte","Other spots"
"Tumour 1",-0.0187226229357573,0,"vSMC/Pericyte","Other spots"
"Tumour 1",-0.0419240412110152,0,"B/Plasma/Mast","Other spots"
"Tumour 1",0.0709858436900847,0,"B/Plasma/Mast","Other spots"
"Tumour 1",-0.0749360868666757,0,"vSMC/Pericyte","Other spots"
"Tumour 1",-0.0308136382754103,0.409080836243263,"Tumor cells","Tumor spots"
"Tumour 1",-0.179954690463873,0,"vSMC/Pericyte","Other spots"
"Tumour 1",0.147409917699719,0,"vSMC/Pericyte","Other spots"
"Tumour 1",0.0230422430632433,0,"vSMC/Pericyte","Other spots"
"Tumour 1",-0.0734630491752354,0.635215882387002,"Tumor cells","Tumor spots"
"Tumour 1",0.0244111604061513,0,"B/Plasma/Mast","Other spots"
"Tumour 1",0.0142948871744704,0.241446809854065,"Tumor cells","Tumor spots"
"Tumour 1",-0.0329318876758579,0,"vSMC/Pericyte","Other spots"
"Tumour 1",0.213745374946439,0,"vSMC/Pericyte","Other spots"
"Tumour 1",0.0148578935033163,1.0453303103343,"Tumor cells","Tumor spots"
"Tumour 1",-0.0445910610850933,0,"B/Plasma/Mast","Other spots"
"Tumour 1",0.18654416182088,0,"vSMC/Pericyte","Other spots"
"Tumour 1",-0.0733752202203044,0,"B/Plasma/Mast","Other spots"
"Tumour 1",0.0515521425014214,0,"vSMC/Pericyte","Other spots"
"Tumour 1",-0.0497267076071675,0.42218642491141,"Tumor cells","Tumor spots"
"Tumour 1",-0.00503964626792441,0.338310894919024,"Tumor cells","Tumor spots"
"Tumour 1",-0.0111191830632286,0.843607026392704,"Tumor cells","Tumor spots"
"Tumour 1",-0.0229662104350458,0,"vSMC/Pericyte","Other spots"
"Tumour 1",0.125968567170835,0,"Tumor cells","Tumor spots"
"Tumour 1",0.0132352598142655,0,"Tumor cells","Tumor spots"
"Tumour 1",-0.0839058093618698,0,"vSMC/Pericyte","Other spots"
"Tumour 1",-0.00246747622265742,0.17284580780009,"vSMC/Pericyte","Other spots"
"Tumour 1",0.145566486117524,0,"vSMC/Pericyte","Other spots"
"Tumour 1",0.0553373030884217,0.349425508785907,"Tumor cells","Tumor spots"
"Tumour 1",0.0570477925430882,0,"vSMC/Pericyte","Other spots"
"Tumour 1",-0.045107989192471,0,"B/Plasma/Mast","Other spots"
"Tumour 1",-0.0767450401824847,0,"vSMC/Pericyte","Other spots"
"Tumour 1",-0.0287544864270721,0,"vSMC/Pericyte","Other spots"
"Tumour 1",0.0415558954339293,0,"B/Plasma/Mast","Other spots"
"Tumour 1",-0.126307203070144,0,"vSMC/Pericyte","Other spots"
"Tumour 1",-0.0276281606659771,0,"vSMC/Pericyte","Other spots"
"Tumour 1",0.00847856112230477,0.326118343117042,"vSMC/Pericyte","Other spots"
"Tumour 1",0.051116339510051,0,"B/Plasma/Mast","Other spots"
"Tumour 1",0.0249975498241251,0,"vSMC/Pericyte","Other spots"
"Tumour 1",0.123017498282117,0,"vSMC/Pericyte","Other spots"
"Tumour 1",0.0574610029785884,0,"Tumor cells","Tumor spots"
"Tumour 1",-0.0745283879841546,0,"vSMC/Pericyte","Other spots"
"Tumour 1",0.247758091379825,0,"vSMC/Pericyte","Other spots"
"Tumour 1",0.0229184504831993,0,"vSMC/Pericyte","Other spots"
"Tumour 1",0.0228491980757881,0.554484156180658,"Tumor cells","Tumor spots"
"Tumour 1",0.152587892140581,0,"vSMC/Pericyte","Other spots"
"Tumour 1",-0.129089886041997,0,"Tumor cells","Tumor spots"
"Tumour 1",0.116978909232494,0.58393721240309,"Tumor cells","Tumor spots"
"Tumour 1",-0.00638747572268,0.254419182394797,"Tumor cells","Tumor spots"
"Tumour 1",0.0117559897375968,0,"vSMC/Pericyte","Other spots"
"Tumour 1",0.0357908154333782,0.513573983184661,"Tumor cells","Tumor spots"
"Tumour 1",-0.0180095901032127,0.395486964054914,"vSMC/Pericyte","Other spots"
"Tumour 1",-0.0248590913127356,0,"B/Plasma/Mast","Other spots"
"Tumour 1",0.0893091215329643,0,"vSMC/Pericyte","Other spots"
"Tumour 1",-0.11938786676302,0,"vSMC/Pericyte","Other spots"
"Tumour 1",0.089261142120006,0,"vSMC/Pericyte","Other spots"
"Tumour 1",0.0857350686184363,0.623991852732778,"Tumor cells","Tumor spots"
"Tumour 1",0.0442003112101776,0,"vSMC/Pericyte","Other spots"
"Tumour 1",0.112958348325249,0.298044859487328,"Tumor cells","Tumor spots"
"Tumour 1",-0.149355303909468,0,"vSMC/Pericyte","Other spots"
"Tumour 1",-0.140967862926962,0,"vSMC/Pericyte","Other spots"
"Tumour 1",0.0359934846032159,0,"vSMC/Pericyte","Other spots"
"Tumour 1",0.107312459213606,0.308371387020503,"vSMC/Pericyte","Other spots"
"Tumour 1",0.0688656613219874,0.690805434142162,"Tumor cells","Tumor spots"
"Tumour 1",0.00142885950126936,0,"vSMC/Pericyte","Other spots"
"Tumour 1",0.233329724400422,0,"vSMC/Pericyte","Other spots"
"Tumour 1",0.0178106338941243,0,"vSMC/Pericyte","Other spots"
"Tumour 1",-0.0270459962926376,0,"vSMC/Pericyte","Other spots"
"Tumour 1",-0.0864392719265086,0,"vSMC/Pericyte","Other spots"
"Tumour 1",0.252547031397338,0,"vSMC/Pericyte","Other spots"
"Tumour 1",-0.0598548950490746,0,"B/Plasma/Mast","Other spots"
"Tumour 1",0.186645941675594,0.968127126265858,"Tumor cells","Tumor spots"
"Tumour 1",0.0284053589281133,0,"Tumor cells","Tumor spots"
"Tumour 1",0.0234536767266207,0,"B/Plasma/Mast","Other spots"
"Tumour 1",-0.041683422328931,0,"vSMC/Pericyte","Other spots"
"Tumour 1",0.0523632650534368,0,"vSMC/Pericyte","Other spots"
"Tumour 1",0.165691926827223,0,"vSMC/Pericyte","Other spots"
"Tumour 1",0.0176845087279849,0,"vSMC/Pericyte","Other spots"
"Tumour 1",0.0702602569044896,0,"vSMC/Pericyte","Other spots"
"Tumour 1",-0.110242630016879,0.596028333547641,"Tumor cells","Tumor spots"
"Tumour 1",-0.00616116742342346,0,"vSMC/Pericyte","Other spots"
"Tumour 1",-0.0156853926095055,0,"vSMC/Pericyte","Other spots"
"Tumour 1",0.189982324738321,1.29148201279176,"vSMC/Pericyte","Other spots"
"Tumour 1",0.0863969322123151,0,"Tumor cells","Tumor spots"
"Tumour 1",0.0278645699363606,0.71098760752952,"Tumor cells","Tumor spots"
"Tumour 1",-0.039509168457153,0,"vSMC/Pericyte","Other spots"
"Tumour 1",-0.0264687142756241,1.12002878935196,"Tumor cells","Tumor spots"
"Tumour 1",0.0947324851615766,0,"Tumor cells","Tumor spots"
"Tumour 1",0.0742203520074294,0.261696746114723,"vSMC/Pericyte","Other spots"
"Tumour 1",-0.168294229731407,0,"vSMC/Pericyte","Other spots"
"Tumour 1",0.149090242649653,0.699278067294108,"Tumor cells","Tumor spots"
"Tumour 1",-0.0203152554589474,0,"vSMC/Pericyte","Other spots"
"Tumour 1",0.0454204155284996,0.628550331678766,"T cells","Other spots"
"Tumour 1",-0.219168191509946,0,"B/Plasma/Mast","Other spots"
"Tumour 1",0.0228964933285834,0.89450783711595,"vSMC/Pericyte","Other spots"
"Tumour 1",-0.11430893817313,0,"B/Plasma/Mast","Other spots"
"Tumour 1",0.0985274643030467,0,"vSMC/Pericyte","Other spots"
"Tumour 1",-0.0174186677427748,0.430659106081449,"vSMC/Pericyte","Other spots"
"Tumour 1",0.0597937394094578,0,"vSMC/Pericyte","Other spots"
"Tumour 1",-0.0325530683349492,0,"vSMC/Pericyte","Other spots"
"Tumour 1",0.0632322026409565,0,"Tumor cells","Tumor spots"
"Tumour 1",-0.119175869514202,0.735103447589223,"vSMC/Pericyte","Other spots"
"Tumour 1",-0.019913128688139,0.790513893862339,"Tumor cells","Tumor spots"
"Tumour 1",0.135837695158161,0,"B/Plasma/Mast","Other spots"
"Tumour 1",-0.176341377563693,0,"vSMC/Pericyte","Other spots"
"Tumour 1",-0.129182934960489,0,"B/Plasma/Mast","Other spots"
"Tumour 1",0.0260659738078861,0.471621783022343,"Tumor cells","Tumor spots"
"Tumour 1",-0.00878758468690821,0.364472083620599,"Tumor cells","Tumor spots"
"Tumour 1",0.0899904641640161,0.248266333800834,"Tumor cells","Tumor spots"
"Tumour 1",0.293409894578348,0.429588212914599,"vSMC/Pericyte","Other spots"
"Tumour 1",0.0618942768241596,0.830489906272232,"vSMC/Pericyte","Other spots"
"Tumour 1",-0.128489357986433,0,"vSMC/Pericyte","Other spots"
"Tumour 1",0.0330089600816388,0,"Tumor cells","Tumor spots"
"Tumour 1",0.0598422642826447,0,"B/Plasma/Mast","Other spots"
"Tumour 1",-0.00124827885037504,0.210207881219224,"T cells","Other spots"
"Tumour 1",0.147173079379772,0,"B/Plasma/Mast","Other spots"
"Tumour 1",0.226929061208039,0,"vSMC/Pericyte","Other spots"
"Tumour 1",0.0407400446683366,0,"vSMC/Pericyte","Other spots"
"Tumour 1",-0.0560993390889423,0,"B/Plasma/Mast","Other spots"
"Tumour 1",-0.109506335701387,0,"vSMC/Pericyte","Other spots"
"Tumour 1",0.022243057768591,0,"B/Plasma/Mast","Other spots"
"Tumour 1",0.0369008868291734,0,"vSMC/Pericyte","Other spots"
"Tumour 1",0.0421786430350337,1.23173906870366,"B/Plasma/Mast","Other spots"
"Tumour 1",0.0538806813774216,0.674224381703477,"vSMC/Pericyte","Other spots"
"Tumour 1",0.0591352193919403,0.772317418191703,"Tumor cells","Tumor spots"
"Tumour 1",0.146265765389797,0,"vSMC/Pericyte","Other spots"
"Tumour 1",-0.0270679427580311,0.870344147873255,"vSMC/Pericyte","Other spots"
"Tumour 1",0.0192941556111783,0,"B/Plasma/Mast","Other spots"
"Tumour 1",0.024919693101059,0.575573250733757,"vSMC/Pericyte","Other spots"
"Tumour 1",0.223571590145336,0,"vSMC/Pericyte","Other spots"
"Tumour 1",-0.154101311131176,0,"vSMC/Pericyte","Other spots"
"Tumour 1",0.0375992831930093,0,"T cells","Other spots"
"Tumour 1",0.0462283064931185,0.439818318779169,"Tumor cells","Tumor spots"
"Tumour 1",-0.0843961582891042,0.355296066160745,"vSMC/Pericyte","Other spots"
"Tumour 1",0.0127870393018032,0.595717492340087,"Tumor cells","Tumor spots"
"Tumour 1",-0.00729601086904624,0.238764813558008,"Tumor cells","Tumor spots"
"Tumour 1",0.275387550648973,0,"vSMC/Pericyte","Other spots"
"Tumour 1",0.0901079060502338,0,"vSMC/Pericyte","Other spots"
"Tumour 1",0.094418105960294,0,"Macrophages","Other spots"
"Tumour 1",0.0496058165495544,0,"vSMC/Pericyte","Other spots"
"Tumour 1",0.169552490304781,0,"vSMC/Pericyte","Other spots"
"Tumour 1",0.0130311810345308,0,"T cells","Other spots"
"Tumour 1",-0.0884833337132724,0,"vSMC/Pericyte","Other spots"
"Tumour 1",-0.0230664926371127,0,"B/Plasma/Mast","Other spots"
"Tumour 1",0.0083479760262489,0,"vSMC/Pericyte","Other spots"
"Tumour 1",0.186834860112886,0,"Tumor cells","Tumor spots"
"Tumour 1",-0.0131299990148679,0.609698926956072,"vSMC/Pericyte","Other spots"
"Tumour 1",-0.0604027127401908,0,"vSMC/Pericyte","Other spots"
"Tumour 1",-0.151645734912121,0,"Tumor cells","Tumor spots"
"Tumour 1",-0.0434056973718968,0,"vSMC/Pericyte","Other spots"
"Tumour 1",0.0264159213010411,0,"vSMC/Pericyte","Other spots"
"Tumour 1",-0.125209207581043,0,"vSMC/Pericyte","Other spots"
"Tumour 1",-0.0156900676453126,0,"vSMC/Pericyte","Other spots"
"Tumour 1",0.0398794801299122,0,"B/Plasma/Mast","Other spots"
"Tumour 1",-0.156448820879268,0,"B/Plasma/Mast","Other spots"
"Tumour 1",0.0651436171830724,0,"vSMC/Pericyte","Other spots"
"Tumour 1",-0.106738652703812,0,"Tumor cells","Tumor spots"
"Tumour 1",-0.0120146956634326,0,"Tumor cells","Tumor spots"
"Tumour 1",-0.100948131846267,0.716970161154441,"Tumor cells","Tumor spots"
"Tumour 1",0.118723028920498,0.894764397626127,"B/Plasma/Mast","Other spots"
"Tumour 1",0.0405998592857897,0.249442830638386,"Tumor cells","Tumor spots"
"Tumour 1",0.00937478268961478,0.566033293266282,"vSMC/Pericyte","Other spots"
"Tumour 1",-0.037817660120746,0,"vSMC/Pericyte","Other spots"
"Tumour 1",0.0295195454500874,0.344585040275598,"Tumor cells","Tumor spots"
"Tumour 1",0.191281301838095,0,"vSMC/Pericyte","Other spots"
"Tumour 1",0.0606365556786026,0,"vSMC/Pericyte","Other spots"
"Tumour 1",-0.0163119801478109,0,"vSMC/Pericyte","Other spots"
"Tumour 1",0.0213799455465705,0,"B/Plasma/Mast","Other spots"
"Tumour 1",-0.11046906476515,0,"vSMC/Pericyte","Other spots"
"Tumour 1",0.166962249144461,0,"vSMC/Pericyte","Other spots"
"Tumour 1",-0.170347123854467,0,"Tumor cells","Tumor spots"
"Tumour 1",0.0994588051153182,0,"vSMC/Pericyte","Other spots"
"Tumour 1",0.040028987290419,0,"B/Plasma/Mast","Other spots"
"Tumour 1",0.0797622291926678,0,"vSMC/Pericyte","Other spots"
"Tumour 1",0.00386872272444461,0.31773604767455,"Tumor cells","Tumor spots"
"Tumour 1",0.231053956302787,0,"Tumor cells","Tumor spots"
"Tumour 1",0.109546271711525,0,"B/Plasma/Mast","Other spots"
"Tumour 1",-0.00176393828539431,0,"vSMC/Pericyte","Other spots"
"Tumour 1",-0.152579445147554,0,"vSMC/Pericyte","Other spots"
"Tumour 1",0.0338988451569475,0.52075921012017,"Tumor cells","Tumor spots"
"Tumour 1",0.0549307683887648,0.359456699043428,"Tumor cells","Tumor spots"
"Tumour 1",-0.0812161098739834,0,"vSMC/Pericyte","Other spots"
"Tumour 1",0.0163106093549654,0.463037842620791,"vSMC/Pericyte","Other spots"
"Tumour 1",-0.264132606216493,0,"vSMC/Pericyte","Other spots"
"Tumour 1",0.064831529150411,0,"vSMC/Pericyte","Other spots"
"Tumour 1",0.0808566071214359,0,"Tumor cells","Tumor spots"
"Tumour 1",-0.00919470334369676,0,"vSMC/Pericyte","Other spots"
"Tumour 1",-0.0281096921572335,0.176744679535216,"Tumor cells","Tumor spots"
"Tumour 1",0.0879668342021045,0.636267760252644,"Tumor cells","Tumor spots"
"Tumour 1",-0.0370169404241569,0,"vSMC/Pericyte","Other spots"
"Tumour 1",-0.0909505674641629,0.421644417988669,"vSMC/Pericyte","Other spots"
"Tumour 1",0.0115246320808483,0,"T cells","Other spots"
"Tumour 1",0.0321038633577764,0,"B/Plasma/Mast","Other spots"
"Tumour 1",0.195396532504965,0.784054264581527,"vSMC/Pericyte","Other spots"
"Tumour 1",0.00122592421535939,0,"Tumor cells","Tumor spots"
"Tumour 1",-0.0925646131983683,0,"B/Plasma/Mast","Other spots"
"Tumour 1",0.0512648178860453,0,"T cells","Other spots"
"Tumour 1",-0.123376158320385,0,"vSMC/Pericyte","Other spots"
"Tumour 1",0.0727881823603064,0,"B/Plasma/Mast","Other spots"
"Tumour 1",0.0513586507833987,0.519553182103259,"Tumor cells","Tumor spots"
"Tumour 1",-0.126174992900111,0,"Endothelial","Other spots"
"Tumour 1",-0.0250438381480154,0,"vSMC/Pericyte","Other spots"
"Tumour 1",0.141236664182883,0,"vSMC/Pericyte","Other spots"
"Tumour 1",0.0295668471121552,0,"vSMC/Pericyte","Other spots"
"Tumour 1",-0.00387708660799352,0,"B/Plasma/Mast","Other spots"
"Tumour 1",0.110504873192407,0.447372027209283,"Tumor cells","Tumor spots"
"Tumour 1",-0.049358641190998,0,"vSMC/Pericyte","Other spots"
"Tumour 1",0.0333453473857681,0,"vSMC/Pericyte","Other spots"
"Tumour 1",0.117198779079407,0.435343741244499,"Tumor cells","Tumor spots"
"Tumour 1",-0.0458166094526341,0,"vSMC/Pericyte","Other spots"
"Tumour 1",-0.0129042744722777,0,"vSMC/Pericyte","Other spots"
"Tumour 1",-0.0150680685197149,0.343568769508027,"vSMC/Pericyte","Other spots"
"Tumour 1",0.226605181246674,0,"vSMC/Pericyte","Other spots"
"Tumour 1",0.16041205564454,0,"Endothelial","Other spots"
"Tumour 1",-0.0766937927586609,0,"B/Plasma/Mast","Other spots"
"Tumour 1",0.071821149850368,0,"vSMC/Pericyte","Other spots"
"Tumour 1",0.104264146681661,0,"vSMC/Pericyte","Other spots"
"Tumour 1",0.0586668241697304,0,"vSMC/Pericyte","Other spots"
"Tumour 1",-0.00504445838224882,0,"vSMC/Pericyte","Other spots"
"Tumour 1",0.0158738493202752,0,"Tumor cells","Tumor spots"
"Tumour 1",-0.064636354687638,0.520918750419039,"vSMC/Pericyte","Other spots"
"Tumour 1",-0.00718469496810367,0,"vSMC/Pericyte","Other spots"
"Tumour 1",0.185098359690756,0,"vSMC/Pericyte","Other spots"
"Tumour 1",0.044326209167804,0,"vSMC/Pericyte","Other spots"
"Tumour 1",0.0487708188016478,0,"vSMC/Pericyte","Other spots"
"Tumour 1",-0.00954550744506383,0.18638715024288,"Tumor cells","Tumor spots"
"Tumour 1",0.174776997904043,0.492731164839397,"vSMC/Pericyte","Other spots"
"Tumour 1",-0.020042534502921,0.384371809483817,"Tumor cells","Tumor spots"
"Tumour 1",-0.163925532604404,0.922333046330118,"T cells","Other spots"
"Tumour 1",0.110630774934704,0.651601518045349,"Tumor cells","Tumor spots"
"Tumour 1",0.0946171937812169,0,"vSMC/Pericyte","Other spots"
"Tumour 1",0.0148194758076944,0,"vSMC/Pericyte","Other spots"
"Tumour 1",0.0793803789172061,0,"Tumor cells","Tumor spots"
"Tumour 1",0.0939935774188903,0,"vSMC/Pericyte","Other spots"
"Tumour 1",0.2456768573615,0.463627915160754,"vSMC/Pericyte","Other spots"
"Tumour 1",0.0509240085340067,0.538431631425448,"Tumor cells","Tumor spots"
"Tumour 1",-0.0472254866720256,0,"vSMC/Pericyte","Other spots"
"Tumour 1",-0.0524009489083873,0.270483208588075,"Tumor cells","Tumor spots"
"Tumour 1",-0.201929453627175,0,"vSMC/Pericyte","Other spots"
"Tumour 1",-0.0217393615160225,0,"Tumor cells","Tumor spots"
"Tumour 1",-0.0986110421710698,0.356627807377679,"vSMC/Pericyte","Other spots"
"Tumour 1",0.0956326892157524,0,"vSMC/Pericyte","Other spots"
"Tumour 1",0.0735792678881435,0.793465131394173,"Tumor cells","Tumor spots"
"Tumour 1",-0.0226414022786083,0.687618400779757,"Tumor cells","Tumor spots"
"Tumour 1",0.117449195787173,1.09054452899777,"vSMC/Pericyte","Other spots"
"Tumour 1",0.0143690338545139,0.396455964780128,"vSMC/Pericyte","Other spots"
"Tumour 1",0.0881727787121874,0,"vSMC/Pericyte","Other spots"
"Tumour 1",0.00418308569272391,0,"vSMC/Pericyte","Other spots"
"Tumour 1",0.0488375781705294,0.396471890115633,"vSMC/Pericyte","Other spots"
"Tumour 1",0.104851139621207,0,"vSMC/Pericyte","Other spots"
"Tumour 1",0.0338530870731622,0.399553760845107,"Tumor cells","Tumor spots"
"Tumour 1",0.116380625938683,0,"vSMC/Pericyte","Other spots"
"Tumour 1",-0.101694452450784,0.44796977768764,"Tumor cells","Tumor spots"
"Tumour 1",0.0405800393793757,0.45319359569419,"Tumor cells","Tumor spots"
"Tumour 1",-0.0253896757611862,0.505478957963474,"Tumor cells","Tumor spots"
"Tumour 1",-0.088046029013874,0,"B/Plasma/Mast","Other spots"
"Tumour 1",0.0753651355581336,0,"vSMC/Pericyte","Other spots"
"Tumour 1",-0.138541478365858,0.368629590074151,"Tumor cells","Tumor spots"
"Tumour 1",0.00827790920089277,0.957732365771288,"vSMC/Pericyte","Other spots"
"Tumour 1",0.0940063454939641,0.446708256257748,"Tumor cells","Tumor spots"
"Tumour 1",-0.0123046390324033,0,"Tumor cells","Tumor spots"
"Tumour 1",-0.00327045648925212,0,"vSMC/Pericyte","Other spots"
"Tumour 1",0.0753497936147295,0,"vSMC/Pericyte","Other spots"
"Tumour 1",0.00260475452927839,0,"Tumor cells","Tumor spots"
"Tumour 1",0.0234434044706673,0.278694726122504,"Tumor cells","Tumor spots"
"Tumour 1",0.0498028884260786,0.532994293679234,"vSMC/Pericyte","Other spots"
"Tumour 1",0.13809881117113,0,"Tumor cells","Tumor spots"
"Tumour 1",0.0930173679484537,0.532907046644539,"Tumor cells","Tumor spots"
"Tumour 1",0.0930377536383327,0,"vSMC/Pericyte","Other spots"
"Tumour 1",-0.0906084430558558,0,"vSMC/Pericyte","Other spots"
"Tumour 1",0.00848946979079518,0,"vSMC/Pericyte","Other spots"
"Tumour 1",0.175472525241219,0,"B/Plasma/Mast","Other spots"
"Tumour 1",0.00904560503673418,0,"vSMC/Pericyte","Other spots"
"Tumour 1",0.10310381375866,0.244502059428077,"Tumor cells","Tumor spots"
"Tumour 1",0.0497936609242494,0,"vSMC/Pericyte","Other spots"
"Tumour 1",-0.0387294435283157,0,"vSMC/Pericyte","Other spots"
"Tumour 1",-0.0272365912884696,0.202111301253966,"Tumor cells","Tumor spots"
"Tumour 1",0.0372574804860481,0,"B/Plasma/Mast","Other spots"
"Tumour 1",0.138617770936294,0,"B/Plasma/Mast","Other spots"
"Tumour 1",-0.0825817561940575,0,"vSMC/Pericyte","Other spots"
"Tumour 1",0.0296150585956534,0.647103718498692,"vSMC/Pericyte","Other spots"
"Tumour 1",-0.0959296392816247,0,"B/Plasma/Mast","Other spots"
"Tumour 1",0.0293071104431834,0,"vSMC/Pericyte","Other spots"
"Tumour 1",-0.0675239854526105,0,"T cells","Other spots"
"Tumour 1",0.0403826187189109,0.678827905282903,"vSMC/Pericyte","Other spots"
"Tumour 1",-0.0245914577966196,0.302601931217904,"Tumor cells","Tumor spots"
"Tumour 1",-0.131768048908474,0,"vSMC/Pericyte","Other spots"
"Tumour 1",0.044112967414435,0.248993322166356,"Tumor cells","Tumor spots"
"Tumour 1",-0.0704093799780887,0,"vSMC/Pericyte","Other spots"
"Tumour 1",0.108687733932035,0.233977257165829,"Tumor cells","Tumor spots"
"Tumour 1",-0.172490767593496,0,"vSMC/Pericyte","Other spots"
"Tumour 1",0.0893612330466542,0.6777126649199,"Tumor cells","Tumor spots"
"Tumour 1",0.141524659902795,0,"vSMC/Pericyte","Other spots"
"Tumour 1",0.100367522486233,0.242938090645685,"Tumor cells","Tumor spots"
"Tumour 1",-0.0316347767015136,0,"B/Plasma/Mast","Other spots"
"Tumour 1",-0.0274639922017785,0.381021359209015,"Tumor cells","Tumor spots"
"Tumour 1",-0.0962280718793254,0,"vSMC/Pericyte","Other spots"
"Tumour 1",-0.0163532421330556,0,"Tumor cells","Tumor spots"
"Tumour 1",-0.00610656134521859,0,"vSMC/Pericyte","Other spots"
"Tumour 1",-0.266557563401687,0,"vSMC/Pericyte","Other spots"
"Tumour 1",-0.0758259261262447,0,"vSMC/Pericyte","Other spots"
"Tumour 1",0.135428726480929,0,"vSMC/Pericyte","Other spots"
"Tumour 1",0.0590057134626959,0,"vSMC/Pericyte","Other spots"
"Tumour 1",0.0643306316380404,0,"vSMC/Pericyte","Other spots"
"Tumour 1",0.00672634345701056,0,"vSMC/Pericyte","Other spots"
"Tumour 1",-0.067561104383668,0,"Tumor cells","Tumor spots"
"Tumour 1",-0.0865967240680282,0.636700700540224,"vSMC/Pericyte","Other spots"
"Tumour 7",-0.263755250465044,0,"Tumor cells","Tumor spots"
"Tumour 7",0.0409425695941039,0,"Tumor cells","Tumor spots"
"Tumour 7",-0.129819667648186,0,"Tumor cells","Tumor spots"
"Tumour 7",0.00180240115714492,0.573503679250642,"vSMC/Pericyte","Other spots"
"Tumour 7",0.0462400360493481,0.597366927068025,"vSMC/Pericyte","Other spots"
"Tumour 7",-0.169556787382993,0.699303530427381,"Tumor cells","Tumor spots"
"Tumour 7",0.0142917493689037,0,"vSMC/Pericyte","Other spots"
"Tumour 7",0.0894714747839278,0,"Tumor cells","Tumor spots"
"Tumour 7",-0.0433862030707968,0,"vSMC/Pericyte","Other spots"
"Tumour 7",-0.164274526251705,0.597845182689093,"vSMC/Pericyte","Other spots"
"Tumour 7",0.127902013102681,0.753051200742025,"vSMC/Pericyte","Other spots"
"Tumour 7",0.127604771595916,0.606742489265075,"Tumor cells","Tumor spots"
"Tumour 7",-0.0114512588104001,0,"vSMC/Pericyte","Other spots"
"Tumour 7",0.012517295334574,0,"Tumor cells","Tumor spots"
"Tumour 7",0.00306819723603224,0,"Tumor cells","Tumor spots"
"Tumour 7",0.0100814665665896,0.427833940815573,"Tumor cells","Tumor spots"
"Tumour 7",-0.22196866780489,0.776942237852032,"Tumor cells","Tumor spots"
"Tumour 7",0.0429491684044955,0.616779617323953,"vSMC/Pericyte","Other spots"
"Tumour 7",-0.0305577438462742,0,"Tumor cells","Tumor spots"
"Tumour 7",0.0640317150879979,0.85039552527634,"vSMC/Pericyte","Other spots"
"Tumour 7",-0.155716323036463,0,"vSMC/Pericyte","Other spots"
"Tumour 7",-0.175158090129263,0,"vSMC/Pericyte","Other spots"
"Tumour 7",-0.0257492216896005,0.586544924532355,"vSMC/Pericyte","Other spots"
"Tumour 7",0.0502958495045126,0.596999573853874,"Tumor cells","Tumor spots"
"Tumour 7",-0.0445315193467072,0,"vSMC/Pericyte","Other spots"
"Tumour 7",-0.249431509588087,0,"Tumor cells","Tumor spots"
"Tumour 7",0.0249382887064042,0,"vSMC/Pericyte","Other spots"
"Tumour 7",-0.052913423885993,0.557928168039676,"Tumor cells","Tumor spots"
"Tumour 7",0.193281863558045,0,"vSMC/Pericyte","Other spots"
"Tumour 7",-0.0838966948736371,0.609564770240166,"Tumor cells","Tumor spots"
"Tumour 7",-0.0515269257237622,0,"vSMC/Pericyte","Other spots"
"Tumour 7",-0.0805718815914659,0.543075494799142,"Tumor cells","Tumor spots"
"Tumour 7",-0.0488255826120558,0,"Tumor cells","Tumor spots"
"Tumour 7",0.0847733934268645,0,"Tumor cells","Tumor spots"
"Tumour 7",-0.104426233206448,1.22575549025645,"Tumor cells","Tumor spots"
"Tumour 7",0.00153806579499371,0,"vSMC/Pericyte","Other spots"
"Tumour 7",-0.101052780955004,0,"vSMC/Pericyte","Other spots"
"Tumour 7",0.0831084628277007,0,"vSMC/Pericyte","Other spots"
"Tumour 7",0.209121544913522,0.705419147592356,"Tumor cells","Tumor spots"
"Tumour 7",-0.130664912738338,0.718098548895305,"Tumor cells","Tumor spots"
"Tumour 7",0.106733183493049,1.04905202652829,"Tumor cells","Tumor spots"
"Tumour 7",0.0100731612461921,0,"Tumor cells","Tumor spots"
"Tumour 7",-0.0261286437866439,0,"vSMC/Pericyte","Other spots"
"Tumour 7",-0.0418404843931525,0,"vSMC/Pericyte","Other spots"
"Tumour 7",0.151099612303799,0,"vSMC/Pericyte","Other spots"
"Tumour 7",0.130217737860863,0,"vSMC/Pericyte","Other spots"
"Tumour 7",-0.00214905440530339,0,"vSMC/Pericyte","Other spots"
"Tumour 7",0.128436945078107,0,"vSMC/Pericyte","Other spots"
"Tumour 7",-0.0269469368014731,0.837625676972788,"Tumor cells","Tumor spots"
"Tumour 7",-0.090933808298352,0.656075292863481,"Tumor cells","Tumor spots"
"Tumour 7",0.0710327580115393,0.774349402446096,"Tumor cells","Tumor spots"
"Tumour 7",-0.128321588557327,0.707578182545768,"Tumor cells","Tumor spots"
"Tumour 7",-0.161453855373475,0,"Tumor cells","Tumor spots"
"Tumour 7",0.0626448489644781,0,"vSMC/Pericyte","Other spots"
"Tumour 7",0.0471048274397391,0.487002879937993,"vSMC/Pericyte","Other spots"
"Tumour 7",-0.0914148944128103,0.832784794731091,"vSMC/Pericyte","Other spots"
"Tumour 7",-0.00234826757633549,0,"vSMC/Pericyte","Other spots"
"Tumour 7",-0.0809476992326432,1.08493506336066,"Tumor cells","Tumor spots"
"Tumour 7",-0.249639094265241,1.29074915413809,"vSMC/Pericyte","Other spots"
"Tumour 7",-0.0326895228575746,0,"vSMC/Pericyte","Other spots"
"Tumour 7",-0.0202336431099573,0,"Tumor cells","Tumor spots"
"Tumour 7",0.00365668204244979,0.493749022741138,"Tumor cells","Tumor spots"
"Tumour 7",0.0338073222918802,0,"vSMC/Pericyte","Other spots"
"Tumour 7",-0.173912039185132,0,"Tumor cells","Tumor spots"
"Tumour 7",-0.0793093574082914,0.415826832002138,"Tumor cells","Tumor spots"
"Tumour 7",-0.0553489136465963,0.630680689523298,"Tumor cells","Tumor spots"
"Tumour 7",-0.0532867145654005,0,"Tumor cells","Tumor spots"
"Tumour 7",0.0022193458227221,0,"Tumor cells","Tumor spots"
"Tumour 7",-0.140285939726891,0,"Tumor cells","Tumor spots"
"Tumour 7",0.0203667244130669,0,"vSMC/Pericyte","Other spots"
"Tumour 7",0.0331838614873856,0,"Tumor cells","Tumor spots"
"Tumour 7",-0.26035269173995,0,"vSMC/Pericyte","Other spots"
"Tumour 7",-0.188853361101058,0,"vSMC/Pericyte","Other spots"
"Tumour 7",-0.272500199799157,0.673870528216599,"vSMC/Pericyte","Other spots"
"Tumour 7",0.0124658390035248,0.568114068163303,"Tumor cells","Tumor spots"
"Tumour 7",-0.109152726666438,0,"Tumor cells","Tumor spots"
"Tumour 7",0.24136102402729,0.735028101844139,"vSMC/Pericyte","Other spots"
"Tumour 7",-0.128696071570338,0.95943432760426,"Tumor cells","Tumor spots"
"Tumour 7",0.0174437144094997,0,"vSMC/Pericyte","Other spots"
"Tumour 7",0.0465819729699477,0.783601719158415,"Tumor cells","Tumor spots"
"Tumour 7",-0.00915589610400269,0,"Tumor cells","Tumor spots"
"Tumour 7",0.0478928493771713,0.514289458387657,"vSMC/Pericyte","Other spots"
"Tumour 7",-0.0588954269595794,0,"Tumor cells","Tumor spots"
"Tumour 7",0.0597227705618052,0.64320445027965,"Tumor cells","Tumor spots"
"Tumour 7",0.160190084991258,0.776434888376809,"Tumor cells","Tumor spots"
"Tumour 7",-0.0225872343225088,0,"vSMC/Pericyte","Other spots"
"Tumour 7",-0.143666792277519,0,"Tumor cells","Tumor spots"
"Tumour 7",-0.288174754984355,0,"vSMC/Pericyte","Other spots"
"Tumour 7",-0.201142548940566,0.592482729383103,"Tumor cells","Tumor spots"
"Tumour 7",-0.165092599067678,0,"vSMC/Pericyte","Other spots"
"Tumour 7",0.147907418338882,0,"vSMC/Pericyte","Other spots"
"Tumour 7",-0.285319640268207,0,"Tumor cells","Tumor spots"
"Tumour 7",0.0728370640391467,0,"Tumor cells","Tumor spots"
"Tumour 7",0.0260808483872485,0,"vSMC/Pericyte","Other spots"
"Tumour 7",-0.0770374614637958,0,"Tumor cells","Tumor spots"
"Tumour 7",0.168356046963728,0,"vSMC/Pericyte","Other spots"
"Tumour 7",0.0712233641213202,0.402388945920569,"Tumor cells","Tumor spots"
"Tumour 7",-0.0589345117487387,0,"vSMC/Pericyte","Other spots"
"Tumour 7",-0.0148905523535063,0,"Tumor cells","Tumor spots"
"Tumour 7",-0.0422268268241122,0,"Tumor cells","Tumor spots"
"Tumour 7",-0.0891613120570584,0.538491034250705,"vSMC/Pericyte","Other spots"
"Tumour 7",0.0177064754962594,0,"vSMC/Pericyte","Other spots"
"Tumour 7",0.0762944405366733,0.47089785852107,"Tumor cells","Tumor spots"
"Tumour 7",-0.0406196352781225,0,"vSMC/Pericyte","Other spots"
"Tumour 7",0.139648517219457,0,"vSMC/Pericyte","Other spots"
"Tumour 7",-0.00278308441510938,0,"Tumor cells","Tumor spots"
"Tumour 7",-0.152672524118775,0,"vSMC/Pericyte","Other spots"
"Tumour 7",0.0669633482711177,0.719608839418148,"Tumor cells","Tumor spots"
"Tumour 7",0.0661271521953607,0,"vSMC/Pericyte","Other spots"
"Tumour 7",0.00975468138847929,0,"Tumor cells","Tumor spots"
"Tumour 7",-0.0899817702410307,0.581110017065454,"vSMC/Pericyte","Other spots"
"Tumour 7",-0.00289682168083966,0.443146232353724,"Tumor cells","Tumor spots"
"Tumour 7",-0.000130114357720756,0,"vSMC/Pericyte","Other spots"
"Tumour 7",-0.167989001876991,0,"vSMC/Pericyte","Other spots"
"Tumour 7",0.0463136974743593,0,"vSMC/Pericyte","Other spots"
"Tumour 7",-0.069245648512496,0,"vSMC/Pericyte","Other spots"
"Tumour 7",-0.104112672023819,0,"vSMC/Pericyte","Other spots"
"Tumour 7",-0.136991515836022,0,"vSMC/Pericyte","Other spots"
"Tumour 7",-0.109411014919212,0,"Tumor cells","Tumor spots"
"Tumour 7",0.0440085719727816,0,"Tumor cells","Tumor spots"
"Tumour 7",-0.0983021118904409,0,"Tumor cells","Tumor spots"
"Tumour 7",0.000270371024068294,0,"vSMC/Pericyte","Other spots"
"Tumour 7",0.0684148157799542,0.637708592854251,"Tumor cells","Tumor spots"
"Tumour 7",0.0277366571516351,0,"vSMC/Pericyte","Other spots"
"Tumour 7",0.0688887423338032,0,"Tumor cells","Tumor spots"
"Tumour 7",-0.349563124692899,0.599691999522834,"Tumor cells","Tumor spots"
"Tumour 7",0.0311534936248417,0.454892330534216,"Tumor cells","Tumor spots"
"Tumour 7",-0.019470210356863,0,"Tumor cells","Tumor spots"
"Tumour 7",-0.0826363549382617,0,"vSMC/Pericyte","Other spots"
"Tumour 7",0.0665710410607807,0,"Tumor cells","Tumor spots"
"Tumour 7",0.0152115891201624,0.515373287811543,"Tumor cells","Tumor spots"
"Tumour 7",-0.0881221523768138,0,"Tumor cells","Tumor spots"
"Tumour 7",0.114625794258653,0,"vSMC/Pericyte","Other spots"
"Tumour 7",-0.270550962660518,0,"Tumor cells","Tumor spots"
"Tumour 7",0.180467581982995,0.950712865597704,"Tumor cells","Tumor spots"
"Tumour 7",-0.0405018711957163,0,"Tumor cells","Tumor spots"
"Tumour 7",-0.010733475525909,0,"Tumor cells","Tumor spots"
"Tumour 7",0.0652513071964206,0.542290804571466,"vSMC/Pericyte","Other spots"
"Tumour 7",-0.193923376636161,0.7060420357201,"vSMC/Pericyte","Other spots"
"Tumour 7",-0.175695793400256,0.574519587154053,"Tumor cells","Tumor spots"
"Tumour 7",0.037399548202567,0.644126387518826,"Tumor cells","Tumor spots"
"Tumour 7",-0.0425413534762866,0.756455297842595,"Tumor cells","Tumor spots"
"Tumour 7",-0.0194924439648718,0,"vSMC/Pericyte","Other spots"
"Tumour 7",-0.157751250170303,0,"vSMC/Pericyte","Other spots"
"Tumour 7",0.437395288588425,0,"Tumor cells","Tumor spots"
"Tumour 7",0.0703864178135248,0.642327932163732,"Tumor cells","Tumor spots"
"Tumour 7",-0.114555546634248,0.605870771518817,"Tumor cells","Tumor spots"
"Tumour 7",0.103134023320428,0.525229164957515,"Tumor cells","Tumor spots"
"Tumour 7",-0.0293695315471176,0,"Tumor cells","Tumor spots"
"Tumour 7",-0.053758606703168,0.624172881071992,"vSMC/Pericyte","Other spots"
"Tumour 7",-0.186236373342318,0,"vSMC/Pericyte","Other spots"
"Tumour 7",-0.00912314584279528,0,"vSMC/Pericyte","Other spots"
"Tumour 7",0.00460770792938892,0,"vSMC/Pericyte","Other spots"
"Tumour 7",-0.0896468147780844,1.03550578237777,"Tumor cells","Tumor spots"
"Tumour 7",0.0560574167106703,0,"vSMC/Pericyte","Other spots"
"Tumour 7",-0.106678539718265,0,"Tumor cells","Tumor spots"
"Tumour 7",0.0102684688530767,0,"vSMC/Pericyte","Other spots"
"Tumour 7",0.136625132192177,0.477658556148301,"vSMC/Pericyte","Other spots"
"Tumour 7",-0.0426434413743215,0,"vSMC/Pericyte","Other spots"
"Tumour 7",-0.192294218210615,0,"vSMC/Pericyte","Other spots"
"Tumour 7",-0.164075332653482,0.937945121309537,"Tumor cells","Tumor spots"
"Tumour 7",0.134588341603425,0,"vSMC/Pericyte","Other spots"
"Tumour 7",-0.0552778698953496,0.669933532916213,"Tumor cells","Tumor spots"
"Tumour 7",0.0571574470660212,0,"vSMC/Pericyte","Other spots"
"Tumour 7",0.105319633732267,0.53454049413856,"vSMC/Pericyte","Other spots"
"Tumour 7",-0.172649989647882,0,"Tumor cells","Tumor spots"
"Tumour 7",0.161919163287369,0,"vSMC/Pericyte","Other spots"
"Tumour 7",-0.0293722162908055,0,"Tumor cells","Tumor spots"
"Tumour 7",-0.234958103026546,0,"vSMC/Pericyte","Other spots"
"Tumour 7",0.00847828142417173,0.595279225439052,"Tumor cells","Tumor spots"
"Tumour 7",0.0448955849355465,0.714218509109293,"vSMC/Pericyte","Other spots"
"Tumour 7",0.0555609861943157,0,"Tumor cells","Tumor spots"
"Tumour 7",-0.173956353159338,0,"Tumor cells","Tumor spots"
"Tumour 7",0.0208905003235321,0,"Tumor cells","Tumor spots"
"Tumour 7",-0.018844366099415,0,"Tumor cells","Tumor spots"
"Tumour 7",0.0872885833971114,0.478543834385963,"vSMC/Pericyte","Other spots"
"Tumour 7",0.0126665232698147,0.781026236562798,"vSMC/Pericyte","Other spots"
"Tumour 7",-0.0648001211926431,0,"Tumor cells","Tumor spots"
"Tumour 7",-0.0261318540087547,0,"Tumor cells","Tumor spots"
"Tumour 7",-0.0449071063842388,0.653852629886094,"vSMC/Pericyte","Other spots"
"Tumour 7",-0.0886827307154206,0.455039743088061,"Tumor cells","Tumor spots"
"Tumour 7",-0.142329598356893,0,"Tumor cells","Tumor spots"
"Tumour 7",0.0793250244174597,0.575028929014105,"vSMC/Pericyte","Other spots"
"Tumour 7",-0.00792230887399831,0,"vSMC/Pericyte","Other spots"
"Tumour 7",0.0360924126138506,0,"Tumor cells","Tumor spots"
"Tumour 7",-0.0112005098385235,0.799808534293852,"Tumor cells","Tumor spots"
"Tumour 7",-0.0451637893197195,0,"vSMC/Pericyte","Other spots"
"Tumour 7",-0.0551558839304588,0,"Tumor cells","Tumor spots"
"Tumour 7",0.0767428569381022,0,"Tumor cells","Tumor spots"
"Tumour 7",-0.0104923595514404,1.1145974570043,"vSMC/Pericyte","Other spots"
"Tumour 7",0.103438317769859,0,"Tumor cells","Tumor spots"
"Tumour 7",0.128692798030222,0.873989731395363,"Tumor cells","Tumor spots"
"Tumour 7",0.158081672796082,0,"vSMC/Pericyte","Other spots"
"Tumour 7",-0.0892629923186141,1.23918083600871,"Tumor cells","Tumor spots"
"Tumour 7",0.117046386884669,0,"vSMC/Pericyte","Other spots"
"Tumour 7",0.0494962240117744,0,"vSMC/Pericyte","Other spots"
"Tumour 7",-0.161375973638229,0.482901960459658,"vSMC/Pericyte","Other spots"
"Tumour 7",-0.0830810708430981,0,"vSMC/Pericyte","Other spots"
"Tumour 7",-0.221693074580874,0,"vSMC/Pericyte","Other spots"
"Tumour 7",0.227976153556425,0,"Tumor cells","Tumor spots"
"Tumour 7",-0.191380158760051,0.654517789768487,"Tumor cells","Tumor spots"
"Tumour 7",-0.0218209010242101,0,"Tumor cells","Tumor spots"
"Tumour 7",-0.0953641777799238,0,"vSMC/Pericyte","Other spots"
"Tumour 7",-0.0493713666501364,0,"vSMC/Pericyte","Other spots"
"Tumour 7",-0.0739897668090564,0.802618187429747,"Tumor cells","Tumor spots"
"Tumour 7",-0.14816928279944,0,"vSMC/Pericyte","Other spots"
"Tumour 7",0.0391496423729347,1.0147335525403,"Tumor cells","Tumor spots"
"Tumour 7",-0.164337155413466,0.569609979399576,"Tumor cells","Tumor spots"
"Tumour 7",-0.153063496005456,0.906562336249865,"vSMC/Pericyte","Other spots"
"Tumour 7",-0.0196142122579724,0.352072878426122,"Tumor cells","Tumor spots"
"Tumour 7",0.10576492961902,0,"vSMC/Pericyte","Other spots"
"Tumour 7",0.151262061036205,0,"vSMC/Pericyte","Other spots"
"Tumour 7",-0.0256637551447408,0.437355519736948,"Tumor cells","Tumor spots"
"Tumour 7",0.0410477610884106,0.632950247012194,"vSMC/Pericyte","Other spots"
"Tumour 7",0.0314730093848184,0.705600705063333,"Tumor cells","Tumor spots"
"Tumour 7",0.0394973614499973,0,"Tumor cells","Tumor spots"
"Tumour 7",-0.0881038439240343,0,"vSMC/Pericyte","Other spots"
"Tumour 7",-0.0921802314568514,0,"vSMC/Pericyte","Other spots"
"Tumour 7",0.118088996519773,0,"vSMC/Pericyte","Other spots"
"Tumour 7",-0.0479279900839568,0,"Tumor cells","Tumor spots"
"Tumour 7",-0.214024159706448,0.512135714322869,"Tumor cells","Tumor spots"
"Tumour 7",0.169393014769431,0,"Tumor cells","Tumor spots"
"Tumour 7",-0.0459299428477529,0.668191306623525,"Tumor cells","Tumor spots"
"Tumour 7",-0.161834138287045,0,"vSMC/Pericyte","Other spots"
"Tumour 7",0.0379226641462894,0,"vSMC/Pericyte","Other spots"
"Tumour 7",-0.00413516808794206,0.505653016434303,"Tumor cells","Tumor spots"
"Tumour 7",0.0291395428617014,0,"Tumor cells","Tumor spots"
"Tumour 7",-0.0479200474469191,0,"Tumor cells","Tumor spots"
"Tumour 7",0.00616931432657281,0,"vSMC/Pericyte","Other spots"
"Tumour 7",0.159253161894937,0,"vSMC/Pericyte","Other spots"
"Tumour 7",0.0928301149084858,0,"vSMC/Pericyte","Other spots"
"Tumour 7",-0.316530992184867,0.639268905912811,"vSMC/Pericyte","Other spots"
"Tumour 7",0.168501114442691,0,"vSMC/Pericyte","Other spots"
"Tumour 7",-0.0853653256116212,0,"vSMC/Pericyte","Other spots"
"Tumour 7",0.0211274013867581,0,"vSMC/Pericyte","Other spots"
"Tumour 7",0.0961540498865961,0,"vSMC/Pericyte","Other spots"
"Tumour 7",0.053577179419175,0,"vSMC/Pericyte","Other spots"
"Tumour 7",-0.0491031064494321,0.431092757604265,"vSMC/Pericyte","Other spots"
"Tumour 7",-0.147190169348479,0.553209751786841,"Tumor cells","Tumor spots"
"Tumour 7",0.130380562449176,0.533401833449985,"Tumor cells","Tumor spots"
"Tumour 7",-0.0297580934223119,0,"vSMC/Pericyte","Other spots"
"Tumour 7",-0.0914318492383791,1.05450623603875,"Tumor cells","Tumor spots"
"Tumour 7",-0.0144468749903252,0,"vSMC/Pericyte","Other spots"
"Tumour 7",0.0353475064566191,0,"vSMC/Pericyte","Other spots"
"Tumour 7",-0.191097198824747,0,"Tumor cells","Tumor spots"
"Tumour 7",-0.0189800539983364,1.23311597111157,"Tumor cells","Tumor spots"
"Tumour 7",-0.151316626867029,0,"vSMC/Pericyte","Other spots"
"Tumour 7",0.0370673851783037,0,"Tumor cells","Tumor spots"
"Tumour 7",0.0330611265200275,0,"Tumor cells","Tumor spots"
"Tumour 7",-0.160713839721467,0,"vSMC/Pericyte","Other spots"
"Tumour 7",-0.0054221754059044,0,"vSMC/Pericyte","Other spots"
"Tumour 7",-0.0530059425835152,0,"vSMC/Pericyte","Other spots"
"Tumour 7",-0.105250484800837,0.538817989869827,"Tumor cells","Tumor spots"
"Tumour 7",0.170509841157053,0,"vSMC/Pericyte","Other spots"
"Tumour 7",0.0853758223129748,0,"vSMC/Pericyte","Other spots"
"Tumour 7",-0.107354236829352,0,"vSMC/Pericyte","Other spots"
"Tumour 7",-0.13309970175802,0,"Tumor cells","Tumor spots"
"Tumour 7",-0.190780186299666,0.546207076867731,"Tumor cells","Tumor spots"
"Tumour 7",0.0419375456255253,0,"Tumor cells","Tumor spots"
"Tumour 7",-0.124476140456232,0,"vSMC/Pericyte","Other spots"
"Tumour 7",0.000880660251645959,0.923704337203771,"Tumor cells","Tumor spots"
"Tumour 7",0.208640802398019,0,"vSMC/Pericyte","Other spots"
"Tumour 7",0.103462870978458,0.490168380377341,"vSMC/Pericyte","Other spots"
"Tumour 7",-0.203590386808189,0.675382995212633,"vSMC/Pericyte","Other spots"
"Tumour 7",-0.125471152378106,0.585802466965229,"Tumor cells","Tumor spots"
"Tumour 7",0.171301113492505,0,"vSMC/Pericyte","Other spots"
"Tumour 7",-0.0253771868055019,1.16526569642801,"vSMC/Pericyte","Other spots"
"Tumour 7",0.0533921281313807,0,"vSMC/Pericyte","Other spots"
"Tumour 7",-0.151523015725293,0,"vSMC/Pericyte","Other spots"
"Tumour 7",-0.0277089971930122,0,"vSMC/Pericyte","Other spots"
"Tumour 7",-0.177464364884299,0.754540268793794,"vSMC/Pericyte","Other spots"
"Tumour 7",0.0370316512828737,0.492087909223466,"Tumor cells","Tumor spots"
"Tumour 7",0.251257476962659,0,"vSMC/Pericyte","Other spots"
"Tumour 7",0.188665133629862,1.21154684766891,"vSMC/Pericyte","Other spots"
"Tumour 7",0.0546590001630976,0,"Tumor cells","Tumor spots"
"Tumour 7",-0.0887678046314999,0,"Tumor cells","Tumor spots"
"Tumour 7",-0.151001452066475,0,"vSMC/Pericyte","Other spots"
"Tumour 7",-0.0492598387691416,0,"vSMC/Pericyte","Other spots"
"Tumour 7",0.0141536802918362,0,"vSMC/Pericyte","Other spots"
"Tumour 7",-0.108601393033,0.456752613096683,"Tumor cells","Tumor spots"
"Tumour 7",-0.076522165606535,0,"vSMC/Pericyte","Other spots"
"Tumour 7",-0.0545473919764016,0,"Tumor cells","Tumor spots"
"Tumour 7",0.103902631425426,0.609411522776706,"Tumor cells","Tumor spots"
"Tumour 7",-0.0584803145271938,0,"vSMC/Pericyte","Other spots"
"Tumour 7",-0.172679802510928,0,"vSMC/Pericyte","Other spots"
"Tumour 7",-0.0666557506589507,0,"vSMC/Pericyte","Other spots"
"Tumour 7",-0.147013977789094,0,"vSMC/Pericyte","Other spots"
"Tumour 7",-0.00297866916217854,0,"Tumor cells","Tumor spots"
"Tumour 7",-0.0800696998965095,0,"vSMC/Pericyte","Other spots"
"Tumour 7",-0.117795166681258,0,"vSMC/Pericyte","Other spots"
"Tumour 7",-0.0272702181728705,0.555732907601552,"vSMC/Pericyte","Other spots"
"Tumour 7",0.154795316191432,0.908148767898997,"vSMC/Pericyte","Other spots"
"Tumour 7",0.12173222586626,0,"vSMC/Pericyte","Other spots"
"Tumour 7",-0.148304636583065,0,"vSMC/Pericyte","Other spots"
"Tumour 7",-0.09355764727632,0.539085801596286,"Tumor cells","Tumor spots"
"Tumour 7",-0.00746163816185585,0.613654982121342,"vSMC/Pericyte","Other spots"
"Tumour 7",-0.120371245771595,0,"Tumor cells","Tumor spots"
"Tumour 7",0.0931829741099657,0,"Tumor cells","Tumor spots"
"Tumour 7",0.0183325416035494,0,"vSMC/Pericyte","Other spots"
"Tumour 7",0.0465575262721834,0,"vSMC/Pericyte","Other spots"
"Tumour 7",-0.0881875765528947,0,"Tumor cells","Tumor spots"
"Tumour 7",-0.0570923781810991,0,"vSMC/Pericyte","Other spots"
"Tumour 7",-0.0324545165247032,0,"vSMC/Pericyte","Other spots"
"Tumour 7",-0.146313499722544,0.890635800214788,"vSMC/Pericyte","Other spots"
"Tumour 7",0.0589564062830311,0,"vSMC/Pericyte","Other spots"
"Tumour 7",-0.117744348538839,0,"vSMC/Pericyte","Other spots"
"Tumour 7",-0.0476263099794306,1.1601276816185,"Tumor cells","Tumor spots"
"Tumour 7",-0.0829405964881238,0,"vSMC/Pericyte","Other spots"
"Tumour 7",-0.0895965456886247,0,"vSMC/Pericyte","Other spots"
"Tumour 7",-0.065953334442306,0,"vSMC/Pericyte","Other spots"
"Tumour 7",-0.0939842105849097,0,"Tumor cells","Tumor spots"
"Tumour 7",-0.0447388374723223,0,"vSMC/Pericyte","Other spots"
"Tumour 7",-0.0177303480621091,0,"vSMC/Pericyte","Other spots"
"Tumour 7",-0.0285167166652702,0,"Tumor cells","Tumor spots"
"Tumour 7",0.0650616402195497,0,"vSMC/Pericyte","Other spots"
"Tumour 7",-0.0143743256656274,0,"Tumor cells","Tumor spots"
"Tumour 7",-0.0426314602764471,0,"vSMC/Pericyte","Other spots"
"Tumour 7",-0.152187477047249,0,"Tumor cells","Tumor spots"
"Tumour 7",0.0804032801485087,0,"vSMC/Pericyte","Other spots"
"Tumour 7",0.047587663843279,0,"vSMC/Pericyte","Other spots"
"Tumour 7",-0.0684019921676507,0.68222886032312,"Tumor cells","Tumor spots"
"Tumour 7",-0.092936387359553,0,"Tumor cells","Tumor spots"
"Tumour 7",-0.0136068030599098,0.59913672192908,"vSMC/Pericyte","Other spots"
"Tumour 7",-0.138288887821576,1.01185552657483,"vSMC/Pericyte","Other spots"
"Tumour 7",-0.197257467568509,0.60317727170738,"Tumor cells","Tumor spots"
"Tumour 7",-0.0715772472863171,0.482332019820858,"Tumor cells","Tumor spots"
"Tumour 7",-0.0539644528356107,0.695379632291687,"Tumor cells","Tumor spots"
"Tumour 7",-0.022281897291743,0,"Tumor cells","Tumor spots"
"Tumour 7",0.0918762247269878,0,"Tumor cells","Tumor spots"
"Tumour 7",0.0449296490408906,0,"Tumor cells","Tumor spots"
"Tumour 7",-0.0372313714855187,0,"vSMC/Pericyte","Other spots"
"Tumour 7",0.10031028861365,0,"Tumor cells","Tumor spots"
"Tumour 7",0.100957451925878,0,"Tumor cells","Tumor spots"
"Tumour 7",0.200540872466688,0.594878063487789,"Tumor cells","Tumor spots"
"Tumour 7",-0.0949999359865759,0,"vSMC/Pericyte","Other spots"
"Tumour 7",-0.105726543335226,0.539592412793704,"Tumor cells","Tumor spots"
"Tumour 7",-0.118078170780199,0.952469580277134,"Macrophages","Other spots"
"Tumour 7",0.0447939554618078,0,"vSMC/Pericyte","Other spots"
"Tumour 7",-0.0859035280644032,0.622407465137944,"Tumor cells","Tumor spots"
"Tumour 7",0.0232866121658336,0.360868476788164,"Tumor cells","Tumor spots"
"Tumour 7",0.0657600942388389,0,"Tumor cells","Tumor spots"
"Tumour 7",-0.0890775749362164,0,"Tumor cells","Tumor spots"
"Tumour 7",-0.02382269650378,0,"Tumor cells","Tumor spots"
"Tumour 7",-0.0964368130378595,0.490831101752246,"Tumor cells","Tumor spots"
"Tumour 7",0.150677882084784,0,"vSMC/Pericyte","Other spots"
"Tumour 7",-0.0759752615362532,0,"vSMC/Pericyte","Other spots"
"Tumour 7",0.0210825110590536,0,"vSMC/Pericyte","Other spots"
"Tumour 7",0.150083294805512,0,"vSMC/Pericyte","Other spots"
"Tumour 7",-0.00997245774751537,0,"vSMC/Pericyte","Other spots"
"Tumour 7",-0.0172193187642345,0.629040632436616,"Tumor cells","Tumor spots"
"Tumour 7",0.0304124031205778,0.535595991815483,"vSMC/Pericyte","Other spots"
"Tumour 7",0.027834909776347,1.1237639698973,"Tumor cells","Tumor spots"
"Tumour 7",-0.147229151771022,0,"Tumor cells","Tumor spots"
"Tumour 7",-0.104519535009076,0,"vSMC/Pericyte","Other spots"
"Tumour 7",0.0618342675550304,0.499896410695221,"Tumor cells","Tumor spots"
"Tumour 7",0.143884440767838,0,"Tumor cells","Tumor spots"
"Tumour 7",-0.145057807375155,0,"vSMC/Pericyte","Other spots"
"Tumour 7",-0.0335384716919365,0,"vSMC/Pericyte","Other spots"
"Tumour 7",-0.196589301764329,0,"Tumor cells","Tumor spots"
"Tumour 7",0.133384735707237,0.799639939250737,"Tumor cells","Tumor spots"
"Tumour 7",0.156043870046442,0,"Tumor cells","Tumor spots"
"Tumour 7",0.0363758177474494,0,"vSMC/Pericyte","Other spots"
"Tumour 7",-0.071835702624624,0,"Tumor cells","Tumor spots"
"Tumour 7",-0.0560659161599713,0,"vSMC/Pericyte","Other spots"
"Tumour 7",0.186879467156711,0,"vSMC/Pericyte","Other spots"
"Tumour 7",0.0333041572086413,0,"vSMC/Pericyte","Other spots"
"Tumour 7",0.154743594714105,0,"vSMC/Pericyte","Other spots"
"Tumour 7",-0.00684200776947791,0,"vSMC/Pericyte","Other spots"
"Tumour 7",-0.124112590591157,1.42572881669613,"vSMC/Pericyte","Other spots"
"Tumour 7",-0.129580641906296,0,"Tumor cells","Tumor spots"
"Tumour 7",-0.019664555185945,1.02542095727375,"vSMC/Pericyte","Other spots"
"Tumour 7",-0.0650466267877726,0.836697253648839,"vSMC/Pericyte","Other spots"
"Tumour 7",-0.0506487159692189,0,"vSMC/Pericyte","Other spots"
"Tumour 7",0.0955260505223125,0.972776183411168,"vSMC/Pericyte","Other spots"
"Tumour 7",-0.0153389304145731,0,"Tumor cells","Tumor spots"
"Tumour 7",0.0996941529842267,0.713872776777573,"Tumor cells","Tumor spots"
"Tumour 7",-0.0364012830890448,0,"vSMC/Pericyte","Other spots"
"Tumour 7",-0.102822823754502,0.627328025915959,"vSMC/Pericyte","Other spots"
"Tumour 7",0.176959362198894,0.721125769734342,"Tumor cells","Tumor spots"
"Tumour 7",0.0594694198521633,0,"vSMC/Pericyte","Other spots"
"Tumour 7",-0.248424410200012,0,"vSMC/Pericyte","Other spots"
"Tumour 7",0.216514637288557,0.564196806362057,"vSMC/Pericyte","Other spots"
"Tumour 7",-0.193430155631732,0,"vSMC/Pericyte","Other spots"
"Tumour 7",0.0186072413567316,0,"vSMC/Pericyte","Other spots"
"Tumour 7",-0.00145067733710852,0.563609101752112,"vSMC/Pericyte","Other spots"
"Tumour 7",-0.103808051811183,0.88183509662508,"vSMC/Pericyte","Other spots"
"Tumour 7",-0.0497339057417946,0,"Tumor cells","Tumor spots"
"Tumour 7",0.0611482180873466,0,"Tumor cells","Tumor spots"
"Tumour 7",-0.0571480016562855,0,"Tumor cells","Tumor spots"
"Tumour 7",-0.114396046584094,0,"vSMC/Pericyte","Other spots"
"Tumour 7",-0.00299546681684548,0,"vSMC/Pericyte","Other spots"
"Tumour 7",0.000654888954837507,0,"vSMC/Pericyte","Other spots"
"Tumour 7",-0.0617352000981886,0,"vSMC/Pericyte","Other spots"
"Tumour 7",0.0135385932319915,0,"vSMC/Pericyte","Other spots"
"Tumour 7",-0.0959158769151136,0,"vSMC/Pericyte","Other spots"
"Tumour 7",0.0352875291652825,0.680059079220348,"Tumor cells","Tumor spots"
"Tumour 7",-0.0085812307816332,0,"Tumor cells","Tumor spots"
"Tumour 7",-0.031396781102422,0,"Tumor cells","Tumor spots"
"Tumour 7",-0.24372070117407,0.542682859102949,"Tumor cells","Tumor spots"
"Tumour 7",-0.186048893455334,0.607731027353828,"vSMC/Pericyte","Other spots"
"Tumour 7",0.0534275385364192,0,"Tumor cells","Tumor spots"
"Tumour 7",0.175584854164155,0.86677069655873,"Tumor cells","Tumor spots"
"Tumour 7",-0.196605565778859,0,"Tumor cells","Tumor spots"
"Tumour 7",0.145792198079835,0,"Tumor cells","Tumor spots"
"Tumour 7",0.051980296898052,0,"Tumor cells","Tumor spots"
"Tumour 7",0.18767011487789,0,"vSMC/Pericyte","Other spots"
"Tumour 7",0.0790096711954193,0,"vSMC/Pericyte","Other spots"
"Tumour 7",-0.0396308396327071,0.446464924624569,"Tumor cells","Tumor spots"
"Tumour 7",-0.0928815427988945,0,"Tumor cells","Tumor spots"
"Tumour 7",-0.0732582226539101,0.579516942252718,"Tumor cells","Tumor spots"
"Tumour 7",-0.200153073327631,0,"Tumor cells","Tumor spots"
"Tumour 7",0.0434632789842895,0.57536900605687,"Tumor cells","Tumor spots"
"Tumour 7",-0.193232851946686,0.775991527807963,"Tumor cells","Tumor spots"
"Tumour 7",0.184833053962429,0,"Tumor cells","Tumor spots"
"Tumour 7",0.137566595666356,0.471327415467094,"vSMC/Pericyte","Other spots"
"Tumour 7",0.0624080772852404,0.518323087566085,"Tumor cells","Tumor spots"
"Tumour 7",0.08795289714687,0,"vSMC/Pericyte","Other spots"
"Tumour 7",-0.0691950256521829,0,"vSMC/Pericyte","Other spots"
"Tumour 7",0.013571666188283,0,"Tumor cells","Tumor spots"
"Tumour 7",-0.0981779460683888,0,"vSMC/Pericyte","Other spots"
"Tumour 7",-0.0949101459856712,0,"vSMC/Pericyte","Other spots"
"Tumour 7",0.0932863193459375,0,"vSMC/Pericyte","Other spots"
"Tumour 7",0.127325390292397,0.687692170752181,"vSMC/Pericyte","Other spots"
"Tumour 7",-0.0587297817971671,0.706405916350892,"Tumor cells","Tumor spots"
"Tumour 7",-0.0288482356410307,0.35091201677054,"vSMC/Pericyte","Other spots"
"Tumour 7",0.108618365746357,0,"vSMC/Pericyte","Other spots"
"Tumour 7",-0.014247862540171,0.453632768141265,"Tumor cells","Tumor spots"
"Tumour 7",0.0215642178293503,0.546574330135944,"vSMC/Pericyte","Other spots"
"Tumour 7",-0.136404775617109,0,"Tumor cells","Tumor spots"
"Tumour 7",0.0600361090642581,0,"vSMC/Pericyte","Other spots"
"Tumour 7",-0.206279713145535,0,"Tumor cells","Tumor spots"
"Tumour 7",-0.0559335403033041,0,"Tumor cells","Tumor spots"
"Tumour 7",0.275925208528189,0,"Tumor cells","Tumor spots"
"Tumour 7",-0.0333123888796781,0,"vSMC/Pericyte","Other spots"
"Tumour 7",-0.0266775332738322,0,"Tumor cells","Tumor spots"
"Tumour 7",-0.0611368104437767,0,"vSMC/Pericyte","Other spots"
"Tumour 7",-0.00990572548155721,0.470063637046768,"vSMC/Pericyte","Other spots"
"Tumour 7",0.0336137001465674,0,"Tumor cells","Tumor spots"
"Tumour 7",-0.185519789634994,0,"vSMC/Pericyte","Other spots"
"Tumour 7",-0.117532901328712,0,"Tumor cells","Tumor spots"
"Tumour 7",-0.0877609393946163,0,"Tumor cells","Tumor spots"
"Tumour 7",0.0248674384582229,0,"Tumor cells","Tumor spots"
"Tumour 7",0.104300307238794,0.641645535081112,"Tumor cells","Tumor spots"
"Tumour 7",-0.0690106539640054,0,"vSMC/Pericyte","Other spots"
"Tumour 7",-0.0630593895500446,0,"vSMC/Pericyte","Other spots"
"Tumour 7",-0.110209793299798,0,"vSMC/Pericyte","Other spots"
"Tumour 7",0.135930643519529,0,"Tumor cells","Tumor spots"
"Tumour 7",-0.182523286979049,0,"vSMC/Pericyte","Other spots"
"Tumour 7",-0.000866471688328985,0,"Tumor cells","Tumor spots"
"Tumour 7",0.0239758956133447,0,"vSMC/Pericyte","Other spots"
"Tumour 7",0.293653320865582,0,"vSMC/Pericyte","Other spots"
"Tumour 7",0.0252256697134419,0,"Tumor cells","Tumor spots"
"Tumour 7",-0.310443805780432,0,"vSMC/Pericyte","Other spots"
"Tumour 7",-0.112996567624831,0.800517451557117,"vSMC/Pericyte","Other spots"
"Tumour 7",0.055560477872554,0,"vSMC/Pericyte","Other spots"
"Tumour 7",-0.0358083422420797,0.453905070908232,"Tumor cells","Tumor spots"
"Tumour 7",-0.0830475914613144,0,"Tumor cells","Tumor spots"
"Tumour 7",0.0177911217063816,0,"vSMC/Pericyte","Other spots"
"Tumour 7",-0.056703122799974,0,"vSMC/Pericyte","Other spots"
"Tumour 7",0.0501976356685133,0,"Tumor cells","Tumor spots"
"Tumour 7",0.046288324991808,0,"vSMC/Pericyte","Other spots"
"Tumour 7",-0.176905418810748,0,"Tumor cells","Tumor spots"
"Tumour 7",-0.0933646885270898,0.341648543993942,"Tumor cells","Tumor spots"
"Tumour 7",-0.175514766522913,0,"Tumor cells","Tumor spots"
"Tumour 7",0.0538592421691529,0,"Tumor cells","Tumor spots"
"Tumour 7",0.123487943874124,0.663020537699341,"vSMC/Pericyte","Other spots"
"Tumour 7",0.203902584675098,0,"vSMC/Pericyte","Other spots"
"Tumour 7",0.0990752509381049,0,"Tumor cells","Tumor spots"
"Tumour 7",0.153954484692561,0.751272419326024,"Tumor cells","Tumor spots"
"Tumour 7",0.0822807837757207,0,"Tumor cells","Tumor spots"
"Tumour 7",-0.0447568395803977,0,"Tumor cells","Tumor spots"
"Tumour 7",-0.152527131541462,0,"Tumor cells","Tumor spots"
"Tumour 7",-0.15679132807288,0.434498252084524,"Tumor cells","Tumor spots"
"Tumour 7",0.165672718649498,0.832050928252924,"vSMC/Pericyte","Other spots"
"Tumour 7",-0.0129799464918527,0,"Tumor cells","Tumor spots"
"Tumour 7",0.0393470731560344,0.52924021179353,"vSMC/Pericyte","Other spots"
"Tumour 7",0.212326014145664,0.450349605731973,"vSMC/Pericyte","Other spots"
"Tumour 7",0.0764295091195493,0,"vSMC/Pericyte","Other spots"
"Tumour 7",-0.155607775966591,0,"Tumor cells","Tumor spots"
"Tumour 7",0.038016450872193,0,"Tumor cells","Tumor spots"
"Tumour 7",0.0122115079082585,0,"vSMC/Pericyte","Other spots"
"Tumour 7",-0.0299286003202154,0,"vSMC/Pericyte","Other spots"
"Tumour 7",0.0559443512326849,0,"vSMC/Pericyte","Other spots"
"Tumour 7",-0.0174159896260935,0,"vSMC/Pericyte","Other spots"
"Tumour 7",-0.167464300902072,0,"vSMC/Pericyte","Other spots"
"Tumour 7",0.10336270401795,1.13053574799745,"Tumor cells","Tumor spots"
"Tumour 7",-0.212268257312354,0,"vSMC/Pericyte","Other spots"
"Tumour 7",-0.015794232675822,0,"vSMC/Pericyte","Other spots"
"Tumour 7",-0.012281427264898,0,"vSMC/Pericyte","Other spots"
"Tumour 7",-0.186166088691142,0,"Tumor cells","Tumor spots"
"Tumour 7",-0.134043560799015,0.737579971308677,"Tumor cells","Tumor spots"
"Tumour 7",0.086792405434877,0,"vSMC/Pericyte","Other spots"
"Tumour 7",-0.14521545346926,0,"Tumor cells","Tumor spots"
"Tumour 7",-0.122836670348269,0.524862481061999,"vSMC/Pericyte","Other spots"
"Tumour 7",-0.0665978299163486,0,"Tumor cells","Tumor spots"
"Tumour 7",0.0109988174368618,0.495471724127996,"vSMC/Pericyte","Other spots"
"Tumour 7",-0.0200010173056727,0,"vSMC/Pericyte","Other spots"
"Tumour 7",0.0311431648322764,0.710645125528311,"vSMC/Pericyte","Other spots"
"Tumour 7",-0.263722918975555,0,"Tumor cells","Tumor spots"
"Tumour 7",-0.0422103942336838,0,"vSMC/Pericyte","Other spots"
"Tumour 7",0.00781043546476723,0,"vSMC/Pericyte","Other spots"
"Tumour 7",0.132640865279652,0,"vSMC/Pericyte","Other spots"
"Tumour 7",0.0138588794039805,0.890932380983486,"Tumor cells","Tumor spots"
"Tumour 7",-0.00761241807287077,0,"Tumor cells","Tumor spots"
"Tumour 7",-0.130864670918145,0.863466109988969,"Tumor cells","Tumor spots"
"Tumour 7",0.271940445454548,0,"vSMC/Pericyte","Other spots"
"Tumour 7",0.164154239562101,0,"vSMC/Pericyte","Other spots"
"Tumour 7",0.22197813931862,0,"vSMC/Pericyte","Other spots"
"Tumour 7",-0.0933476538015974,0,"vSMC/Pericyte","Other spots"
"Tumour 7",-0.0231408118521796,0.53489185318093,"vSMC/Pericyte","Other spots"
"Tumour 7",0.0399596164801451,0,"Tumor cells","Tumor spots"
"Tumour 7",-0.171236153059438,1.16170904648566,"vSMC/Pericyte","Other spots"
"Tumour 7",-0.00881325312245462,0.73165415927512,"Tumor cells","Tumor spots"
"Tumour 7",-0.161081401196846,0.874478263301999,"vSMC/Pericyte","Other spots"
"Tumour 7",-0.0905337632740907,0,"Tumor cells","Tumor spots"
"Tumour 7",-0.0737085314748376,0,"Tumor cells","Tumor spots"
"Tumour 7",0.0472011321467109,0.560753871997322,"Tumor cells","Tumor spots"
"Tumour 7",-0.00345333155084748,0,"vSMC/Pericyte","Other spots"
"Tumour 7",-0.0871550336910114,0,"vSMC/Pericyte","Other spots"
"Tumour 7",0.157014227912148,0,"vSMC/Pericyte","Other spots"
"Tumour 7",0.00959701493363041,0.630886317991366,"vSMC/Pericyte","Other spots"
"Tumour 7",0.0461443467519654,0.542532000193801,"Tumor cells","Tumor spots"
"Tumour 7",0.018088872548997,0,"Tumor cells","Tumor spots"
"Tumour 7",-0.18684823283059,0,"vSMC/Pericyte","Other spots"
"Tumour 7",0.147039786480085,0.47426512297667,"Tumor cells","Tumor spots"
"Tumour 7",-0.065743502064727,0,"vSMC/Pericyte","Other spots"
"Tumour 7",0.0264581288917484,0,"vSMC/Pericyte","Other spots"
"Tumour 7",0.101430692747933,0,"vSMC/Pericyte","Other spots"
"Tumour 7",-0.091058671145267,0,"Tumor cells","Tumor spots"
"Tumour 7",-0.04224847230763,0,"vSMC/Pericyte","Other spots"
"Tumour 7",0.0952279240918144,0,"Tumor cells","Tumor spots"
"Tumour 7",-0.040529014359594,0,"Tumor cells","Tumor spots"
"Tumour 7",-0.0568248629805267,0.44332595846958,"Tumor cells","Tumor spots"
"Tumour 7",-0.109435361149804,0,"vSMC/Pericyte","Other spots"
"Tumour 7",-0.112897272149555,0.873379881711601,"vSMC/Pericyte","Other spots"
"Tumour 7",-0.0994477369399409,0.454366649253169,"Tumor cells","Tumor spots"
"Tumour 7",0.0208400744464378,0,"vSMC/Pericyte","Other spots"
"Tumour 7",0.0771201569828878,0.684072350083651,"vSMC/Pericyte","Other spots"
"Tumour 7",0.000834070850946278,0,"Tumor cells","Tumor spots"
"Tumour 7",0.0323750227718805,0,"vSMC/Pericyte","Other spots"
"Tumour 7",-0.0054607908103329,0.515427601853866,"Tumor cells","Tumor spots"
"Tumour 7",0.0377653491398692,0,"Tumor cells","Tumor spots"
"Tumour 7",-0.156166563927269,0,"vSMC/Pericyte","Other spots"
"Tumour 7",-0.15091272181205,0,"Tumor cells","Tumor spots"
"Tumour 7",0.0305889278396271,0,"vSMC/Pericyte","Other spots"
"Tumour 7",0.0128191104113529,0,"Tumor cells","Tumor spots"
"Tumour 7",0.113875185097333,0,"vSMC/Pericyte","Other spots"
"Tumour 7",-0.220534992649539,0,"Macrophages","Other spots"
"Tumour 7",-0.114522091028445,0,"vSMC/Pericyte","Other spots"
"Tumour 7",-0.0747750687372555,0,"vSMC/Pericyte","Other spots"
"Tumour 7",0.0398465914850408,0,"vSMC/Pericyte","Other spots"
"Tumour 7",0.151076306792016,0,"vSMC/Pericyte","Other spots"
"Tumour 7",-0.0373219155521777,0,"Tumor cells","Tumor spots"
"Tumour 7",-0.0759279774345246,0,"vSMC/Pericyte","Other spots"
"Tumour 7",-0.0994233286637202,0.461753729773594,"vSMC/Pericyte","Other spots"
"Tumour 7",-0.0283792971653613,0,"Tumor cells","Tumor spots"
"Tumour 7",0.0135920845984636,0,"Tumor cells","Tumor spots"
"Tumour 7",0.000143674359751045,0.458928313729256,"vSMC/Pericyte","Other spots"
"Tumour 7",-0.0949914599293215,0.545138804251065,"Tumor cells","Tumor spots"
"Tumour 7",-0.00189624200064548,0,"Tumor cells","Tumor spots"
"Tumour 7",0.175887248189891,0,"Tumor cells","Tumor spots"
"Tumour 7",-0.209315250151464,0.586297223699058,"Tumor cells","Tumor spots"
"Tumour 7",-0.0119395988550212,0,"vSMC/Pericyte","Other spots"
"Tumour 7",-0.10843217734896,0,"Tumor cells","Tumor spots"
"Tumour 7",-0.289172065944312,0,"Tumor cells","Tumor spots"
"Tumour 7",-0.0079884607145802,0.68519318264383,"vSMC/Pericyte","Other spots"
"Tumour 7",-0.0419665582413095,0,"vSMC/Pericyte","Other spots"
"Tumour 7",0.0912310527717842,0,"vSMC/Pericyte","Other spots"
"Tumour 7",-0.00611743728839464,0,"Tumor cells","Tumor spots"
"Tumour 7",0.039350316552005,0,"vSMC/Pericyte","Other spots"
"Tumour 7",-0.049735984910191,0,"Tumor cells","Tumor spots"
"Tumour 7",-0.0298217185632395,0,"vSMC/Pericyte","Other spots"
"Tumour 7",0.0967003857209626,0.521669234812699,"Tumor cells","Tumor spots"
"Tumour 7",-0.193260278781779,0,"Tumor cells","Tumor spots"
"Tumour 7",0.131550485323617,0,"vSMC/Pericyte","Other spots"
"Tumour 7",0.199655193555546,0,"vSMC/Pericyte","Other spots"
"Tumour 7",-0.0418200545440487,0,"Tumor cells","Tumor spots"
"Tumour 7",-0.0412872966065069,0.549035679892158,"Tumor cells","Tumor spots"
"Tumour 7",-0.0226321680666176,0,"vSMC/Pericyte","Other spots"
"Tumour 7",-0.110577212879895,0,"vSMC/Pericyte","Other spots"
"Tumour 7",0.0944696267011222,0.429925805041421,"Tumor cells","Tumor spots"
"Tumour 7",0.00794713490393495,0.54721824264997,"vSMC/Pericyte","Other spots"
"Tumour 7",0.108716541403883,0.653454205410549,"vSMC/Pericyte","Other spots"
"Tumour 7",0.0276033616343326,1.00444928471789,"vSMC/Pericyte","Other spots"
"Tumour 7",-0.0672865940044632,0,"Tumor cells","Tumor spots"
"Tumour 7",-0.132579071066782,0.966072467765882,"vSMC/Pericyte","Other spots"
"Tumour 7",-0.058542313130452,0,"vSMC/Pericyte","Other spots"
"Tumour 7",0.104925897529917,0.828547311041828,"vSMC/Pericyte","Other spots"
"Tumour 7",0.258694225925314,0,"Tumor cells","Tumor spots"
"Tumour 7",-0.0633347687872116,0.814838870475036,"vSMC/Pericyte","Other spots"
"Tumour 7",-0.177446637365225,0,"Tumor cells","Tumor spots"
"Tumour 7",-0.0220779895872352,0.484620050803546,"vSMC/Pericyte","Other spots"
"Tumour 7",0.0715871732605551,0,"Tumor cells","Tumor spots"
"Tumour 7",0.189364646455617,0.543559538501862,"vSMC/Pericyte","Other spots"
"Tumour 7",0.0247151804235703,0,"vSMC/Pericyte","Other spots"
"Tumour 7",0.0274393360795242,0,"Tumor cells","Tumor spots"
"Tumour 7",-0.164025095691194,0.663842279937363,"Tumor cells","Tumor spots"
"Tumour 7",0.000391882896697004,0,"Tumor cells","Tumor spots"
"Tumour 7",0.0050882476089748,0,"Tumor cells","Tumor spots"
"Tumour 7",-0.0991843225022799,0,"vSMC/Pericyte","Other spots"
"Tumour 7",-0.0063655653801617,0,"vSMC/Pericyte","Other spots"
"Tumour 7",-0.0991615063000633,0.652791280550227,"Tumor cells","Tumor spots"
"Tumour 7",0.0630302343285155,0,"vSMC/Pericyte","Other spots"
"Tumour 7",-0.186599583224335,0.500279425988066,"vSMC/Pericyte","Other spots"
"Tumour 7",-0.0536250663397687,0,"vSMC/Pericyte","Other spots"
"Tumour 7",0.0316950926786785,0,"Tumor cells","Tumor spots"
"Tumour 7",0.121552779294299,0,"Tumor cells","Tumor spots"
"Tumour 7",0.0140303479225121,0,"Tumor cells","Tumor spots"
"Tumour 7",0.212296639270592,0,"vSMC/Pericyte","Other spots"
"Tumour 7",0.0390244739581653,0.438153825601488,"Tumor cells","Tumor spots"
"Tumour 7",-0.0449808402139605,0,"vSMC/Pericyte","Other spots"
"Tumour 7",0.177852285205506,0.88537489365555,"Tumor cells","Tumor spots"
"Tumour 7",-0.306576438697643,0,"vSMC/Pericyte","Other spots"
"Tumour 7",0.00121289808081765,0,"vSMC/Pericyte","Other spots"
"Tumour 7",-0.0382814389196009,0,"Tumor cells","Tumor spots"
"Tumour 7",-0.013059563522531,0,"vSMC/Pericyte","Other spots"
"Tumour 7",-0.0333385587291771,0,"vSMC/Pericyte","Other spots"
"Tumour 7",0.0334094426002822,0.520059801277693,"vSMC/Pericyte","Other spots"
"Tumour 7",-0.0362136741719557,0,"vSMC/Pericyte","Other spots"
"Tumour 7",-0.141181888820089,0,"vSMC/Pericyte","Other spots"
"Tumour 7",-0.144366190118169,0.913927265754746,"Tumor cells","Tumor spots"
"Tumour 7",0.0319531583432237,0.700937194156041,"Tumor cells","Tumor spots"
"Tumour 7",0.219566240771846,0,"Tumor cells","Tumor spots"
"Tumour 7",-0.160845009024137,0,"vSMC/Pericyte","Other spots"
"Tumour 7",-0.179211310592888,0,"Tumor cells","Tumor spots"
"Tumour 7",0.0693496625783916,0,"vSMC/Pericyte","Other spots"
"Tumour 7",-0.119602668232462,0,"Tumor cells","Tumor spots"
"Tumour 7",-0.0741588087882123,0.583867064555705,"Tumor cells","Tumor spots"
"Tumour 7",0.0718751217233035,0,"vSMC/Pericyte","Other spots"
"Tumour 7",-0.0701331953515613,0,"vSMC/Pericyte","Other spots"
"Tumour 7",-0.00788954998147595,0,"Tumor cells","Tumor spots"
"Tumour 7",-0.162444508503188,1.18680869648871,"vSMC/Pericyte","Other spots"
"Tumour 7",-0.265854264636711,0,"vSMC/Pericyte","Other spots"
"Tumour 7",0.113343836581082,0,"Tumor cells","Tumor spots"
"Tumour 7",-0.162852523033771,0,"vSMC/Pericyte","Other spots"
"Tumour 7",-0.0457385019053084,0,"Tumor cells","Tumor spots"
"Tumour 7",0.0625360331695873,0.786976652838268,"Tumor cells","Tumor spots"
"Tumour 7",-0.15821443553725,0,"vSMC/Pericyte","Other spots"
"Tumour 7",0.177409780606386,0.500381664604907,"Tumor cells","Tumor spots"
"Tumour 7",0.118539066202358,0.538520740697071,"vSMC/Pericyte","Other spots"
"Tumour 7",-0.0932964681009725,0,"Tumor cells","Tumor spots"
"Tumour 7",-0.0395247777741246,0.559851604128513,"vSMC/Pericyte","Other spots"
"Tumour 7",-0.100593724637988,0,"vSMC/Pericyte","Other spots"
"Tumour 7",0.075831474476746,0,"vSMC/Pericyte","Other spots"
"Tumour 7",0.163523541766266,0,"Tumor cells","Tumor spots"
"Tumour 7",0.0969748042464799,0,"Tumor cells","Tumor spots"
"Tumour 7",-0.0864507566096453,0.374750276341007,"Tumor cells","Tumor spots"
"Tumour 7",-0.00968115631299166,0.834404128536679,"Tumor cells","Tumor spots"
"Tumour 7",-0.0451907816099092,0,"Tumor cells","Tumor spots"
"Tumour 7",0.0117351664780919,0,"vSMC/Pericyte","Other spots"
"Tumour 7",0.0568443462098176,0,"vSMC/Pericyte","Other spots"
"Tumour 7",-0.050184320537688,0.784442598027233,"Tumor cells","Tumor spots"
"Tumour 7",-0.0319147125772121,0.605416986031997,"vSMC/Pericyte","Other spots"
"Tumour 7",0.0728758259321054,0,"Tumor cells","Tumor spots"
"Tumour 7",-0.129148580945753,0,"Tumor cells","Tumor spots"
"Tumour 7",0.158277775242489,0.55277061285155,"vSMC/Pericyte","Other spots"
"Tumour 7",-0.0214297887143257,0,"vSMC/Pericyte","Other spots"
"Tumour 7",-0.0666983680954513,0,"Tumor cells","Tumor spots"
"Tumour 7",0.0988999029159007,0,"vSMC/Pericyte","Other spots"
"Tumour 7",0.0939349918205074,0.436908982148152,"Tumor cells","Tumor spots"
"Tumour 7",0.0664748115712241,0,"Tumor cells","Tumor spots"
"Tumour 7",0.148715559925067,0,"vSMC/Pericyte","Other spots"
"Tumour 7",-0.0544197224197612,0.448235209490898,"vSMC/Pericyte","Other spots"
"Tumour 7",0.0498986645196843,0,"Tumor cells","Tumor spots"
"Tumour 7",0.201890831631588,0,"vSMC/Pericyte","Other spots"
"Tumour 7",-0.106368718678724,0,"vSMC/Pericyte","Other spots"
"Tumour 7",-0.0180498792957359,0,"vSMC/Pericyte","Other spots"
"Tumour 7",-0.0987441296607661,0,"Tumor cells","Tumor spots"
"Tumour 7",-0.0711264787123188,0,"Tumor cells","Tumor spots"
"Tumour 7",-0.0414850478179089,0,"vSMC/Pericyte","Other spots"
"Tumour 7",-0.11012287928681,0,"vSMC/Pericyte","Other spots"
"Tumour 7",-0.0815834830927231,0,"Tumor cells","Tumor spots"
"Tumour 7",-0.0728963844424225,0,"vSMC/Pericyte","Other spots"
"Tumour 7",-0.00115995824115939,0.555416222982819,"vSMC/Pericyte","Other spots"
"Tumour 7",-0.141901147364226,0,"vSMC/Pericyte","Other spots"
"Tumour 7",-0.0342756637710245,0,"Tumor cells","Tumor spots"
"Tumour 7",-0.0966305778815555,0,"Tumor cells","Tumor spots"
"Tumour 7",-0.0471935665913625,0,"vSMC/Pericyte","Other spots"
"Tumour 7",-0.125929118454548,0,"Tumor cells","Tumor spots"
"Tumour 7",0.0120481472355707,0.303003837602009,"Tumor cells","Tumor spots"
"Tumour 7",0.0274475552347358,0,"Tumor cells","Tumor spots"
"Tumour 7",-0.0980294417995366,0,"vSMC/Pericyte","Other spots"
"Tumour 7",0.0904983986167276,0.724837668026502,"Tumor cells","Tumor spots"
"Tumour 7",0.187775811408442,0,"Tumor cells","Tumor spots"
"Tumour 7",-0.199296964287748,0,"Tumor cells","Tumor spots"
"Tumour 7",-0.241868693361404,0,"Tumor cells","Tumor spots"
"Tumour 7",-0.0979730605584008,0.590501728016101,"Tumor cells","Tumor spots"
"Tumour 7",-0.171079287109198,0,"vSMC/Pericyte","Other spots"
"Tumour 7",-0.21499702072382,0.701757008372629,"Tumor cells","Tumor spots"
"Tumour 7",-0.105711670726181,0,"Tumor cells","Tumor spots"
"Tumour 7",-0.0639352635234747,0,"vSMC/Pericyte","Other spots"
"Tumour 7",-0.0366614070814854,0,"Tumor cells","Tumor spots"
"Tumour 7",-0.145874081034562,0,"Tumor cells","Tumor spots"
"Tumour 7",-0.120355108083224,0,"vSMC/Pericyte","Other spots"
"Tumour 7",-0.125332376570061,0,"vSMC/Pericyte","Other spots"
"Tumour 7",-0.0460224924112267,0.704435244691345,"vSMC/Pericyte","Other spots"
"Tumour 7",-0.160944759206999,0.567319542616756,"vSMC/Pericyte","Other spots"
"Tumour 7",-0.00336266914621117,0,"vSMC/Pericyte","Other spots"
"Tumour 7",0.0853885449125655,0,"Tumor cells","Tumor spots"
"Tumour 7",0.0614673052742945,0,"vSMC/Pericyte","Other spots"
"Tumour 7",-0.129575178802944,0,"vSMC/Pericyte","Other spots"
"Tumour 7",0.0584269316053341,0,"vSMC/Pericyte","Other spots"
"Tumour 7",-0.0210771740100066,0.54298483490968,"Tumor cells","Tumor spots"
"Tumour 7",0.125499733207022,0.577486744053653,"vSMC/Pericyte","Other spots"
"Tumour 7",0.107472238315809,0,"vSMC/Pericyte","Other spots"
"Tumour 7",0.0615662674636045,0,"vSMC/Pericyte","Other spots"
"Tumour 7",0.0189123947163242,0.82163273486717,"Tumor cells","Tumor spots"
"Tumour 7",-0.0198670622345725,0,"Macrophages","Other spots"
"Tumour 7",0.0786871337967787,0,"vSMC/Pericyte","Other spots"
"Tumour 7",0.138900015186393,0,"vSMC/Pericyte","Other spots"
"Tumour 7",-0.197287919985024,0,"vSMC/Pericyte","Other spots"
"Tumour 7",-0.0412472438699283,0,"vSMC/Pericyte","Other spots"
"Tumour 7",-0.0704939712921557,0,"Tumor cells","Tumor spots"
"Tumour 7",-0.262020325360783,0,"vSMC/Pericyte","Other spots"
"Tumour 7",-0.177458274859863,0.887429264490572,"Tumor cells","Tumor spots"
"Tumour 7",-0.0576415320106606,0,"Tumor cells","Tumor spots"
"Tumour 7",-0.0915759853393649,0,"vSMC/Pericyte","Other spots"
"Tumour 7",0.0862611035204006,0,"Tumor cells","Tumor spots"
"Tumour 7",0.0446915780054808,1.64155602626989,"vSMC/Pericyte","Other spots"
"Tumour 7",0.192999825370686,0.72205002191354,"Tumor cells","Tumor spots"
"Tumour 7",0.109183997615617,0,"vSMC/Pericyte","Other spots"
"Tumour 7",-0.165538083585298,0,"vSMC/Pericyte","Other spots"
"Tumour 7",0.242854072468507,0,"Tumor cells","Tumor spots"
"Tumour 7",0.114907816464047,0,"Tumor cells","Tumor spots"
"Tumour 7",-0.23666123844616,0.869538401219051,"Tumor cells","Tumor spots"
"Tumour 7",-0.0580231682165778,0,"vSMC/Pericyte","Other spots"
"Tumour 7",-0.00330595181191773,0.717399586962918,"Tumor cells","Tumor spots"
"Tumour 7",-0.0550684803210303,0.807404777588481,"Tumor cells","Tumor spots"
"Tumour 7",-0.0422596914588668,0,"vSMC/Pericyte","Other spots"
"Tumour 7",0.000223882564954203,1.52730969826954,"vSMC/Pericyte","Other spots"
"Tumour 7",-0.1073076696715,0,"vSMC/Pericyte","Other spots"
"Tumour 7",-0.117004038622578,0,"vSMC/Pericyte","Other spots"
"Tumour 7",0.174804250419497,0,"vSMC/Pericyte","Other spots"
"Tumour 7",0.143818356978251,0,"vSMC/Pericyte","Other spots"
"Tumour 7",-0.0792496118807122,0,"Tumor cells","Tumor spots"
"Tumour 7",0.0911728194261084,0.738406189396585,"vSMC/Pericyte","Other spots"
"Tumour 7",-0.076461825113008,0,"vSMC/Pericyte","Other spots"
"Tumour 7",-0.0603416550803133,0.578517218093298,"Tumor cells","Tumor spots"
"Tumour 7",0.107546709934168,0,"Tumor cells","Tumor spots"
"Tumour 7",-0.0421715608502553,0,"Tumor cells","Tumor spots"
"Tumour 7",0.10742780081932,0,"vSMC/Pericyte","Other spots"
"Tumour 7",-0.372451695513724,0,"vSMC/Pericyte","Other spots"
"Tumour 7",-0.0954012332969199,0.522561566325974,"Tumor cells","Tumor spots"
"Tumour 7",-0.201585864678618,0,"Tumor cells","Tumor spots"
"Tumour 7",-0.0621013121095942,0.945003211824171,"vSMC/Pericyte","Other spots"
"Tumour 7",0.0310892093205148,0.430320344076267,"vSMC/Pericyte","Other spots"
"Tumour 7",-0.07841032999675,0.785902455734667,"Tumor cells","Tumor spots"
"Tumour 7",-0.0918728803613298,0,"Tumor cells","Tumor spots"
"Tumour 7",-0.0618936104908462,0,"Tumor cells","Tumor spots"
"Tumour 7",0.103648049930624,0.546758146622391,"Tumor cells","Tumor spots"
"Tumour 7",0.0907751832427473,0.701910945776136,"vSMC/Pericyte","Other spots"
"Tumour 7",0.104134807325453,0.620652325244187,"vSMC/Pericyte","Other spots"
"Tumour 7",-0.117309436683451,0.790579713690247,"Tumor cells","Tumor spots"
"Tumour 7",0.150526981215019,0.789462341660076,"Tumor cells","Tumor spots"
"Tumour 7",-0.300859545784845,0,"vSMC/Pericyte","Other spots"
"Tumour 7",0.114326008405126,0,"vSMC/Pericyte","Other spots"
"Tumour 7",0.066884393699807,0.604511512895858,"Tumor cells","Tumor spots"
"Tumour 7",0.144776079018466,0.633696681221942,"vSMC/Pericyte","Other spots"
"Tumour 7",0.0114832767416885,0.55827978239268,"vSMC/Pericyte","Other spots"
"Tumour 7",-0.0443640738665085,0.605757259446478,"vSMC/Pericyte","Other spots"
"Tumour 7",-0.14397333632895,0,"Tumor cells","Tumor spots"
"Tumour 7",0.113566758768017,0.525088070686555,"vSMC/Pericyte","Other spots"
"Tumour 7",-0.150426661059118,0,"Tumor cells","Tumor spots"
"Tumour 7",0.110685702280979,0,"vSMC/Pericyte","Other spots"
"Tumour 7",0.0291466972174423,0,"vSMC/Pericyte","Other spots"
"Tumour 7",0.189752015932058,0,"Tumor cells","Tumor spots"
"Tumour 7",0.112772818153279,0,"Tumor cells","Tumor spots"
"Tumour 7",0.129390734733276,0,"vSMC/Pericyte","Other spots"
"Tumour 7",-0.0814802118307782,0,"vSMC/Pericyte","Other spots"
"Tumour 7",0.0487548092249142,0.923567011793074,"vSMC/Pericyte","Other spots"
"Tumour 7",0.0270692515508678,0,"Tumor cells","Tumor spots"
"Tumour 7",-0.151050874788363,0,"vSMC/Pericyte","Other spots"
"Tumour 7",0.114119837832421,0,"Tumor cells","Tumor spots"
"Tumour 7",-0.0621929061114722,0,"vSMC/Pericyte","Other spots"
"Tumour 7",-0.118108586854633,0.519451979342402,"vSMC/Pericyte","Other spots"
"Tumour 7",-0.0145507389170598,0,"vSMC/Pericyte","Other spots"
"Tumour 7",-0.192764448823213,0,"Tumor cells","Tumor spots"
"Tumour 7",-0.0516729857205488,0.432646063239965,"vSMC/Pericyte","Other spots"
"Tumour 7",-0.0875898972874614,0.595133283943352,"vSMC/Pericyte","Other spots"
"Tumour 7",-0.169729419910493,1.01397740308764,"vSMC/Pericyte","Other spots"
"Tumour 7",0.09646087317496,0,"vSMC/Pericyte","Other spots"
"Tumour 7",-0.146581300917381,0,"Tumor cells","Tumor spots"
"Tumour 7",-0.133404364065689,0,"vSMC/Pericyte","Other spots"
"Tumour 7",-0.102987086023882,0,"Tumor cells","Tumor spots"
"Tumour 7",-0.123378773710792,0.620811461217666,"vSMC/Pericyte","Other spots"
"Tumour 7",-0.132253650155505,0,"Tumor cells","Tumor spots"
"Tumour 7",0.183032042041696,0,"Tumor cells","Tumor spots"
"Tumour 7",0.0832081658630342,0,"Tumor cells","Tumor spots"
"Tumour 7",0.0828987933075441,0.484022080956444,"Tumor cells","Tumor spots"
"Tumour 7",0.126877027907452,0,"Tumor cells","Tumor spots"
"Tumour 7",-0.00553903622350488,0,"vSMC/Pericyte","Other spots"
"Tumour 7",-0.175866365984547,0,"Tumor cells","Tumor spots"
"Tumour 7",0.0598001463709422,0,"vSMC/Pericyte","Other spots"
"Tumour 7",-0.241057362088423,0,"vSMC/Pericyte","Other spots"
"Tumour 7",-0.0117101401973992,0.546758146622391,"vSMC/Pericyte","Other spots"
"Tumour 7",-0.205825574432896,0,"Tumor cells","Tumor spots"
"Tumour 7",0.00914150880580328,0,"Tumor cells","Tumor spots"
"Tumour 7",0.142925194505659,0.512726154345012,"Tumor cells","Tumor spots"
"Tumour 7",-0.245091206207079,0,"vSMC/Pericyte","Other spots"
"Tumour 7",-0.0123013391774443,0,"vSMC/Pericyte","Other spots"
"Tumour 7",0.252765914359065,0,"vSMC/Pericyte","Other spots"
"Tumour 7",0.146435020595652,0.629654620443205,"vSMC/Pericyte","Other spots"
"Tumour 7",0.145459243307797,0.656834567619307,"vSMC/Pericyte","Other spots"
"Tumour 7",-0.13548713254904,0,"Tumor cells","Tumor spots"
"Tumour 7",-0.115996535860984,0,"Tumor cells","Tumor spots"
"Tumour 7",0.0947283023337422,0,"vSMC/Pericyte","Other spots"
"Tumour 7",0.0474737237668293,0,"Tumor cells","Tumor spots"
"Tumour 7",-0.0662029818428604,0.439053017698348,"Tumor cells","Tumor spots"
"Tumour 7",-0.169336914555898,0.813718063017762,"vSMC/Pericyte","Other spots"
"Tumour 7",-0.142210500142675,0,"vSMC/Pericyte","Other spots"
"Tumour 7",-0.236078237330933,0,"vSMC/Pericyte","Other spots"
"Tumour 7",-0.115456593919776,0,"Tumor cells","Tumor spots"
"Tumour 7",-0.164263872262566,0,"vSMC/Pericyte","Other spots"
"Tumour 7",-0.019838989214864,0,"vSMC/Pericyte","Other spots"
"Tumour 7",-0.174642934511536,0.934036108686001,"Tumor cells","Tumor spots"
"Tumour 7",0.0207296325628641,0.866730722422152,"Tumor cells","Tumor spots"
"Tumour 7",-0.00584646877788642,0.832637911976519,"vSMC/Pericyte","Other spots"
"Tumour 7",-0.151734880974089,0.871151482545748,"Tumor cells","Tumor spots"
"Tumour 7",-0.088913636470592,0,"vSMC/Pericyte","Other spots"
"Tumour 7",-0.136268545800425,0.667936569901672,"vSMC/Pericyte","Other spots"
"Tumour 7",0.188808505318938,0.743201975387059,"Tumor cells","Tumor spots"
"Tumour 7",-0.037576144794513,0,"vSMC/Pericyte","Other spots"
"Tumour 7",-0.0168319103915098,0.971447837622666,"Tumor cells","Tumor spots"
"Tumour 7",-0.0132520382871518,0,"vSMC/Pericyte","Other spots"
"Tumour 7",0.0727409512241169,0.765672046521223,"vSMC/Pericyte","Other spots"
"Tumour 7",0.00065010689957129,0,"Tumor cells","Tumor spots"
"Tumour 7",-0.000537118343760523,0.367560751583983,"Tumor cells","Tumor spots"
"Tumour 7",0.0978710674596529,0.859245225929111,"Tumor cells","Tumor spots"
"Tumour 7",-0.0617842413748559,0.905464124148096,"Tumor cells","Tumor spots"
"Tumour 7",-0.13138911740451,0,"Tumor cells","Tumor spots"
"Tumour 7",-0.0735654768674667,0,"Tumor cells","Tumor spots"
"Tumour 7",-0.127845696179396,0,"vSMC/Pericyte","Other spots"
"Tumour 7",-0.00415488683071802,0,"Tumor cells","Tumor spots"
"Tumour 7",0.0248747592000408,0,"Tumor cells","Tumor spots"
"Tumour 7",0.101420663999233,0,"Tumor cells","Tumor spots"
"Tumour 7",-0.0277077334328353,0.529469669003985,"Tumor cells","Tumor spots"
"Tumour 7",-0.00507674406114511,0.912051793021401,"Tumor cells","Tumor spots"
"Tumour 7",0.157071301476007,0.557226300538041,"vSMC/Pericyte","Other spots"
"Tumour 7",-0.00746020276416731,0.554499927196461,"Tumor cells","Tumor spots"
"Tumour 7",0.365503776137804,0,"vSMC/Pericyte","Other spots"
"Tumour 7",0.0107624040899056,0,"Tumor cells","Tumor spots"
"Tumour 7",0.010986772499497,0,"vSMC/Pericyte","Other spots"
"Tumour 7",0.228689436698068,1.43850735460176,"vSMC/Pericyte","Other spots"
"Tumour 7",-0.0301226343210788,0,"Tumor cells","Tumor spots"
"Tumour 7",-0.148393105177095,0.488604752292234,"vSMC/Pericyte","Other spots"
"Tumour 7",-0.0488989008975758,0.670539706274946,"Tumor cells","Tumor spots"
"Tumour 7",-0.155433786143448,0,"vSMC/Pericyte","Other spots"
"Tumour 7",-0.152226042365573,0,"vSMC/Pericyte","Other spots"
"Tumour 7",-0.0953707257537131,0,"Tumor cells","Tumor spots"
"Tumour 7",-0.0440179849278305,0.6087228908893,"vSMC/Pericyte","Other spots"
"Tumour 7",-0.00988719674317046,0.673823376866802,"vSMC/Pericyte","Other spots"
"Tumour 7",0.100706394554085,0,"vSMC/Pericyte","Other spots"
"Tumour 7",0.196786865002433,0,"Tumor cells","Tumor spots"
"Tumour 7",-0.0985349167287713,0,"vSMC/Pericyte","Other spots"
"Tumour 7",0.0557852317591055,0.809716855231286,"Tumor cells","Tumor spots"
"Tumour 7",0.0346165526452266,0,"Tumor cells","Tumor spots"
"Tumour 7",-0.131378939701496,0,"vSMC/Pericyte","Other spots"
"Tumour 7",0.0667805190514557,0,"Tumor cells","Tumor spots"
"Tumour 7",-0.0383246936297344,0.64185862305065,"vSMC/Pericyte","Other spots"
"Tumour 7",-0.117608860830667,0.578758206115053,"Tumor cells","Tumor spots"
"Tumour 7",-0.113409227185444,0.551925717503468,"Tumor cells","Tumor spots"
"Tumour 7",0.0763441268952582,0,"Tumor cells","Tumor spots"
"Tumour 7",-0.0498274944213988,0,"vSMC/Pericyte","Other spots"
"Tumour 7",0.0684988300055373,0,"vSMC/Pericyte","Other spots"
"Tumour 7",-0.157552514381871,0,"Tumor cells","Tumor spots"
"Tumour 7",-0.260089363861161,0,"vSMC/Pericyte","Other spots"
"Tumour 7",-0.154222647271347,0.823027379692291,"Tumor cells","Tumor spots"
"Tumour 7",0.0407179868344105,0,"vSMC/Pericyte","Other spots"
"Tumour 7",-0.124237125778983,0,"vSMC/Pericyte","Other spots"
"Tumour 7",-0.0674837054384204,0.4987001629644,"Tumor cells","Tumor spots"
"Tumour 7",0.0848297819125648,0,"Tumor cells","Tumor spots"
"Tumour 7",0.00400206255611352,0.668910286260271,"vSMC/Pericyte","Other spots"
"Tumour 7",0.0534400332424915,0,"Tumor cells","Tumor spots"
"Tumour 7",-0.10724430365406,0,"Tumor cells","Tumor spots"
"Tumour 7",-0.0393373171318404,0.929836676818177,"Tumor cells","Tumor spots"
"Tumour 7",0.367188218706182,0,"Tumor cells","Tumor spots"
"Tumour 7",-0.108310452026377,0,"vSMC/Pericyte","Other spots"
"Tumour 7",0.0115210560000586,0,"Tumor cells","Tumor spots"
"Tumour 7",0.10241380382201,0,"vSMC/Pericyte","Other spots"
"Tumour 7",0.197085480123382,0,"Tumor cells","Tumor spots"
"Tumour 7",0.223104733835447,0.616701101469536,"Tumor cells","Tumor spots"
"Tumour 7",-0.0541568767609243,0.485363628684274,"Tumor cells","Tumor spots"
"Tumour 7",-0.0503335209929622,0,"vSMC/Pericyte","Other spots"
"Tumour 7",0.0280202851035097,0,"Tumor cells","Tumor spots"
"Tumour 7",0.0680301781291777,0.635403702555203,"vSMC/Pericyte","Other spots"
"Tumour 7",0.113669509919528,0,"Tumor cells","Tumor spots"
"Tumour 7",0.0307625511698979,0,"vSMC/Pericyte","Other spots"
"Tumour 7",-0.112703972671754,0,"vSMC/Pericyte","Other spots"
"Tumour 7",0.096981012957192,0.506175927129393,"vSMC/Pericyte","Other spots"
"Tumour 7",0.00281219188234494,0,"vSMC/Pericyte","Other spots"
"Tumour 7",-0.0302203145037655,0,"vSMC/Pericyte","Other spots"
"Tumour 7",0.0908325735629953,0.503675977076338,"vSMC/Pericyte","Other spots"
"Tumour 7",0.121178900769181,0.537897609314336,"Tumor cells","Tumor spots"
"Tumour 7",-0.0662040790328147,0.703763692536909,"Tumor cells","Tumor spots"
"Tumour 7",0.066358096205131,0,"vSMC/Pericyte","Other spots"
"Tumour 7",0.172719646029303,1.06822856811517,"Tumor cells","Tumor spots"
"Tumour 7",-0.192238634181899,0.762658516640899,"Tumor cells","Tumor spots"
"Tumour 7",0.131896109777386,0.520170470645986,"vSMC/Pericyte","Other spots"
"Tumour 7",-0.0610690506379485,0,"vSMC/Pericyte","Other spots"
"Tumour 7",0.120801995567083,0,"Tumor cells","Tumor spots"
"Tumour 7",-0.102717556159709,0.627734915373777,"Tumor cells","Tumor spots"
"Tumour 7",0.0924094929803422,0.884998660334787,"Tumor cells","Tumor spots"
"Tumour 7",-0.0470519644782768,0,"vSMC/Pericyte","Other spots"
"Tumour 7",0.165856584630479,0,"vSMC/Pericyte","Other spots"
"Tumour 7",-0.103871542337777,0,"vSMC/Pericyte","Other spots"
"Tumour 7",0.0554025632824734,0,"Tumor cells","Tumor spots"
"Tumour 7",0.0567230645853342,0,"vSMC/Pericyte","Other spots"
"Tumour 7",0.0883010046616048,0,"vSMC/Pericyte","Other spots"
"Tumour 7",-0.0444955461453297,0,"vSMC/Pericyte","Other spots"
"Tumour 7",-0.176052315292176,0,"Tumor cells","Tumor spots"
"Tumour 7",0.0756396282918994,0,"Tumor cells","Tumor spots"
"Tumour 7",-0.0537949302491789,1.07093177632061,"Tumor cells","Tumor spots"
"Tumour 7",-0.13876722998249,0,"vSMC/Pericyte","Other spots"
"Tumour 7",-0.160731867446323,0,"vSMC/Pericyte","Other spots"
"Tumour 7",0.138536277927033,0.761409358312052,"vSMC/Pericyte","Other spots"
"Tumour 7",0.155499647437993,0,"vSMC/Pericyte","Other spots"
"Tumour 7",-0.0830688866588577,0,"vSMC/Pericyte","Other spots"
"Tumour 7",0.0159154857798736,0,"vSMC/Pericyte","Other spots"
"Tumour 7",-0.0414509100697878,0,"vSMC/Pericyte","Other spots"
"Tumour 7",0.185979616657616,1.18106624537406,"vSMC/Pericyte","Other spots"
"Tumour 7",0.0136128283369111,0,"vSMC/Pericyte","Other spots"
"Tumour 7",0.0619469735863631,0,"Tumor cells","Tumor spots"
"Tumour 7",0.0324549213843283,0,"vSMC/Pericyte","Other spots"
"Tumour 7",-0.0318617836648691,0,"vSMC/Pericyte","Other spots"
"Tumour 7",-0.0530244661531965,0,"Tumor cells","Tumor spots"
"Tumour 7",0.174250539626687,0,"vSMC/Pericyte","Other spots"
"Tumour 7",-0.18627123580323,0,"vSMC/Pericyte","Other spots"
"Tumour 7",0.0365790319934767,0,"vSMC/Pericyte","Other spots"
"Tumour 7",-0.28041038212339,0,"vSMC/Pericyte","Other spots"
"Tumour 7",-0.0844799345133374,0,"vSMC/Pericyte","Other spots"
"Tumour 7",0.0670627161153927,0,"Tumor cells","Tumor spots"
"Tumour 7",-0.115394956255118,0.604059821923769,"vSMC/Pericyte","Other spots"
"Tumour 7",-0.0537576663482017,0,"vSMC/Pericyte","Other spots"
"Tumour 7",-0.122309545556919,0,"Tumor cells","Tumor spots"
"Tumour 7",-0.0501833291316621,0,"vSMC/Pericyte","Other spots"
"Tumour 7",-0.0485785739280182,0,"Tumor cells","Tumor spots"
"Tumour 7",0.0949936519374782,0.633821263813322,"Tumor cells","Tumor spots"
"Tumour 7",0.00257754144092154,0,"vSMC/Pericyte","Other spots"
"Tumour 7",-0.14757909271602,0,"Tumor cells","Tumor spots"
"Tumour 7",0.0460423724835007,0,"Tumor cells","Tumor spots"
"Tumour 7",0.177944843869171,0.528724676362835,"Tumor cells","Tumor spots"
"Tumour 7",-0.16065791939859,0,"Tumor cells","Tumor spots"
"Tumour 7",-0.00331332785525867,0,"vSMC/Pericyte","Other spots"
"Tumour 7",-0.133143239076601,0,"Tumor cells","Tumor spots"
"Tumour 7",-0.0746632930510063,0,"vSMC/Pericyte","Other spots"
"Tumour 7",0.140486476048387,0,"Tumor cells","Tumor spots"
"Tumour 7",-0.0512318056834344,0,"vSMC/Pericyte","Other spots"
"Tumour 7",0.0442616336052517,1.01504196415475,"vSMC/Pericyte","Other spots"
"Tumour 7",-0.144711018710663,0,"Tumor cells","Tumor spots"
"Tumour 7",0.0089863879627074,0.501457751197404,"Tumor cells","Tumor spots"
"Tumour 7",-0.0562712912972302,0.866930632265877,"Tumor cells","Tumor spots"
"Tumour 7",-0.149281016809445,0,"Tumor cells","Tumor spots"
"Tumour 7",0.0324196347602277,0,"vSMC/Pericyte","Other spots"
"Tumour 7",0.206345904369185,0,"vSMC/Pericyte","Other spots"
"Tumour 7",0.0579236179156367,0.768969324372919,"Tumor cells","Tumor spots"
"Tumour 7",-0.0908222657785455,0,"Tumor cells","Tumor spots"
"Tumour 7",0.125326616846203,0.762079104773887,"Tumor cells","Tumor spots"
"Tumour 7",-0.035017938879299,0.511948138316187,"Tumor cells","Tumor spots"
"Tumour 7",0.056833770298496,0.887345213926233,"Tumor cells","Tumor spots"
"Tumour 7",0.0964976858252587,0.648581308329605,"Tumor cells","Tumor spots"
"Tumour 7",0.0129852965979628,0,"vSMC/Pericyte","Other spots"
"Tumour 7",-0.0104230602571304,0,"Tumor cells","Tumor spots"
"Tumour 7",-0.128142733786238,0.717990923877402,"vSMC/Pericyte","Other spots"
"Tumour 7",0.0220437476322098,0,"vSMC/Pericyte","Other spots"
"Tumour 7",0.0947451338614275,0.596449415339333,"vSMC/Pericyte","Other spots"
"Tumour 7",-0.18106488073478,0,"vSMC/Pericyte","Other spots"
"Tumour 7",0.113932330899261,0,"vSMC/Pericyte","Other spots"
"Tumour 7",0.137446724171742,0.435362995752613,"Tumor cells","Tumor spots"
"Tumour 7",0.0352503158988455,0,"vSMC/Pericyte","Other spots"
"Tumour 7",-0.108055369512504,0,"vSMC/Pericyte","Other spots"
"Tumour 7",-0.0221976810693884,0.517801641673543,"vSMC/Pericyte","Other spots"
"Tumour 7",-0.182105643854801,0,"vSMC/Pericyte","Other spots"
"Tumour 7",-0.154519497605955,0,"vSMC/Pericyte","Other spots"
"Tumour 7",-0.0634547926136473,0,"vSMC/Pericyte","Other spots"
"Tumour 7",-0.0596789319726126,0.722594854998228,"vSMC/Pericyte","Other spots"
"Tumour 7",-0.0365356581930765,0.60106622700554,"vSMC/Pericyte","Other spots"
"Tumour 7",-0.192775166029306,0,"Tumor cells","Tumor spots"
"Tumour 7",-0.0461931354405365,0,"vSMC/Pericyte","Other spots"
"Tumour 7",-0.0141192308551408,0.80058503649952,"Tumor cells","Tumor spots"
"Tumour 7",-0.137879693805267,0,"vSMC/Pericyte","Other spots"
"Tumour 7",0.0156485008610586,0.779361685966051,"Tumor cells","Tumor spots"
"Tumour 7",0.0544516082395135,0,"Tumor cells","Tumor spots"
"Tumour 7",0.0953321457790421,0.559112680971765,"vSMC/Pericyte","Other spots"
"Tumour 7",-0.0170267339330561,0.435285988098293,"Tumor cells","Tumor spots"
"Tumour 7",-0.0164091157288195,0,"vSMC/Pericyte","Other spots"
"Tumour 7",-0.00205844626380169,0,"vSMC/Pericyte","Other spots"
"Tumour 7",-0.153668618198469,0.525059861136537,"vSMC/Pericyte","Other spots"
"Tumour 7",0.00995197389927466,0,"vSMC/Pericyte","Other spots"
"Tumour 7",0.169407086431895,0.620572788823129,"Tumor cells","Tumor spots"
"Tumour 7",-0.177294028519878,0.799100937565132,"vSMC/Pericyte","Other spots"
"Tumour 7",-0.00132490016196851,0,"vSMC/Pericyte","Other spots"
"Tumour 7",-0.101948481767102,0.482901960459658,"vSMC/Pericyte","Other spots"
"Tumour 7",0.0323855055704294,0,"Tumor cells","Tumor spots"
"Tumour 7",0.178422555222267,0,"Tumor cells","Tumor spots"
"Tumour 7",0.153581751562834,0.486833612357682,"Tumor cells","Tumor spots"
"Tumour 7",0.0393342433545579,0.625422917697523,"Tumor cells","Tumor spots"
"Tumour 7",-0.0505737579106606,0,"Tumor cells","Tumor spots"
"Tumour 7",0.0539713159809008,0,"vSMC/Pericyte","Other spots"
"Tumour 7",0.223662460053303,0,"vSMC/Pericyte","Other spots"
"Tumour 7",0.118369448947548,0.55011968027623,"Tumor cells","Tumor spots"
"Tumour 7",0.0769609871467392,0,"vSMC/Pericyte","Other spots"
"Tumour 7",0.246634374742999,0,"Tumor cells","Tumor spots"
"Tumour 7",0.0639617827639603,0,"vSMC/Pericyte","Other spots"
"Tumour 7",-0.00322678775780194,0,"Tumor cells","Tumor spots"
"Tumour 7",0.0462938515534309,0.541448347123957,"vSMC/Pericyte","Other spots"
"Tumour 7",-0.146594511497858,0,"Tumor cells","Tumor spots"
"Tumour 7",0.0470484025601206,0,"Tumor cells","Tumor spots"
"Tumour 7",-0.101079739750188,0,"Tumor cells","Tumor spots"
"Tumour 7",-0.181111194448654,0,"Tumor cells","Tumor spots"
"Tumour 7",-0.178612979392882,0.58764447806838,"vSMC/Pericyte","Other spots"
"Tumour 7",-0.16686941957578,0,"vSMC/Pericyte","Other spots"
"Tumour 7",-0.012910024836302,0,"Tumor cells","Tumor spots"
"Tumour 7",0.106284523987685,0,"Tumor cells","Tumor spots"
"Tumour 7",-0.0195817641911301,0.771086932135083,"vSMC/Pericyte","Other spots"
"Tumour 7",-0.167386569106637,0,"Tumor cells","Tumor spots"
"Tumour 7",-0.13032701316366,0.597073007279815,"Tumor cells","Tumor spots"
"Tumour 7",-0.0433921069370836,0,"vSMC/Pericyte","Other spots"
"Tumour 7",-0.111682645856672,0,"Tumor cells","Tumor spots"
"Tumour 7",0.152365657429306,0,"Tumor cells","Tumor spots"
"Tumour 7",-0.136358521598999,0,"vSMC/Pericyte","Other spots"
"Tumour 7",-0.0934981932160736,0.59324272495699,"Tumor cells","Tumor spots"
"Tumour 7",0.0405453526054163,0,"Tumor cells","Tumor spots"
"Tumour 7",-0.0216866497988975,0,"Tumor cells","Tumor spots"
"Tumour 7",-0.0456462567771989,0,"Tumor cells","Tumor spots"
"Tumour 7",0.0339874957741065,0,"Tumor cells","Tumor spots"
"Tumour 7",-0.108547537490728,0,"vSMC/Pericyte","Other spots"
"Tumour 7",0.0779393253899053,0,"Tumor cells","Tumor spots"
"Tumour 7",0.00525274358583128,0.669630872276624,"Tumor cells","Tumor spots"
"Tumour 7",-0.118139392274976,0,"vSMC/Pericyte","Other spots"
"Tumour 7",0.0987346118483629,0,"vSMC/Pericyte","Other spots"
"Tumour 7",-0.0064540399114848,0,"Tumor cells","Tumor spots"
"Tumour 7",0.0605913555599569,0,"Tumor cells","Tumor spots"
"Tumour 7",0.0386045292098371,0.627979310777427,"vSMC/Pericyte","Other spots"
"Tumour 7",-0.00285103573034889,0.497661389415368,"Tumor cells","Tumor spots"
"Tumour 7",0.070218307856853,0.5439534754179,"Tumor cells","Tumor spots"
"Tumour 7",-0.036335913341998,0.715685093081032,"Tumor cells","Tumor spots"
"Tumour 7",-0.0983371659004751,1.19961549895698,"Tumor cells","Tumor spots"
"Tumour 7",-0.163474788794331,0,"vSMC/Pericyte","Other spots"
"Tumour 7",0.0252210567670411,0,"vSMC/Pericyte","Other spots"
"Tumour 7",0.0651032119718564,0.579551478845554,"Tumor cells","Tumor spots"
"Tumour 7",0.0174406091012778,0.781218780788876,"vSMC/Pericyte","Other spots"
"Tumour 7",-0.0973475857864523,0.551832003672253,"vSMC/Pericyte","Other spots"
"Tumour 7",-0.00912862456930147,0,"vSMC/Pericyte","Other spots"
"Tumour 7",0.333093097207462,0,"vSMC/Pericyte","Other spots"
"Tumour 7",-0.00183056592687547,0,"Tumor cells","Tumor spots"
"Tumour 7",-0.0542789021142193,0,"Tumor cells","Tumor spots"
"Tumour 7",-0.112437388100801,0,"Tumor cells","Tumor spots"
"Tumour 7",-0.063543098877894,0,"Tumor cells","Tumor spots"
"Tumour 7",0.0771033100928624,0,"vSMC/Pericyte","Other spots"
"Tumour 7",0.0827565351539151,0.594222815734344,"vSMC/Pericyte","Other spots"
"Tumour 7",-0.173807742720771,0,"Tumor cells","Tumor spots"
"Tumour 7",0.111205556055038,0,"vSMC/Pericyte","Other spots"
"Tumour 7",0.114121469654219,0.851087157299689,"vSMC/Pericyte","Other spots"
"Tumour 7",-0.138408983069234,0,"vSMC/Pericyte","Other spots"
"Tumour 7",-0.111521995207577,0.452838708068115,"Tumor cells","Tumor spots"
"Tumour 7",0.0331642209135685,0,"vSMC/Pericyte","Other spots"
"Tumour 7",-0.160166072400733,0.911918145309247,"vSMC/Pericyte","Other spots"
"Tumour 7",0.0552878861721506,0,"Tumor cells","Tumor spots"
"Tumour 7",-0.0743973731812984,0,"vSMC/Pericyte","Other spots"
"Tumour 7",-0.0691452420651409,0,"vSMC/Pericyte","Other spots"
"Tumour 7",-0.0406816914502319,0,"vSMC/Pericyte","Other spots"
"Tumour 7",-0.0078380767233337,0,"Tumor cells","Tumor spots"
"Tumour 7",-0.328259468954664,0,"vSMC/Pericyte","Other spots"
"Tumour 7",-0.0791054118172488,0,"vSMC/Pericyte","Other spots"
"Tumour 7",0.116717247478181,0,"Tumor cells","Tumor spots"
"Tumour 7",0.058364984342502,0,"Tumor cells","Tumor spots"
"Tumour 7",-0.105034278562746,0,"Tumor cells","Tumor spots"
"Tumour 7",0.0658901908414091,0,"Tumor cells","Tumor spots"
"Tumour 7",0.0203442537570749,0,"Tumor cells","Tumor spots"
"Tumour 7",-0.111861512473419,0.723249787967857,"Tumor cells","Tumor spots"
"Tumour 7",0.120807234551485,0,"vSMC/Pericyte","Other spots"
"Tumour 7",-0.0998370147110837,0,"vSMC/Pericyte","Other spots"
"Tumour 7",0.0188132159023413,0,"Tumor cells","Tumor spots"
"Tumour 7",-0.271347124502212,0,"vSMC/Pericyte","Other spots"
"Tumour 7",0.0423534226772729,0.490241925933109,"Tumor cells","Tumor spots"
"Tumour 7",-0.188504358436487,0,"Tumor cells","Tumor spots"
"Tumour 7",-0.11643907861413,0,"Tumor cells","Tumor spots"
"Tumour 7",0.0266150123885506,0,"vSMC/Pericyte","Other spots"
"Tumour 7",0.132206393949374,0,"vSMC/Pericyte","Other spots"
"Tumour 7",-0.114579806316744,0.540100000130374,"Tumor cells","Tumor spots"
"Tumour 7",-0.0914566310632314,0.487681152224323,"vSMC/Pericyte","Other spots"
"Tumour 7",0.0267871382660417,0,"Tumor cells","Tumor spots"
"Tumour 7",0.0334205022569533,1.26358168202254,"vSMC/Pericyte","Other spots"
"Tumour 7",-0.0511354055369653,0,"vSMC/Pericyte","Other spots"
"Tumour 7",-0.00611566665744323,0,"vSMC/Pericyte","Other spots"
"Tumour 7",-0.0234579108166506,0,"vSMC/Pericyte","Other spots"
"Tumour 7",-0.0511811385912618,0.8228841091823,"vSMC/Pericyte","Other spots"
"Tumour 7",-0.0674359392459031,0,"vSMC/Pericyte","Other spots"
"Tumour 7",0.0903085453186465,0,"Tumor cells","Tumor spots"
"Tumour 7",-0.188435823324467,0,"Tumor cells","Tumor spots"
"Tumour 7",-0.0300231366105784,0.521641399664049,"Tumor cells","Tumor spots"
"Tumour 7",-0.158082394815666,0,"Tumor cells","Tumor spots"
"Tumour 7",0.140685475630206,0,"vSMC/Pericyte","Other spots"
"Tumour 7",0.154898644029335,0,"Tumor cells","Tumor spots"
"Tumour 7",-0.0790548382823526,0,"vSMC/Pericyte","Other spots"
"Tumour 7",-0.106142889829852,0,"vSMC/Pericyte","Other spots"
"Tumour 7",0.155565293841833,0,"Tumor cells","Tumor spots"
"Tumour 7",0.0106043543814398,0.827241477787004,"Tumor cells","Tumor spots"
"Tumour 7",-0.152382901455026,0.88333062140654,"vSMC/Pericyte","Other spots"
"Tumour 7",-0.0519707100578226,0.71366019173824,"Tumor cells","Tumor spots"
"Tumour 7",-0.109926760475846,0,"Tumor cells","Tumor spots"
"Tumour 7",-0.00587272351045481,0,"vSMC/Pericyte","Other spots"
"Tumour 7",0.0578863348655119,0.583376514424566,"vSMC/Pericyte","Other spots"
"Tumour 7",0.0793406257942031,0.54501698851427,"vSMC/Pericyte","Other spots"
"Tumour 7",0.0112519354515936,0.900361999265141,"Tumor cells","Tumor spots"
"Tumour 7",0.119648284812144,0,"Tumor cells","Tumor spots"
"Tumour 7",-0.0727850138149015,0,"vSMC/Pericyte","Other spots"
"Tumour 7",0.204924555795974,0,"Tumor cells","Tumor spots"
"Tumour 7",-0.145384205982105,0,"vSMC/Pericyte","Other spots"
"Tumour 7",-0.0172872193377767,0,"Tumor cells","Tumor spots"
"Tumour 7",-0.167416821433822,0,"vSMC/Pericyte","Other spots"
"Tumour 7",-0.0968104392957349,0.514803695886614,"vSMC/Pericyte","Other spots"
"Tumour 7",0.0711036211719289,0,"vSMC/Pericyte","Other spots"
"Tumour 7",0.128018434986853,1.03626791727988,"vSMC/Pericyte","Other spots"
"Tumour 7",0.103026044094555,0,"Tumor cells","Tumor spots"
"Tumour 7",-0.022138335591901,1.12756203982416,"vSMC/Pericyte","Other spots"
"Tumour 7",-0.0721778132607513,0.538401935045393,"vSMC/Pericyte","Other spots"
"Tumour 7",0.013399196613665,0.3805957087064,"vSMC/Pericyte","Other spots"
"Tumour 7",0.110722686822278,0,"Tumor cells","Tumor spots"
"Tumour 7",0.0408776386012751,0,"vSMC/Pericyte","Other spots"
"Tumour 7",-0.080459501733963,0.693397274346418,"vSMC/Pericyte","Other spots"
"Tumour 7",0.0374806168503882,0,"vSMC/Pericyte","Other spots"
"Tumour 7",-0.122742717294215,0.562925032578554,"Tumor cells","Tumor spots"
"Tumour 7",0.1522486781936,0.682567674823149,"Tumor cells","Tumor spots"
"Tumour 7",-0.01053986907775,0,"B/Plasma/Mast","Other spots"
"Tumour 7",-0.132336968969842,0,"vSMC/Pericyte","Other spots"
"Tumour 7",-0.01036609626117,0.518460488663136,"Tumor cells","Tumor spots"
"Tumour 7",0.0183527220145856,0,"vSMC/Pericyte","Other spots"
"Tumour 7",-0.172691421096103,0,"vSMC/Pericyte","Other spots"
"Tumour 7",0.0543896045426636,0,"vSMC/Pericyte","Other spots"
"Tumour 7",0.0218056725730594,0.788544643248152,"Tumor cells","Tumor spots"
"Tumour 7",-0.13184658576142,0,"vSMC/Pericyte","Other spots"
"Tumour 7",0.101406815481478,0,"vSMC/Pericyte","Other spots"
"Tumour 7",-0.162771389857406,0.540878204856881,"vSMC/Pericyte","Other spots"
"Tumour 7",0.0661431511395802,0,"Tumor cells","Tumor spots"
"Tumour 7",0.0805149637561686,0.363147232458496,"Tumor cells","Tumor spots"
"Tumour 7",0.17045031802,0,"vSMC/Pericyte","Other spots"
"Tumour 7",0.0944184579304773,0,"vSMC/Pericyte","Other spots"
"Tumour 7",-0.181428267271569,0,"vSMC/Pericyte","Other spots"
"Tumour 7",0.0625461313358218,0.510585738909571,"Tumor cells","Tumor spots"
"Tumour 7",-0.10966390940209,0.737523061960655,"vSMC/Pericyte","Other spots"
"Tumour 7",0.00797836015795422,0,"Tumor cells","Tumor spots"
"Tumour 7",0.0677375556183619,0,"vSMC/Pericyte","Other spots"
"Tumour 7",0.243778242014695,0,"vSMC/Pericyte","Other spots"
"Tumour 7",-0.118694381503653,0,"Tumor cells","Tumor spots"
"Tumour 7",-0.0518337357491997,0.558311769879178,"Tumor cells","Tumor spots"
"Tumour 7",-0.0790439977956882,0,"Tumor cells","Tumor spots"
"Tumour 7",0.0891561965955316,0,"vSMC/Pericyte","Other spots"
"Tumour 7",-0.092224596272247,0,"vSMC/Pericyte","Other spots"
"Tumour 7",0.126553070718423,0,"Tumor cells","Tumor spots"
"Tumour 7",-0.0385184074853557,0.510372701074814,"Tumor cells","Tumor spots"
"Tumour 7",-0.219986331417758,0,"vSMC/Pericyte","Other spots"
"Tumour 7",-0.220335413945952,0,"vSMC/Pericyte","Other spots"
"Tumour 7",-0.175852270718842,0.674012023355784,"vSMC/Pericyte","Other spots"
"Tumour 7",0.0229756652060605,0.62288791919548,"Tumor cells","Tumor spots"
"Tumour 7",0.0088918658686839,0,"vSMC/Pericyte","Other spots"
"Tumour 7",-0.194664345966745,0,"vSMC/Pericyte","Other spots"
"Tumour 7",-0.202108045658012,0,"Tumor cells","Tumor spots"
"Tumour 7",-0.0825375262090609,0.610063373643216,"Tumor cells","Tumor spots"
"Tumour 7",0.00690987450660452,0,"Tumor cells","Tumor spots"
"Tumour 7",0.0177932662762116,0,"vSMC/Pericyte","Other spots"
"Tumour 7",-0.00453215008274854,0.537838340474229,"Tumor cells","Tumor spots"
"Tumour 7",0.213133086216319,1.29570633004373,"vSMC/Pericyte","Other spots"
"Tumour 7",-0.0131763408849323,0,"vSMC/Pericyte","Other spots"
"Tumour 7",0.0327070365453977,0.877380666440715,"vSMC/Pericyte","Other spots"
"Tumour 7",0.0219503572629916,0.630187745635224,"vSMC/Pericyte","Other spots"
"Tumour 7",-0.00864699970710398,0.763422308994504,"vSMC/Pericyte","Other spots"
"Tumour 7",0.108519236150425,0,"vSMC/Pericyte","Other spots"
"Tumour 7",-0.100313204442038,0,"Tumor cells","Tumor spots"
"Tumour 7",0.216703973303335,0,"vSMC/Pericyte","Other spots"
"Tumour 7",-0.0794872317938821,0,"Tumor cells","Tumor spots"
"Tumour 7",-0.0723677997491449,0.567815853459192,"Tumor cells","Tumor spots"
"Tumour 7",0.0253120429271758,0,"vSMC/Pericyte","Other spots"
"Tumour 7",0.0374647427282197,0,"vSMC/Pericyte","Other spots"
"Tumour 7",0.260631698323229,0.600991778620115,"Tumor cells","Tumor spots"
"Tumour 7",0.0768303354662473,0.447928970389927,"vSMC/Pericyte","Other spots"
"Tumour 7",0.123443941815355,0.471508520425156,"Tumor cells","Tumor spots"
"Tumour 7",0.0808487524419338,0.499043167447922,"Tumor cells","Tumor spots"
"Tumour 7",-0.150639616224107,0,"Tumor cells","Tumor spots"
"Tumour 7",0.20276452170919,0.470514193430238,"Tumor cells","Tumor spots"
"Tumour 7",0.0702489427686102,1.08916891135216,"Tumor cells","Tumor spots"
"Tumour 7",0.18478722145305,0.543468712983578,"vSMC/Pericyte","Other spots"
"Tumour 7",-0.0485378734281688,0.782698272826308,"vSMC/Pericyte","Other spots"
"Tumour 7",-0.040656479734862,0,"Tumor cells","Tumor spots"
"Tumour 7",-0.147520006207643,0.4857002011687,"Tumor cells","Tumor spots"
"Tumour 7",-0.00352733704293412,1.10654137200533,"Tumor cells","Tumor spots"
"Tumour 7",0.109713875991196,0,"Tumor cells","Tumor spots"
"Tumour 7",-0.0715761219445428,0,"Tumor cells","Tumor spots"
"Tumour 7",0.0672775901458822,0.760923044214326,"Tumor cells","Tumor spots"
"Tumour 7",-0.0344261289462635,0,"vSMC/Pericyte","Other spots"
"Tumour 7",-0.135246997976718,0.820456541699732,"vSMC/Pericyte","Other spots"
"Tumour 7",-0.179745821198373,0.843883916815366,"vSMC/Pericyte","Other spots"
"Tumour 7",-0.156686698108472,0,"vSMC/Pericyte","Other spots"
"Tumour 7",-0.00257112582947616,0,"vSMC/Pericyte","Other spots"
"Tumour 7",0.031628210164402,0,"vSMC/Pericyte","Other spots"
"Tumour 7",-0.0798403952753168,0,"vSMC/Pericyte","Other spots"
"Tumour 7",-0.185997430302555,0,"Tumor cells","Tumor spots"
"Tumour 7",-0.0409800543196249,0,"vSMC/Pericyte","Other spots"
"Tumour 7",-0.0790025768794985,0.554436848652652,"Tumor cells","Tumor spots"
"Tumour 7",-0.0145588593503059,0,"vSMC/Pericyte","Other spots"
"Tumour 7",-0.144306182990568,0,"vSMC/Pericyte","Other spots"
"Tumour 7",-0.0836503382684544,0,"Tumor cells","Tumor spots"
"Tumour 7",0.0301301353667329,0,"vSMC/Pericyte","Other spots"
"Tumour 7",0.0778787406619299,1.28133843466505,"Tumor cells","Tumor spots"
"Tumour 7",-0.11440965846349,0,"vSMC/Pericyte","Other spots"
"Tumour 7",-0.230833531602827,0,"vSMC/Pericyte","Other spots"
"Tumour 7",0.0713443123634492,0,"vSMC/Pericyte","Other spots"
"Tumour 7",0.260720616124406,0,"Tumor cells","Tumor spots"
"Tumour 7",-0.0690557240954537,0,"vSMC/Pericyte","Other spots"
"Tumour 7",-0.122509567140993,0,"Tumor cells","Tumor spots"
"Tumour 7",-0.101665632054031,0,"vSMC/Pericyte","Other spots"
"Tumour 7",-0.0380267796551309,0,"vSMC/Pericyte","Other spots"
"Tumour 7",-0.129015405937266,0,"vSMC/Pericyte","Other spots"
"Tumour 7",0.114229533142671,0,"vSMC/Pericyte","Other spots"
"Tumour 7",-0.0371534992432619,0.437297223125217,"Tumor cells","Tumor spots"
"Tumour 7",-0.0458735169797422,0.398151294673874,"Tumor cells","Tumor spots"
"Tumour 7",0.0395721288554337,0,"vSMC/Pericyte","Other spots"
"Tumour 7",0.0756227303060324,0,"Tumor cells","Tumor spots"
"Tumour 7",-0.0196375185580363,0.915137286014396,"Tumor cells","Tumor spots"
"Tumour 7",0.0215226017954915,0,"vSMC/Pericyte","Other spots"
"Tumour 7",0.0775769013145348,0,"Tumor cells","Tumor spots"
"Tumour 7",0.0454413723307434,0,"vSMC/Pericyte","Other spots"
"Tumour 7",-0.0726907463092039,0,"vSMC/Pericyte","Other spots"
"Tumour 7",-0.0469191645912081,0,"vSMC/Pericyte","Other spots"
"Tumour 7",-0.212039736010621,0,"vSMC/Pericyte","Other spots"
"Tumour 7",-0.134683688432733,0.618551692749951,"Tumor cells","Tumor spots"
"Tumour 7",0.184276743935665,0,"vSMC/Pericyte","Other spots"
"Tumour 7",0.117203887780253,0.844186198641133,"Tumor cells","Tumor spots"
"Tumour 7",-0.181462992990476,0,"vSMC/Pericyte","Other spots"
"Tumour 7",-0.175124641287711,0.6333232368778,"Tumor cells","Tumor spots"
"Tumour 7",-0.060209356276722,0,"vSMC/Pericyte","Other spots"
"Tumour 7",-0.240431951281778,0,"vSMC/Pericyte","Other spots"
"Tumour 7",0.0725837570857897,0,"Tumor cells","Tumor spots"
"Tumour 7",0.04437067237056,0.767481871292989,"Tumor cells","Tumor spots"
"Tumour 7",0.000275343556672747,0,"vSMC/Pericyte","Other spots"
"Tumour 7",-0.00988661275556663,0,"vSMC/Pericyte","Other spots"
"Tumour 7",-0.198648351936201,0,"vSMC/Pericyte","Other spots"
"Tumour 7",0.0152685101093382,0,"vSMC/Pericyte","Other spots"
"Tumour 7",-0.0563464057632912,0.480442081347044,"vSMC/Pericyte","Other spots"
"Tumour 7",-0.11384792089883,0.586828274923802,"Tumor cells","Tumor spots"
"Tumour 7",0.162900181469632,0,"Tumor cells","Tumor spots"
"Tumour 7",-0.065687848475578,0.789199913032267,"Tumor cells","Tumor spots"
"Tumour 7",-0.038079307196664,0,"Tumor cells","Tumor spots"
"Tumour 7",-0.0867092798361714,1.07162570027986,"vSMC/Pericyte","Other spots"
"Tumour 7",-0.0284137623078998,0.559433705880177,"Tumor cells","Tumor spots"
"Tumour 7",0.057081567409947,0.917928856963383,"vSMC/Pericyte","Other spots"
"Tumour 7",0.0135776951791216,0,"vSMC/Pericyte","Other spots"
"Tumour 7",-0.0511369562403652,0,"Tumor cells","Tumor spots"
"Tumour 7",-0.141626031106786,0.459894900936523,"vSMC/Pericyte","Other spots"
"Tumour 7",-0.135583170511964,0,"vSMC/Pericyte","Other spots"
"Tumour 7",-0.0926832395265628,0.644749704253413,"Tumor cells","Tumor spots"
"Tumour 7",0.0995222422798026,0.745406125266229,"vSMC/Pericyte","Other spots"
"Tumour 7",0.00429636169478559,0.634903103628205,"Tumor cells","Tumor spots"
"Tumour 7",-0.106472273188952,0,"Tumor cells","Tumor spots"
"Tumour 7",-0.0823450039727702,0,"vSMC/Pericyte","Other spots"
"Tumour 7",-0.0140968129498422,0,"Tumor cells","Tumor spots"
"Tumour 7",0.0530354050349144,0.567220387320642,"vSMC/Pericyte","Other spots"
"Tumour 7",-0.0746008522333856,0,"vSMC/Pericyte","Other spots"
"Tumour 7",-0.0966479798756303,0,"vSMC/Pericyte","Other spots"
"Tumour 7",-0.0159225606094771,0.485748321807536,"Tumor cells","Tumor spots"
"Tumour 7",0.0305226487757826,0,"Tumor cells","Tumor spots"
"Tumour 7",0.00250368036948179,0,"Tumor cells","Tumor spots"
"Tumour 7",0.0482464562060954,0.806202499244639,"vSMC/Pericyte","Other spots"
"Tumour 7",0.0235452729580384,0,"Tumor cells","Tumor spots"
"Tumour 7",0.0103931610578775,0,"vSMC/Pericyte","Other spots"
"Tumour 7",0.0901371209325748,0,"vSMC/Pericyte","Other spots"
"Tumour 7",0.112329087731321,0,"Tumor cells","Tumor spots"
"Tumour 7",0.432708423074243,0,"vSMC/Pericyte","Other spots"
"Tumour 7",-0.037819126760493,0,"vSMC/Pericyte","Other spots"
"Tumour 7",-0.225843073820844,0,"vSMC/Pericyte","Other spots"
"Tumour 7",0.0505379229190621,0,"vSMC/Pericyte","Other spots"
"Tumour 7",-0.122291298921306,0,"Tumor cells","Tumor spots"
"Tumour 7",-0.0424281824282977,0,"vSMC/Pericyte","Other spots"
"Tumour 7",-0.152772784666976,0,"vSMC/Pericyte","Other spots"
"Tumour 7",0.051519366360824,1.01528509835112,"Tumor cells","Tumor spots"
"Tumour 7",0.271967087050175,0,"vSMC/Pericyte","Other spots"
"Tumour 7",0.0869286207861154,0,"Tumor cells","Tumor spots"
"Tumour 7",0.00451725108742346,0,"vSMC/Pericyte","Other spots"
"Tumour 7",0.115213092643466,0,"vSMC/Pericyte","Other spots"
"Tumour 7",-0.0384153244560538,0.403739253049845,"vSMC/Pericyte","Other spots"
"Tumour 7",-0.00175989552375888,0,"Tumor cells","Tumor spots"
"Tumour 7",-0.227000859271799,0,"Tumor cells","Tumor spots"
"Tumour 7",-0.0716826619923888,0,"vSMC/Pericyte","Other spots"
"Tumour 7",-0.0773402244692634,0.471939213330549,"vSMC/Pericyte","Other spots"
"Tumour 7",-0.193868926410756,0,"vSMC/Pericyte","Other spots"
"Tumour 7",0.134135386819829,0,"vSMC/Pericyte","Other spots"
"Tumour 7",-0.0822839132683221,0,"Tumor cells","Tumor spots"
"Tumour 7",0.145214917121832,0,"Tumor cells","Tumor spots"
"Tumour 7",0.0229625834416644,0,"Tumor cells","Tumor spots"
"Tumour 7",-0.0831260935492554,0,"Tumor cells","Tumor spots"
"Tumour 7",-0.0290398931852227,0,"vSMC/Pericyte","Other spots"
"Tumour 7",-0.155808271602352,0.605492568301873,"Tumor cells","Tumor spots"
"Tumour 7",0.0686492529893751,0.511948138316187,"vSMC/Pericyte","Other spots"
"Tumour 7",0.0486493470641362,0.429064138226867,"Tumor cells","Tumor spots"
"Tumour 7",0.152514696056717,0,"Tumor cells","Tumor spots"
"Tumour 7",-0.0582096514103855,0.354088324839495,"Tumor cells","Tumor spots"
"Tumour 7",-0.231110798941449,0.955412994394196,"Tumor cells","Tumor spots"
"Tumour 7",0.0956536717911592,0,"vSMC/Pericyte","Other spots"
"Tumour 7",-0.0746630827691913,0,"vSMC/Pericyte","Other spots"
"Tumour 7",0.0299769263699887,0,"vSMC/Pericyte","Other spots"
"Tumour 7",0.172689982526989,0,"vSMC/Pericyte","Other spots"
"Tumour 7",0.106580918990539,0,"vSMC/Pericyte","Other spots"
"Tumour 7",-0.172443058864602,0,"vSMC/Pericyte","Other spots"
"Tumour 7",-0.0920447187073762,0.53145722135126,"vSMC/Pericyte","Other spots"
"Tumour 7",-0.0466988789402902,0.819567849711764,"vSMC/Pericyte","Other spots"
"Tumour 7",-0.0963003251680771,0,"Tumor cells","Tumor spots"
"Tumour 7",0.0268335351564246,0.504610497892205,"vSMC/Pericyte","Other spots"
"Tumour 7",-0.0058842315714811,0,"Tumor cells","Tumor spots"
"Tumour 7",0.205560206545468,0,"Tumor cells","Tumor spots"
"Tumour 7",0.0568334707160993,0,"Tumor cells","Tumor spots"
"Tumour 7",-0.0297172158366033,0,"Tumor cells","Tumor spots"
"Tumour 7",-0.0636812294922564,0,"Tumor cells","Tumor spots"
"Tumour 7",-0.105972554414998,0,"vSMC/Pericyte","Other spots"
"Tumour 7",0.0783484911075265,0.512511287995607,"Tumor cells","Tumor spots"
"Tumour 7",-0.0511322256127516,1.18990217413831,"vSMC/Pericyte","Other spots"
"Tumour 7",-0.0547231485434472,0,"Tumor cells","Tumor spots"
"Tumour 7",0.0323707501822937,0,"Tumor cells","Tumor spots"
"Tumour 7",-0.191901525373814,0,"vSMC/Pericyte","Other spots"
"Tumour 7",0.0605653475255748,0,"Tumor cells","Tumor spots"
"Tumour 7",0.14151799165817,0,"Tumor cells","Tumor spots"
"Tumour 7",-0.156235020286666,0.822633512469048,"vSMC/Pericyte","Other spots"
"Tumour 7",0.103739441906071,0,"vSMC/Pericyte","Other spots"
"Tumour 7",-0.117946776153068,0,"vSMC/Pericyte","Other spots"
"Tumour 7",0.0561598391349913,0.855029039815658,"vSMC/Pericyte","Other spots"
"Tumour 7",-0.135333855079921,0,"vSMC/Pericyte","Other spots"
"Tumour 7",0.0660529108684674,0,"Tumor cells","Tumor spots"
"Tumour 7",-0.101274922056331,0,"vSMC/Pericyte","Other spots"
"Tumour 7",-0.0755769273308605,0,"Tumor cells","Tumor spots"
"Tumour 7",-0.0604416493526314,0,"vSMC/Pericyte","Other spots"
"Tumour 7",-0.0750412611935757,0,"vSMC/Pericyte","Other spots"
"Tumour 7",0.0368492706744989,0.366362382094422,"vSMC/Pericyte","Other spots"
"Tumour 7",-0.0375042955713573,0,"vSMC/Pericyte","Other spots"
"Tumour 7",-0.128211834127444,0.452026686070969,"vSMC/Pericyte","Other spots"
"Tumour 7",-0.215378544609572,0.636784565780858,"vSMC/Pericyte","Other spots"
"Tumour 7",0.00496139751441332,0,"Tumor cells","Tumor spots"
"Tumour 7",0.302976222965074,0,"Tumor cells","Tumor spots"
"Tumour 7",-0.0928158810732116,0,"Tumor cells","Tumor spots"
"Tumour 7",0.0120565060631519,0,"Tumor cells","Tumor spots"
"Tumour 7",-0.0431523176288277,0.708859267139588,"Tumor cells","Tumor spots"
"Tumour 7",-0.21420174997663,0.87090911510719,"Tumor cells","Tumor spots"
"Tumour 7",0.0268592417975693,0,"vSMC/Pericyte","Other spots"
"Tumour 7",-0.160898302948097,0,"Tumor cells","Tumor spots"
"Tumour 7",0.161122927510909,0.812321617581757,"vSMC/Pericyte","Other spots"
"Tumour 7",0.0376902554431841,0,"Tumor cells","Tumor spots"
"Tumour 7",-0.0103963762751718,0,"Tumor cells","Tumor spots"
"Tumour 7",-0.247353138243738,0.584358463734063,"Tumor cells","Tumor spots"
"Tumour 7",-0.0938205477158268,0.56904390758378,"vSMC/Pericyte","Other spots"
"Tumour 7",0.0868672968938465,0.633447667785945,"Tumor cells","Tumor spots"
"Tumour 7",-0.0996632633081137,0,"Tumor cells","Tumor spots"
"Tumour 7",0.107491596106822,0.700017282343822,"vSMC/Pericyte","Other spots"
"Tumour 7",0.0339822242246325,0.612607772761533,"vSMC/Pericyte","Other spots"
"Tumour 7",-0.103517828098113,0,"vSMC/Pericyte","Other spots"
"Tumour 7",-0.0980837153456603,0,"vSMC/Pericyte","Other spots"
"Tumour 7",-0.116825822015725,0,"vSMC/Pericyte","Other spots"
"Tumour 7",-0.132433173420847,0,"vSMC/Pericyte","Other spots"
"Tumour 7",-0.0463166774433162,0,"vSMC/Pericyte","Other spots"
"Tumour 7",0.0222095339240343,0,"vSMC/Pericyte","Other spots"
"Tumour 7",0.00143380074391647,0,"Tumor cells","Tumor spots"
"Tumour 7",0.0292765974873975,0,"vSMC/Pericyte","Other spots"
"Tumour 7",-0.259923164034991,0,"vSMC/Pericyte","Other spots"
"Tumour 7",0.164639796984928,0.453590904899023,"Tumor cells","Tumor spots"
"Tumour 7",-0.209732332871672,0.943659166582354,"Tumor cells","Tumor spots"
"Tumour 7",-0.084398258423756,0,"Tumor cells","Tumor spots"
"Tumour 7",-0.0264064871064962,0.81967438545718,"vSMC/Pericyte","Other spots"
"Tumour 7",-0.0852097969096509,0,"vSMC/Pericyte","Other spots"
"Tumour 7",-0.100099070253078,0,"Tumor cells","Tumor spots"
"Tumour 7",0.112558877103552,0,"Tumor cells","Tumor spots"
"Tumour 7",0.0346248839787352,0.756035515898035,"Tumor cells","Tumor spots"
"Tumour 7",-0.0951735213715376,0,"vSMC/Pericyte","Other spots"
"Tumour 7",0.0538846952907837,0,"Tumor cells","Tumor spots"
"Tumour 7",-0.165110888091839,0,"Tumor cells","Tumor spots"
"Tumour 7",-0.035373674646194,0,"Tumor cells","Tumor spots"
"Tumour 7",-0.207058803737164,0.663385496024034,"Tumor cells","Tumor spots"
"Tumour 7",0.100265745550845,0,"vSMC/Pericyte","Other spots"
"Tumour 7",-0.0261168657700066,0,"vSMC/Pericyte","Other spots"
"Tumour 7",0.203896314305055,0.560044696370049,"Tumor cells","Tumor spots"
"Tumour 7",-0.0843888231539417,0,"Tumor cells","Tumor spots"
"Tumour 7",0.120374615249885,0.938039747316968,"Tumor cells","Tumor spots"
"Tumour 7",0.0707043467248332,0,"Tumor cells","Tumor spots"
"Tumour 7",0.168957278733755,0,"vSMC/Pericyte","Other spots"
"Tumour 7",-0.00673789221593307,0.59100468859632,"vSMC/Pericyte","Other spots"
"Tumour 7",-0.000598800563532953,0,"Tumor cells","Tumor spots"
"Tumour 7",-0.032329732023607,0,"vSMC/Pericyte","Other spots"
"Tumour 7",0.0637931093284883,0,"vSMC/Pericyte","Other spots"
"Tumour 7",-0.135321818984439,0.483950425652247,"vSMC/Pericyte","Other spots"
"Tumour 7",-0.13710733811831,0.523541135531027,"Tumor cells","Tumor spots"
"Tumour 7",0.000112379195776946,0,"vSMC/Pericyte","Other spots"
"Tumour 7",-0.0463115177751126,0,"Tumor cells","Tumor spots"
"Tumour 7",-0.217604247480951,0,"vSMC/Pericyte","Other spots"
"Tumour 7",0.136643226539453,0.986700275495036,"Tumor cells","Tumor spots"
"Tumour 7",0.0302084374617289,0,"Tumor cells","Tumor spots"
"Tumour 7",-0.0921323401550846,0.526417426181207,"Tumor cells","Tumor spots"
"Tumour 7",0.0171496312736159,0,"Macrophages","Other spots"
"Tumour 7",-0.0356068214460395,0,"vSMC/Pericyte","Other spots"
"Tumour 7",-0.0251555366658676,0,"vSMC/Pericyte","Other spots"
"Tumour 7",-0.0436355969039982,0,"vSMC/Pericyte","Other spots"
"Tumour 7",0.0024358192927918,0.677521862656864,"Tumor cells","Tumor spots"
"Tumour 7",0.0613154388022249,0.533430967845818,"Tumor cells","Tumor spots"
"Tumour 7",0.0587706751101483,0,"vSMC/Pericyte","Other spots"
"Tumour 7",0.0315182670468258,0.931651454097095,"vSMC/Pericyte","Other spots"
"Tumour 7",-0.144658976314575,0,"vSMC/Pericyte","Other spots"
"Tumour 7",-0.213983426956035,0,"Tumor cells","Tumor spots"
"Tumour 7",-0.0537611963094504,0,"Tumor cells","Tumor spots"
"Tumour 7",-0.110558923675009,0.533664160345251,"Tumor cells","Tumor spots"
"Tumour 7",-0.0604984999178648,0,"Tumor cells","Tumor spots"
"Tumour 7",-0.0642856247799261,0.51361442746127,"Tumor cells","Tumor spots"
"Tumour 7",0.0691361768147341,0,"Tumor cells","Tumor spots"
"Tumour 7",0.0300200770285632,0.408945126750733,"Tumor cells","Tumor spots"
"Tumour 7",0.0378541655553361,0,"vSMC/Pericyte","Other spots"
"Tumour 7",-0.106597548247668,0,"vSMC/Pericyte","Other spots"
"Tumour 7",-0.0306855111513881,0,"Tumor cells","Tumor spots"
"Tumour 7",0.05875981957832,0,"Tumor cells","Tumor spots"
"Tumour 7",-0.201291668249626,0,"vSMC/Pericyte","Other spots"
"Tumour 7",-0.224637846663955,0,"vSMC/Pericyte","Other spots"
"Tumour 7",0.0394040147884193,0,"Tumor cells","Tumor spots"
"Tumour 7",-0.0140672763173914,0,"vSMC/Pericyte","Other spots"
"Tumour 7",-0.0190623634800668,0,"Tumor cells","Tumor spots"
"Tumour 7",-0.0290128918210777,0,"vSMC/Pericyte","Other spots"
"Tumour 7",0.160320255261833,0,"vSMC/Pericyte","Other spots"
"Tumour 7",-0.0715381584022966,0,"Tumor cells","Tumor spots"
"Tumour 7",0.0995991032572587,0.732971759407322,"vSMC/Pericyte","Other spots"
"Tumour 7",-0.0861189526213604,1.06898144966356,"vSMC/Pericyte","Other spots"
"Tumour 7",0.0647806683537213,0,"Tumor cells","Tumor spots"
"Tumour 7",0.0440493680783893,0,"vSMC/Pericyte","Other spots"
"Tumour 7",-0.0250524074843321,0.666228106772127,"vSMC/Pericyte","Other spots"
"Tumour 7",-0.0870559967240554,0.695606218759899,"Tumor cells","Tumor spots"
"Tumour 7",0.0184210317079225,0,"Tumor cells","Tumor spots"
"Tumour 7",0.0852969647014107,0.546176495255808,"vSMC/Pericyte","Other spots"
"Tumour 7",0.18183615838463,0.962457640160746,"Tumor cells","Tumor spots"
"Tumour 7",-0.0989440782532948,0,"vSMC/Pericyte","Other spots"
"Tumour 7",0.0206702406633464,0.471033421912463,"vSMC/Pericyte","Other spots"
"Tumour 7",-0.0997905550469924,0.647450759658987,"Tumor cells","Tumor spots"
"Tumour 7",0.0902495519802156,0,"Tumor cells","Tumor spots"
"Tumour 7",-0.0398239303309683,0,"vSMC/Pericyte","Other spots"
"Tumour 7",0.0328953857103962,0.633530649794593,"Tumor cells","Tumor spots"
"Tumour 7",-0.0445058207576279,0,"vSMC/Pericyte","Other spots"
"Tumour 7",0.243759326088788,1.31700870672937,"Tumor cells","Tumor spots"
"Tumour 7",0.098047695889922,0,"vSMC/Pericyte","Other spots"
"Tumour 7",-0.0215241916691075,0.958276947172708,"vSMC/Pericyte","Other spots"
"Tumour 7",-0.0200385725285619,0,"vSMC/Pericyte","Other spots"
"Tumour 7",0.0193885159233025,0,"vSMC/Pericyte","Other spots"
"Tumour 7",0.0491830895178355,0,"vSMC/Pericyte","Other spots"
"Tumour 7",-0.0194857207190325,0,"Tumor cells","Tumor spots"
"Tumour 7",-0.0727844282971728,0,"vSMC/Pericyte","Other spots"
"Tumour 7",0.0517380142340937,0,"vSMC/Pericyte","Other spots"
"Tumour 7",-0.278420008573966,0,"vSMC/Pericyte","Other spots"
"Tumour 7",-0.121355488607181,0,"vSMC/Pericyte","Other spots"
"Tumour 7",0.0508856026477592,0.536419889592487,"Tumor cells","Tumor spots"
"Tumour 7",-0.0341169507484547,0.742855197019606,"Tumor cells","Tumor spots"
"Tumour 7",-0.0686620149920902,0,"vSMC/Pericyte","Other spots"
"Tumour 7",0.076464488664633,0.986753037221067,"Tumor cells","Tumor spots"
"Tumour 7",0.292597451470604,0,"vSMC/Pericyte","Other spots"
"Tumour 7",0.0154002937406899,0,"Tumor cells","Tumor spots"
"Tumour 7",-0.183348007756065,0,"Tumor cells","Tumor spots"
"Tumour 7",-0.00251539009484475,0,"vSMC/Pericyte","Other spots"
"Tumour 7",0.0944350029303825,0,"Tumor cells","Tumor spots"
"Tumour 7",0.0509508428898875,0.481881788411373,"vSMC/Pericyte","Other spots"
"Tumour 7",0.0216708920610258,0.510692325978537,"vSMC/Pericyte","Other spots"
"Tumour 7",-0.00591099539501094,0.779745151372124,"Tumor cells","Tumor spots"
"Tumour 7",0.147902948268809,0,"Tumor cells","Tumor spots"
"Tumour 7",0.12729938675309,0,"Tumor cells","Tumor spots"
"Tumour 7",0.0658494386775244,0,"Tumor cells","Tumor spots"
"Tumour 7",0.0313817875122916,0,"vSMC/Pericyte","Other spots"
"Tumour 7",-0.0303324514913694,0,"vSMC/Pericyte","Other spots"
"Tumour 7",0.0183122267580522,0.608952256551434,"Tumor cells","Tumor spots"
"Tumour 7",0.309195810191531,0.791172611222276,"Tumor cells","Tumor spots"
"Tumour 7",0.0620327728141325,0.414254127382746,"Tumor cells","Tumor spots"
"Tumour 7",-0.0751835185390766,0,"Tumor cells","Tumor spots"
"Tumour 7",0.0762076921685719,0.779841079650384,"vSMC/Pericyte","Other spots"
"Tumour 7",-0.0713740663203144,0,"Tumor cells","Tumor spots"
"Tumour 7",0.0911478284145481,0,"vSMC/Pericyte","Other spots"
"Tumour 7",-0.0774967001426717,0,"vSMC/Pericyte","Other spots"
"Tumour 7",-0.0161863073251294,0.802482305755897,"Tumor cells","Tumor spots"
"Tumour 7",-0.173189137411105,0,"vSMC/Pericyte","Other spots"
"Tumour 7",-0.0769646851440132,0,"Tumor cells","Tumor spots"
"Tumour 7",0.00791354025729452,0,"Tumor cells","Tumor spots"
"Tumour 7",0.00664959417093353,0.478403831371002,"Tumor cells","Tumor spots"
"Tumour 7",0.00888184140265147,0.466313368525554,"Tumor cells","Tumor spots"
"Tumour 7",0.111779893240638,0.725771881295418,"vSMC/Pericyte","Other spots"
"Tumour 7",-0.0936780234316281,0.593859430764357,"Tumor cells","Tumor spots"
"Tumour 7",0.126200449633027,0.424076380924291,"vSMC/Pericyte","Other spots"
"Tumour 7",-0.0725853525964134,0,"vSMC/Pericyte","Other spots"
"Tumour 7",-0.0553123097133166,0,"Tumor cells","Tumor spots"
"Tumour 7",0.019391811705008,1.01425731592886,"vSMC/Pericyte","Other spots"
"Tumour 7",-0.0330938184706832,0,"vSMC/Pericyte","Other spots"
"Tumour 7",-0.101377723916168,0,"Tumor cells","Tumor spots"
"Tumour 7",-0.123447308614315,0,"vSMC/Pericyte","Other spots"
"Tumour 7",-0.122074177880465,0,"vSMC/Pericyte","Other spots"
"Tumour 7",-0.0219746477965597,0,"Tumor cells","Tumor spots"
"Tumour 7",0.0606992409406404,0.745755399528805,"Tumor cells","Tumor spots"
"Tumour 7",0.0750914298450818,0,"Tumor cells","Tumor spots"
"Tumour 7",-0.120633877724691,0,"Tumor cells","Tumor spots"
"Tumour 7",0.01473378613715,0,"Tumor cells","Tumor spots"
"Tumour 7",-0.134152890407187,0,"vSMC/Pericyte","Other spots"
"Tumour 7",-0.00709281493869218,0,"vSMC/Pericyte","Other spots"
"Tumour 7",-0.0556932899577593,0.704900947542995,"vSMC/Pericyte","Other spots"
"Tumour 7",-0.0957136258651995,0.701910945776136,"vSMC/Pericyte","Other spots"
"Tumour 7",0.375505962860652,0,"vSMC/Pericyte","Other spots"
"Tumour 7",0.0313580569476196,0,"Tumor cells","Tumor spots"
"Tumour 7",-0.190406127803573,0,"Tumor cells","Tumor spots"
"Tumour 7",-0.25209629425099,0.441337285787211,"vSMC/Pericyte","Other spots"
"Tumour 7",0.023045820842748,0.56808091731456,"Tumor cells","Tumor spots"
"Tumour 7",0.219840743761505,0.704228471200484,"vSMC/Pericyte","Other spots"
"Tumour 7",0.0657692018282389,0.610832099843666,"Tumor cells","Tumor spots"
"Tumour 7",-0.00328754180035884,0.768658939865855,"Tumor cells","Tumor spots"
"Tumour 7",-0.123256077692614,0.52119645001768,"Tumor cells","Tumor spots"
"Tumour 7",0.238108372628568,0,"vSMC/Pericyte","Other spots"
"Tumour 7",0.16593925316976,0.4750686204357,"vSMC/Pericyte","Other spots"
"Tumour 7",-0.140498682767015,0,"vSMC/Pericyte","Other spots"
"Tumour 7",-0.0951658295024017,0.73525418749937,"Tumor cells","Tumor spots"
"Tumour 7",-0.176782981910387,0,"vSMC/Pericyte","Other spots"
"Tumour 7",-0.0892851646492002,0.639818999690588,"vSMC/Pericyte","Other spots"
"Tumour 7",0.0353393690619823,0,"Tumor cells","Tumor spots"
"Tumour 7",0.0569341725044564,0.516598190507774,"vSMC/Pericyte","Other spots"
"Tumour 7",-0.0675850917177458,0,"vSMC/Pericyte","Other spots"
"Tumour 7",0.0525691428747891,0.756455297842595,"Tumor cells","Tumor spots"
"Tumour 7",0.0279553826056697,0.382363299441774,"Tumor cells","Tumor spots"
"Tumour 7",0.0692278564276049,0.648145998752874,"vSMC/Pericyte","Other spots"
"Tumour 7",0.0157656736922235,0,"Tumor cells","Tumor spots"
"Tumour 7",0.136810866843372,0,"vSMC/Pericyte","Other spots"
"Tumour 7",-0.0373774802784183,0,"vSMC/Pericyte","Other spots"
"Tumour 7",0.0816781606186562,0,"vSMC/Pericyte","Other spots"
"Tumour 7",-0.0890303230909921,0,"vSMC/Pericyte","Other spots"
"Tumour 7",-0.0286200778821412,0,"Tumor cells","Tumor spots"
"Tumour 7",0.00787736743271772,0.463562275963095,"Tumor cells","Tumor spots"
"Tumour 7",0.023738058472539,0,"vSMC/Pericyte","Other spots"
"Tumour 7",-0.133215824199869,0,"Tumor cells","Tumor spots"
"Tumour 7",-0.0294503255074648,0,"Tumor cells","Tumor spots"
"Tumour 7",-0.245321183454913,1.3580244448345,"Tumor cells","Tumor spots"
"Tumour 7",0.144241968929625,0,"Tumor cells","Tumor spots"
"Tumour 7",-0.292627319437066,0,"vSMC/Pericyte","Other spots"
"Tumour 7",-0.186023163880911,0,"Tumor cells","Tumor spots"
"Tumour 7",0.192551614680232,0,"vSMC/Pericyte","Other spots"
"Tumour 7",-0.0875731208087551,0.501637558499842,"vSMC/Pericyte","Other spots"
"Tumour 7",-0.0345727738003235,1.11041681022865,"vSMC/Pericyte","Other spots"
"Tumour 7",0.028855397284212,0,"Tumor cells","Tumor spots"
"Tumour 7",0.0250338584768581,0,"vSMC/Pericyte","Other spots"
"Tumour 7",-0.0257760321617243,0,"Tumor cells","Tumor spots"
"Tumour 7",-0.0503189689417838,0,"vSMC/Pericyte","Other spots"
"Tumour 7",-0.0112289676205281,0.529096904348135,"vSMC/Pericyte","Other spots"
"Tumour 7",-0.0307219948625467,0,"Tumor cells","Tumor spots"
"Tumour 7",0.0793789327376036,0,"vSMC/Pericyte","Other spots"
"Tumour 7",-0.103434166612889,0.678907711131533,"vSMC/Pericyte","Other spots"
"Tumour 7",-0.151089779320393,0,"Tumor cells","Tumor spots"
"Tumour 7",-0.0634957698016712,1.06150442349463,"Tumor cells","Tumor spots"
"Tumour 7",-0.0189839622318985,0,"Tumor cells","Tumor spots"
"Tumour 7",0.00112876654639404,0,"vSMC/Pericyte","Other spots"
"Tumour 7",-0.143824517821659,0,"vSMC/Pericyte","Other spots"
"Tumour 7",0.0575665446315167,0,"vSMC/Pericyte","Other spots"
"Tumour 7",-0.0639328144901956,0,"vSMC/Pericyte","Other spots"
"Tumour 7",0.168933174008468,0,"vSMC/Pericyte","Other spots"
"Tumour 7",0.146281382621298,0.470581852764003,"vSMC/Pericyte","Other spots"
"Tumour 7",0.00132356236842895,0.8303682120802,"Tumor cells","Tumor spots"
"Tumour 7",-0.0653019696946218,0.564033428931441,"vSMC/Pericyte","Other spots"
"Tumour 7",0.11287401225289,0.548479897211316,"vSMC/Pericyte","Other spots"
"Tumour 7",-0.0556934878712478,0,"Tumor cells","Tumor spots"
"Tumour 7",0.159764448916095,0,"vSMC/Pericyte","Other spots"
"Tumour 7",-0.116902004009203,0,"Tumor cells","Tumor spots"
"Tumour 7",-0.0368694521222702,0,"Tumor cells","Tumor spots"
"Tumour 7",0.0355455544652198,0,"Tumor cells","Tumor spots"
"Tumour 7",-0.22398249557784,1.47381749987807,"Tumor cells","Tumor spots"
"Tumour 7",0.0350729516759398,1.19767483121325,"vSMC/Pericyte","Other spots"
"Tumour 7",0.0338910296976375,0,"Tumor cells","Tumor spots"
"Tumour 7",-0.0569328774005249,0,"vSMC/Pericyte","Other spots"
"Tumour 7",-0.0391294864545103,0,"vSMC/Pericyte","Other spots"
"Tumour 7",0.0423483372495608,0.694098536313546,"Tumor cells","Tumor spots"
"Tumour 7",-0.132271719037213,0,"vSMC/Pericyte","Other spots"
"Tumour 7",-0.0799161949414309,0,"vSMC/Pericyte","Other spots"
"Tumour 7",-0.11238173975413,0,"vSMC/Pericyte","Other spots"
"Tumour 7",-0.118215507306935,0,"vSMC/Pericyte","Other spots"
"Tumour 7",-0.159146097683868,0,"vSMC/Pericyte","Other spots"
"Tumour 7",-0.0378390839580355,0,"Tumor cells","Tumor spots"
"Tumour 7",-0.0964417062705255,0,"vSMC/Pericyte","Other spots"
"Tumour 7",-0.0810185247331446,0.521613567552731,"Tumor cells","Tumor spots"
"Tumour 7",-0.0962426646550001,0.508384268132433,"Tumor cells","Tumor spots"
"Tumour 7",0.0319048919577664,0.930161848265945,"vSMC/Pericyte","Other spots"
"Tumour 7",0.0374851188732392,0,"vSMC/Pericyte","Other spots"
"Tumour 7",-0.0477383025501358,0,"Tumor cells","Tumor spots"
"Tumour 7",-0.126635647430141,0,"Tumor cells","Tumor spots"
"Tumour 7",0.00208186774126601,0,"Tumor cells","Tumor spots"
"Tumour 7",0.213248970783678,0,"Tumor cells","Tumor spots"
"Tumour 7",-0.040564253044333,0,"Tumor cells","Tumor spots"
"Tumour 7",-0.0222945183491166,0.526162335986819,"Tumor cells","Tumor spots"
"Tumour 7",-0.102720982906129,0,"Tumor cells","Tumor spots"
"Tumour 7",0.023594410385828,0,"Tumor cells","Tumor spots"
"Tumour 7",0.187783086798297,0.553209751786841,"Tumor cells","Tumor spots"
"Tumour 7",0.0788952662353702,0,"vSMC/Pericyte","Other spots"
"Tumour 7",0.0410253830342631,0,"Tumor cells","Tumor spots"
"Tumour 7",-0.0349837027483219,0.433083790085804,"vSMC/Pericyte","Other spots"
"Tumour 7",-0.0593708797146176,0,"Tumor cells","Tumor spots"
"Tumour 7",-0.184378925484831,0.718960761661263,"vSMC/Pericyte","Other spots"
"Tumour 7",-0.0123368394910104,0,"vSMC/Pericyte","Other spots"
"Tumour 7",0.00420559658290537,0,"vSMC/Pericyte","Other spots"
"Tumour 7",-0.335824809155363,0,"vSMC/Pericyte","Other spots"
"Tumour 7",0.107410379836328,0,"vSMC/Pericyte","Other spots"
"Tumour 7",-0.120616054456612,0.455419250578933,"vSMC/Pericyte","Other spots"
"Tumour 7",0.177832891341346,0,"Tumor cells","Tumor spots"
"Tumour 7",0.181633670454692,0,"Tumor cells","Tumor spots"
"Tumour 7",-0.265343237901232,0,"vSMC/Pericyte","Other spots"
"Tumour 7",-0.0946897791395332,0.774475460782418,"Tumor cells","Tumor spots"
"Tumour 7",-0.121597215715849,0,"vSMC/Pericyte","Other spots"
"Tumour 7",0.0672916350231391,0,"Tumor cells","Tumor spots"
"Tumour 7",-0.235945943537217,0,"Tumor cells","Tumor spots"
"Tumour 7",-0.0535655961979307,0.606970319182462,"Tumor cells","Tumor spots"
"Tumour 7",-0.124656672684248,0,"vSMC/Pericyte","Other spots"
"Tumour 7",-0.00663718719085804,0.631009761568612,"Tumor cells","Tumor spots"
"Tumour 7",-0.0453912194106113,0.676426909974148,"vSMC/Pericyte","Other spots"
"Tumour 7",-0.15785242208652,0.60267147512173,"Tumor cells","Tumor spots"
"Tumour 7",0.0472633225335837,0.850741192340298,"vSMC/Pericyte","Other spots"
"Tumour 7",-0.0111058572957984,0,"Tumor cells","Tumor spots"
"Tumour 7",0.0570057979082466,0.543650395127262,"vSMC/Pericyte","Other spots"
"Tumour 7",0.096445928244752,0,"vSMC/Pericyte","Other spots"
"Tumour 7",0.059707434646083,0,"vSMC/Pericyte","Other spots"
"Tumour 7",-0.0325693331617263,0.544196189046031,"Tumor cells","Tumor spots"
"Tumour 7",-0.0195403183040698,0,"vSMC/Pericyte","Other spots"
"Tumour 7",0.0541869069678246,0,"vSMC/Pericyte","Other spots"
"Tumour 7",0.00949522675449421,0,"vSMC/Pericyte","Other spots"
"Tumour 7",0.0491117527053495,0,"vSMC/Pericyte","Other spots"
"Tumour 7",0.0741886524309505,0.78554507455385,"vSMC/Pericyte","Other spots"
"Tumour 7",-0.108301455080511,0,"Tumor cells","Tumor spots"
"Tumour 7",-0.0917756862278703,0,"Tumor cells","Tumor spots"
"Tumour 7",-0.223960139423637,0,"vSMC/Pericyte","Other spots"
"Tumour 7",0.172184212757783,0,"vSMC/Pericyte","Other spots"
"Tumour 7",-0.0272088632579446,0,"Tumor cells","Tumor spots"
"Tumour 7",-0.0561698341669963,0,"Tumor cells","Tumor spots"
"Tumour 7",-0.0343013300699566,0,"Tumor cells","Tumor spots"
"Tumour 7",-0.0626968358420534,0,"vSMC/Pericyte","Other spots"
"Tumour 7",-0.0521031844009597,0,"vSMC/Pericyte","Other spots"
"Tumour 7",-0.102747815335388,0,"vSMC/Pericyte","Other spots"
"Tumour 7",-0.0644585100436754,0.854214314472102,"vSMC/Pericyte","Other spots"
"Tumour 7",-0.00760833078398904,0.758079040457617,"Tumor cells","Tumor spots"
"Tumour 7",0.253671859800571,0,"vSMC/Pericyte","Other spots"
"Tumour 7",0.135889573651074,0,"Tumor cells","Tumor spots"
"Tumour 7",0.149330894130848,0.728645141190988,"vSMC/Pericyte","Other spots"
"Tumour 7",-0.0333326399515324,0,"vSMC/Pericyte","Other spots"
"Tumour 7",0.0226668725065904,0,"vSMC/Pericyte","Other spots"
"Tumour 7",-0.0723718576360379,0,"Tumor cells","Tumor spots"
"Tumour 7",-0.0520846850620285,0.386568158339504,"Tumor cells","Tumor spots"
"Tumour 7",-0.0774874052212913,0.713129305914764,"Tumor cells","Tumor spots"
"Tumour 7",-0.0691842495623635,0,"Tumor cells","Tumor spots"
"Tumour 7",-0.241735968142229,0,"vSMC/Pericyte","Other spots"
"Tumour 7",-0.078518259688276,0,"vSMC/Pericyte","Other spots"
"Tumour 7",-0.0993392320306648,0,"Tumor cells","Tumor spots"
"Tumour 7",-0.148308972620095,0.85842196119403,"Tumor cells","Tumor spots"
"Tumour 7",0.272980774414853,0,"vSMC/Pericyte","Other spots"
"Tumour 7",0.0682314604451117,0,"vSMC/Pericyte","Other spots"
"Tumour 7",0.0070647537910653,0,"Tumor cells","Tumor spots"
"Tumour 7",-0.0443106110979138,0,"vSMC/Pericyte","Other spots"
"Tumour 7",-0.0232883762075648,0,"vSMC/Pericyte","Other spots"
"Tumour 7",-0.140016909343925,0,"Tumor cells","Tumor spots"
"Tumour 7",-0.0526676737018293,0,"vSMC/Pericyte","Other spots"
"Tumour 7",0.0260310087021053,0,"vSMC/Pericyte","Other spots"
"Tumour 7",-0.00821523267203911,0,"vSMC/Pericyte","Other spots"
"Tumour 7",-0.159872289671386,0.954675309155836,"vSMC/Pericyte","Other spots"
"Tumour 7",-0.172456277296262,0,"vSMC/Pericyte","Other spots"
"Tumour 7",-0.15203839370766,0,"Tumor cells","Tumor spots"
"Tumour 7",0.05700372455382,0,"Tumor cells","Tumor spots"
"Tumour 7",-0.239566787127825,0,"vSMC/Pericyte","Other spots"
"Tumour 7",0.0239174230777056,0,"Tumor cells","Tumor spots"
"Tumour 7",0.00817260030411471,0,"Tumor cells","Tumor spots"
"Tumour 7",-0.148788955708261,0,"vSMC/Pericyte","Other spots"
"Tumour 7",0.15025884606394,0,"Tumor cells","Tumor spots"
"Tumour 7",-0.232557608219603,0,"vSMC/Pericyte","Other spots"
"Tumour 7",0.105379239717592,0,"vSMC/Pericyte","Other spots"
"Tumour 7",-0.0314188597633119,0,"Tumor cells","Tumor spots"
"Tumour 7",-0.04632080335837,0,"Tumor cells","Tumor spots"
"Tumour 7",0.00642476880919751,0,"Tumor cells","Tumor spots"
"Tumour 7",0.128345539000533,0,"vSMC/Pericyte","Other spots"
"Tumour 7",0.0182587918742974,0,"vSMC/Pericyte","Other spots"
"Tumour 7",0.0635231003144204,0.535067710087462,"Tumor cells","Tumor spots"
"Tumour 7",-0.210748191386917,0,"vSMC/Pericyte","Other spots"
"Tumour 7",-0.0850910710059394,0,"Tumor cells","Tumor spots"
"Tumour 7",0.0149306803528906,0,"Tumor cells","Tumor spots"
"Tumour 7",-0.0133001648710787,0,"Tumor cells","Tumor spots"
"Tumour 7",-0.135083802637536,0.474678004122664,"Tumor cells","Tumor spots"
"Tumour 7",-0.0858892958123596,0,"Tumor cells","Tumor spots"
"Tumour 7",0.0373011233329321,0,"vSMC/Pericyte","Other spots"
"Tumour 7",0.105150036369563,0,"vSMC/Pericyte","Other spots"
"Tumour 7",0.254951540364146,0.939461598424146,"Tumor cells","Tumor spots"
"Tumour 7",0.0709074484481749,0,"Tumor cells","Tumor spots"
"Tumour 7",0.152020594047806,1.21243098933655,"vSMC/Pericyte","Other spots"
"Tumour 7",-0.135444963218428,0.623248762461231,"vSMC/Pericyte","Other spots"
"Tumour 7",-0.224185645898666,0,"Tumor cells","Tumor spots"
"Tumour 7",0.0357586620539479,0.726681024125835,"Tumor cells","Tumor spots"
"Tumour 7",-0.0074022779544442,0,"vSMC/Pericyte","Other spots"
"Tumour 7",-0.077976508520816,0,"Tumor cells","Tumor spots"
"Tumour 7",-0.125445771352011,0,"Tumor cells","Tumor spots"
"Tumour 7",0.0460942455822914,0,"vSMC/Pericyte","Other spots"
"Tumour 7",0.0725123032522297,0,"Tumor cells","Tumor spots"
"Tumour 7",0.122206532739542,0.673823376866802,"Tumor cells","Tumor spots"
"Tumour 7",0.05571949462299,0,"vSMC/Pericyte","Other spots"
"Tumour 7",0.0376046109627174,0,"Tumor cells","Tumor spots"
"Tumour 7",-0.118781326525985,0.583639203685479,"Tumor cells","Tumor spots"
"Tumour 7",-0.0394550557506988,0,"vSMC/Pericyte","Other spots"
"Tumour 7",0.104151344691951,0,"vSMC/Pericyte","Other spots"
"Tumour 7",0.0664973709985163,0.507382823755236,"Tumor cells","Tumor spots"
"Tumour 7",-0.0764883619594909,0,"vSMC/Pericyte","Other spots"
"Tumour 7",0.156719298193809,0,"vSMC/Pericyte","Other spots"
"Tumour 7",-0.0311462385450518,0.792824467024008,"Tumor cells","Tumor spots"
"Tumour 7",0.0161799369293881,0.73277520707167,"vSMC/Pericyte","Other spots"
"Tumour 7",-0.0129533021509527,0,"Tumor cells","Tumor spots"
"Tumour 7",0.096717241182053,0,"vSMC/Pericyte","Other spots"
"Tumour 7",0.0958972525371884,0.560237925319129,"Tumor cells","Tumor spots"
"Tumour 7",0.065161866299688,0,"Tumor cells","Tumor spots"
"Tumour 7",0.0798586054464349,0.892716294354323,"vSMC/Pericyte","Other spots"
"Tumour 7",-0.11504337620876,0,"Tumor cells","Tumor spots"
"Tumour 7",-0.104524447394472,0,"Tumor cells","Tumor spots"
"Tumour 7",-0.172657372393882,0.702373180000847,"vSMC/Pericyte","Other spots"
"Tumour 7",-0.129643158169578,0,"vSMC/Pericyte","Other spots"
"Tumour 7",0.0653593051763171,0,"Tumor cells","Tumor spots"
"Tumour 7",-0.100558744263759,0,"vSMC/Pericyte","Other spots"
"Tumour 7",0.111092881392586,0,"Tumor cells","Tumor spots"
"Tumour 7",0.0877915038339853,0,"vSMC/Pericyte","Other spots"
"Tumour 7",-0.0309669740160069,0.454156722600267,"Tumor cells","Tumor spots"
"Tumour 7",0.0340060723680143,0.705056324314524,"Tumor cells","Tumor spots"
"Tumour 7",0.265878330767252,0.568147222984891,"Tumor cells","Tumor spots"
"Tumour 7",-0.049914580190175,0,"Tumor cells","Tumor spots"
"Tumour 7",-0.0615919987233457,0,"vSMC/Pericyte","Other spots"
"Tumour 7",-0.0700304728417326,0,"Tumor cells","Tumor spots"
"Tumour 7",-0.0842553738982947,0,"vSMC/Pericyte","Other spots"
"Tumour 7",-0.0308971841114024,0,"vSMC/Pericyte","Other spots"
"Tumour 7",-0.098600668026636,0,"Tumor cells","Tumor spots"
"Tumour 7",0.0402731647711924,0.670726450121644,"Tumor cells","Tumor spots"
"Tumour 7",0.124238791030476,0,"Tumor cells","Tumor spots"
"Tumour 7",-0.169510636586957,0,"vSMC/Pericyte","Other spots"
"Tumour 7",0.029617187929378,0.534160388026838,"Tumor cells","Tumor spots"
"Tumour 7",0.0241591548647348,0,"Tumor cells","Tumor spots"
"Tumour 7",0.0116570606489584,0,"Tumor cells","Tumor spots"
"Tumour 7",0.0539289024283695,0,"vSMC/Pericyte","Other spots"
"Tumour 7",-0.0570467407257985,0,"Tumor cells","Tumor spots"
"Tumour 7",-0.117025061171402,0,"vSMC/Pericyte","Other spots"
"Tumour 7",-0.0579995960520745,0,"Tumor cells","Tumor spots"
"Tumour 7",-0.0540989032737376,0,"Tumor cells","Tumor spots"
"Tumour 7",0.0553449604883187,0,"vSMC/Pericyte","Other spots"
"Tumour 7",0.194158960596128,0,"vSMC/Pericyte","Other spots"
"Tumour 7",-0.0948327916783659,0,"vSMC/Pericyte","Other spots"
"Tumour 7",0.154113917040457,0,"Tumor cells","Tumor spots"
"Tumour 7",-0.0114533290595791,0,"Tumor cells","Tumor spots"
"Tumour 7",0.0270933167337162,0.384536407404389,"vSMC/Pericyte","Other spots"
"Tumour 7",0.161524997600784,0,"vSMC/Pericyte","Other spots"
"Tumour 7",0.0327271257948987,0.47798432272134,"vSMC/Pericyte","Other spots"
"Tumour 7",-0.0901712611303792,0,"vSMC/Pericyte","Other spots"
"Tumour 7",0.0154955559993219,0,"vSMC/Pericyte","Other spots"
"Tumour 7",-0.0601264982974746,0,"vSMC/Pericyte","Other spots"
"Tumour 7",0.10632953616515,0.782923929170823,"Tumor cells","Tumor spots"
"Tumour 7",-0.119235692588309,0,"Tumor cells","Tumor spots"
"Tumour 7",-0.0880958806978585,1.32760609966033,"Tumor cells","Tumor spots"
"Tumour 7",0.123998848097973,0,"Tumor cells","Tumor spots"
"Tumour 7",0.0218230478785125,0,"Tumor cells","Tumor spots"
"Tumour 7",0.105155303914857,0.907883951036581,"vSMC/Pericyte","Other spots"
"Tumour 7",-0.066117704780024,1.20835389535891,"vSMC/Pericyte","Other spots"
"Tumour 7",-0.11710493059283,0.54235108287884,"Tumor cells","Tumor spots"
"Tumour 7",-0.0279915311709504,0.496979727400704,"Tumor cells","Tumor spots"
"Tumour 7",0.0637919246192252,0,"Tumor cells","Tumor spots"
"Tumour 7",0.0907149414228952,0,"Tumor cells","Tumor spots"
"Tumour 7",0.0227279063429044,0,"Tumor cells","Tumor spots"
"Tumour 7",-0.199885206237694,0,"Tumor cells","Tumor spots"
"Tumour 7",0.00919939578282208,0,"vSMC/Pericyte","Other spots"
"Tumour 7",-0.166287983022776,0,"vSMC/Pericyte","Other spots"
"Tumour 7",-0.0560969599458065,0,"Tumor cells","Tumor spots"
"Tumour 7",-0.0563341487546153,0,"Tumor cells","Tumor spots"
"Tumour 7",0.0913995557817056,0.732662940870967,"Tumor cells","Tumor spots"
"Tumour 7",-0.14398954532837,0,"Tumor cells","Tumor spots"
"Tumour 7",-0.0691750359471556,0,"vSMC/Pericyte","Other spots"
"Tumour 7",-0.100437802546146,0.623208647456642,"Tumor cells","Tumor spots"
"Tumour 7",0.0714278441100349,0.900102004524237,"vSMC/Pericyte","Other spots"
"Tumour 7",0.108761338923164,0,"Tumor cells","Tumor spots"
"Tumour 7",-0.0126270305284107,0,"vSMC/Pericyte","Other spots"
"Tumour 7",0.0939081340193854,0.370925356753467,"vSMC/Pericyte","Other spots"
"Tumour 7",0.0396292333595115,0,"vSMC/Pericyte","Other spots"
"Tumour 7",-0.111867837842281,0,"vSMC/Pericyte","Other spots"
"Tumour 7",-0.218622152683844,0.720474840788322,"vSMC/Pericyte","Other spots"
"Tumour 7",-0.0511460829725566,0,"Tumor cells","Tumor spots"
"Tumour 7",-0.111678000865989,0,"vSMC/Pericyte","Other spots"
"Tumour 7",0.116748995041111,0,"vSMC/Pericyte","Other spots"
"Tumour 7",-0.119074644031717,0.455208333624626,"vSMC/Pericyte","Other spots"
"Tumour 7",-0.147689959410134,0,"Tumor cells","Tumor spots"
"Tumour 7",-0.069359330427008,0,"Tumor cells","Tumor spots"
"Tumour 7",-0.0281393682251856,0.912497587831255,"vSMC/Pericyte","Other spots"
"Tumour 7",0.0136414627325366,0,"vSMC/Pericyte","Other spots"
"Tumour 7",0.139715038853614,0,"vSMC/Pericyte","Other spots"
"Tumour 7",-0.117675981721146,0,"vSMC/Pericyte","Other spots"
"Tumour 7",-0.141170746082577,0,"vSMC/Pericyte","Other spots"
"Tumour 7",-0.123216593123747,0,"vSMC/Pericyte","Other spots"
"Tumour 7",-0.0246161451995841,0,"Tumor cells","Tumor spots"
"Tumour 7",0.10216649421431,0.719338659015538,"Tumor cells","Tumor spots"
"Tumour 7",0.01323580973474,0,"Tumor cells","Tumor spots"
"Tumour 7",0.176593368826363,0.832270944601906,"Tumor cells","Tumor spots"
"Tumour 7",-0.0602327303555327,0,"vSMC/Pericyte","Other spots"
"Tumour 7",0.0180216748433539,0,"Tumor cells","Tumor spots"
"Tumour 7",-0.0460839839228924,0,"vSMC/Pericyte","Other spots"
"Tumour 7",0.121432430030252,1.30132298338059,"vSMC/Pericyte","Other spots"
"Tumour 7",-0.029545190156305,0.458542835394734,"Tumor cells","Tumor spots"
"Tumour 7",0.10869445628223,0,"vSMC/Pericyte","Other spots"
"Tumour 7",-0.0413478517288838,0.399586119174519,"Tumor cells","Tumor spots"
"Tumour 7",0.120942572653889,0.73288750920946,"vSMC/Pericyte","Other spots"
"Tumour 7",0.0928576636790145,0,"Tumor cells","Tumor spots"
"Tumour 7",0.106637412995407,0,"Tumor cells","Tumor spots"
"Tumour 7",-0.072680236871283,0,"vSMC/Pericyte","Other spots"
"Tumour 7",-0.0152130537114571,0.820029715821673,"Tumor cells","Tumor spots"
"Tumour 7",-0.0265773948573551,0,"Tumor cells","Tumor spots"
"Tumour 7",-0.0421722602096045,0,"Tumor cells","Tumor spots"
"Tumour 7",0.0467258232668135,0.830173579748781,"Tumor cells","Tumor spots"
"Tumour 7",-0.224363395544007,0,"Tumor cells","Tumor spots"
"Tumour 7",0.430387087605774,0,"vSMC/Pericyte","Other spots"
"Tumour 7",0.0121556719187427,0,"Tumor cells","Tumor spots"
"Tumour 7",0.132865890165363,0,"Tumor cells","Tumor spots"
"Tumour 7",-0.00185437770325148,0,"vSMC/Pericyte","Other spots"
"Tumour 7",-0.136759160430742,0,"Tumor cells","Tumor spots"
"Tumour 7",-0.0714696827713519,0.382378099185626,"Tumor cells","Tumor spots"
"Tumour 7",0.0119061521072378,0.450617913777321,"vSMC/Pericyte","Other spots"
"Tumour 7",-0.20969597290934,0,"vSMC/Pericyte","Other spots"
"Tumour 7",-0.0374042727745776,0.518268147971125,"vSMC/Pericyte","Other spots"
"Tumour 7",-0.102732989485113,0.573469879212691,"Tumor cells","Tumor spots"
"Tumour 7",0.149210769830689,0.639184362884231,"Tumor cells","Tumor spots"
"Tumour 7",-0.069939936895985,0.968498640554248,"vSMC/Pericyte","Other spots"
"Tumour 7",0.128074589884318,0,"vSMC/Pericyte","Other spots"
"Tumour 7",-0.130388838905116,0,"Tumor cells","Tumor spots"
"Tumour 7",-0.246591403166139,0,"Tumor cells","Tumor spots"
"Tumour 7",0.019803093938072,0,"vSMC/Pericyte","Other spots"
"Tumour 7",0.0840046314576824,0,"vSMC/Pericyte","Other spots"
"Tumour 7",-0.0362726358137507,0,"vSMC/Pericyte","Other spots"
"Tumour 7",-0.146189620033306,0.548079215307006,"vSMC/Pericyte","Other spots"
"Tumour 7",-0.00268939493475745,0.995865856444666,"Tumor cells","Tumor spots"
"Tumour 7",-0.200545434840191,0,"Tumor cells","Tumor spots"
"Tumour 7",0.141074645182487,0,"Tumor cells","Tumor spots"
"Tumour 7",0.0838493612580125,0,"vSMC/Pericyte","Other spots"
"Tumour 7",-0.201003413745964,0,"vSMC/Pericyte","Other spots"
"Tumour 7",-0.0412340836568958,0,"vSMC/Pericyte","Other spots"
"Tumour 7",0.0224114949545536,0.588855326505293,"Tumor cells","Tumor spots"
"Tumour 7",0.189581452490846,0.552332188161659,"Tumor cells","Tumor spots"
"Tumour 7",-0.0184303666298143,0.617644654831972,"vSMC/Pericyte","Other spots"
"Tumour 7",-0.00366853170160003,0,"vSMC/Pericyte","Other spots"
"Tumour 7",-0.0084710675421576,0,"vSMC/Pericyte","Other spots"
"Tumour 7",-0.0214146601214593,0.865373927159306,"vSMC/Pericyte","Other spots"
"Tumour 7",-0.0391182949915088,0,"vSMC/Pericyte","Other spots"
"Tumour 7",-0.0755317296217441,0,"vSMC/Pericyte","Other spots"
"Tumour 7",0.00609541151589837,0,"vSMC/Pericyte","Other spots"
"Tumour 7",0.0703413554722487,0,"vSMC/Pericyte","Other spots"
"Tumour 7",0.259313289283684,1.13044107837429,"Tumor cells","Tumor spots"
"Tumour 7",-0.119211894067311,0,"vSMC/Pericyte","Other spots"
"Tumour 7",0.059596402951826,0,"Tumor cells","Tumor spots"
"Tumour 7",-0.0505530977048269,0.411848738980647,"Tumor cells","Tumor spots"
"Tumour 7",0.152119158443349,0,"vSMC/Pericyte","Other spots"
"Tumour 7",-0.168811050796141,0,"Tumor cells","Tumor spots"
"Tumour 7",-0.0189129915781451,0,"Tumor cells","Tumor spots"
"Tumour 7",0.00710880080553289,0.408640113925146,"Tumor cells","Tumor spots"
"Tumour 7",-0.143995669582233,0,"Tumor cells","Tumor spots"
"Tumour 7",-0.169341858839401,0,"vSMC/Pericyte","Other spots"
"Tumour 7",0.0724663270852398,0.628060819587711,"vSMC/Pericyte","Other spots"
"Tumour 7",-0.0844786364505843,0,"vSMC/Pericyte","Other spots"
"Tumour 7",-0.0295464113103244,0,"vSMC/Pericyte","Other spots"
"Tumour 7",0.0783230268953269,0.753735407157385,"Tumor cells","Tumor spots"
"Tumour 7",-0.108936428013168,0.519507175850818,"vSMC/Pericyte","Other spots"
"Tumour 7",-0.00568101996424952,0.496853702765433,"Tumor cells","Tumor spots"
"Tumour 7",-0.019300935594135,0,"Tumor cells","Tumor spots"
"Tumour 7",0.0117346184176373,0,"Tumor cells","Tumor spots"
"Tumour 7",-0.122252513306296,0,"vSMC/Pericyte","Other spots"
"Tumour 7",-0.208839608788454,0,"vSMC/Pericyte","Other spots"
"Tumour 7",-0.14733153841304,0,"vSMC/Pericyte","Other spots"
"Tumour 7",-0.0616473105822706,0,"Tumor cells","Tumor spots"
"Tumour 7",-0.137569580770638,0.729923595459317,"Tumor cells","Tumor spots"
"Tumour 7",-0.23545525538924,0,"Tumor cells","Tumor spots"
"Tumour 7",-0.0818556679357434,0.553178360995214,"vSMC/Pericyte","Other spots"
"Tumour 7",-0.00142674587602881,0,"Tumor cells","Tumor spots"
"Tumour 7",-0.299274783780548,0,"Tumor cells","Tumor spots"
"Tumour 7",-0.0564609736438226,0.971090873606166,"vSMC/Pericyte","Other spots"
"Tumour 7",0.112577957918974,0.734576365973644,"vSMC/Pericyte","Other spots"
"Tumour 7",-0.137297719764061,0,"vSMC/Pericyte","Other spots"
"Tumour 7",0.0900757518779448,0,"Tumor cells","Tumor spots"
"Tumour 7",-0.23854010034191,0,"Tumor cells","Tumor spots"
"Tumour 7",-0.0386549087692026,0,"vSMC/Pericyte","Other spots"
"Tumour 7",0.03634365282907,0.74733138004901,"vSMC/Pericyte","Other spots"
"Tumour 7",-0.007323733031945,0.622927991593485,"Tumor cells","Tumor spots"
"Tumour 7",0.0320545807189117,0.647277190948981,"vSMC/Pericyte","Other spots"
"Tumour 7",0.169715333625431,0,"Tumor cells","Tumor spots"
"Tumour 7",-0.0873421419060148,0,"vSMC/Pericyte","Other spots"
"Tumour 7",0.151378525596109,0,"Tumor cells","Tumor spots"
"Tumour 7",0.101164266325412,0.520391953922157,"Tumor cells","Tumor spots"
"Tumour 7",0.0103922734349423,0,"vSMC/Pericyte","Other spots"
"Tumour 7",0.0262336262546951,0,"vSMC/Pericyte","Other spots"
"Tumour 7",0.0355418753139949,0,"Tumor cells","Tumor spots"
"Tumour 7",-0.0599030121761125,0,"vSMC/Pericyte","Other spots"
"Tumour 7",0.127823478880237,0.83810931899287,"vSMC/Pericyte","Other spots"
"Tumour 7",0.109826147714809,0,"Tumor cells","Tumor spots"
"Tumour 7",-0.125383552322343,0,"vSMC/Pericyte","Other spots"
"Tumour 7",0.095102102720214,0,"vSMC/Pericyte","Other spots"
"Tumour 7",0.0880104072614092,0.687495487364497,"vSMC/Pericyte","Other spots"
"Tumour 7",-0.0197772643707352,0,"vSMC/Pericyte","Other spots"
"Tumour 7",0.105540964613033,0.68242242582326,"vSMC/Pericyte","Other spots"
"Tumour 7",0.0093074996990099,0.87208188705029,"Tumor cells","Tumor spots"
"Tumour 7",-0.183103184727213,0,"Tumor cells","Tumor spots"
"Tumour 7",0.0207272706356582,0,"vSMC/Pericyte","Other spots"
"Tumour 7",-0.141269942565567,0,"vSMC/Pericyte","Other spots"
"Tumour 7",-0.0743117778066348,0.723632404484391,"Tumor cells","Tumor spots"
"Tumour 7",0.0130539825914785,0,"Tumor cells","Tumor spots"
"Tumour 7",0.20829440127638,0.566725144121352,"vSMC/Pericyte","Other spots"
"Tumour 7",-0.0356264079215912,0,"Tumor cells","Tumor spots"
"Tumour 7",-0.0436967372466438,0,"Tumor cells","Tumor spots"
"Tumour 7",-0.0069506608896745,0,"vSMC/Pericyte","Other spots"
"Tumour 7",0.0711851084944387,0.4987001629644,"Tumor cells","Tumor spots"
"Tumour 7",0.13824601580705,0,"Tumor cells","Tumor spots"
"Tumour 7",-0.0550214459988932,0,"vSMC/Pericyte","Other spots"
"Tumour 7",-0.13788569936528,0,"vSMC/Pericyte","Other spots"
"Tumour 7",-0.187533020067424,0.909268704726191,"vSMC/Pericyte","Other spots"
"Tumour 7",-0.125176243263364,0,"Tumor cells","Tumor spots"
"Tumour 7",-0.171429734904002,0,"vSMC/Pericyte","Other spots"
"Tumour 7",0.0389639732306457,0,"Tumor cells","Tumor spots"
"Tumour 7",-0.1545469114645,0,"vSMC/Pericyte","Other spots"
"Tumour 7",-0.127325942168425,0,"Tumor cells","Tumor spots"
"Tumour 7",0.0195504133446178,0.562307579601134,"vSMC/Pericyte","Other spots"
"Tumour 7",0.0400714875587782,0,"Tumor cells","Tumor spots"
"Tumour 7",-0.0228424823291147,0,"Tumor cells","Tumor spots"
"Tumour 7",0.0014580135134421,0.474173470953775,"Tumor cells","Tumor spots"
"Tumour 7",-0.0897626792278596,0,"vSMC/Pericyte","Other spots"
"Tumour 7",-0.0328615889003174,0,"vSMC/Pericyte","Other spots"
"Tumour 7",0.0643768807847498,0,"vSMC/Pericyte","Other spots"
"Tumour 7",0.0747639177016058,0.909785457840811,"Tumor cells","Tumor spots"
"Tumour 7",-0.0470250695711726,0,"Tumor cells","Tumor spots"
"Tumour 7",0.12765864960598,0.562145322935071,"Tumor cells","Tumor spots"
"Tumour 7",5.86472229847645e-05,0,"vSMC/Pericyte","Other spots"
"Tumour 7",0.104517440472879,0,"Tumor cells","Tumor spots"
"Tumour 7",-0.239716035131254,0,"vSMC/Pericyte","Other spots"
"Tumour 7",0.104431727036549,0.509708126842545,"vSMC/Pericyte","Other spots"
"Tumour 7",-0.0875704260642698,0,"vSMC/Pericyte","Other spots"
"Tumour 7",0.0576260110713537,0,"vSMC/Pericyte","Other spots"
"Tumour 7",-0.094167861798093,0,"Tumor cells","Tumor spots"
"Tumour 7",-0.0327916731032544,0.530677667535986,"vSMC/Pericyte","Other spots"
"Tumour 7",-0.0066251565300785,0,"vSMC/Pericyte","Other spots"
"Tumour 7",0.0823143067735049,0,"vSMC/Pericyte","Other spots"
"Tumour 7",-0.0128661105655671,0,"Tumor cells","Tumor spots"
"Tumour 7",-0.0276063829406575,0,"vSMC/Pericyte","Other spots"
"Tumour 7",-0.134669696401512,0,"Tumor cells","Tumor spots"
"Tumour 7",-0.0674372750630032,0.340567663340818,"vSMC/Pericyte","Other spots"
"Tumour 7",-0.142554613562966,0.490315494002403,"vSMC/Pericyte","Other spots"
"Tumour 7",-0.123544023853031,0,"Tumor cells","Tumor spots"
"Tumour 7",-0.168730434655358,0,"vSMC/Pericyte","Other spots"
"Tumour 7",0.122339650468951,0,"Tumor cells","Tumor spots"
"Tumour 7",-0.0591821826527361,0,"vSMC/Pericyte","Other spots"
"Tumour 7",0.0137744543052027,0,"vSMC/Pericyte","Other spots"
"Tumour 7",0.231844854869785,0,"Tumor cells","Tumor spots"
"Tumour 7",0.142168888263377,0,"vSMC/Pericyte","Other spots"
"Tumour 7",0.0491856897323278,0,"vSMC/Pericyte","Other spots"
"Tumour 7",0.129025274892994,0.815189790973977,"Tumor cells","Tumor spots"
"Tumour 7",-0.0391458133043308,0,"vSMC/Pericyte","Other spots"
"Tumour 7",-0.0967343045782409,0.556876045590892,"Tumor cells","Tumor spots"
"Tumour 7",-0.0439833150770244,0.740437188944116,"Tumor cells","Tumor spots"
"Tumour 7",-0.151756109770674,0,"Tumor cells","Tumor spots"
"Tumour 7",0.0145663619851267,0.684802895346009,"Tumor cells","Tumor spots"
"Tumour 7",-0.00271171221589234,0,"Tumor cells","Tumor spots"
"Tumour 7",-0.0647043567401339,0,"vSMC/Pericyte","Other spots"
"Tumour 7",-0.169155546362583,0,"Tumor cells","Tumor spots"
"Tumour 7",-0.0481405558040249,1.34718181177226,"Tumor cells","Tumor spots"
"Tumour 7",0.0174416441466184,0,"vSMC/Pericyte","Other spots"
"Tumour 7",0.192685229404567,0,"vSMC/Pericyte","Other spots"
"Tumour 7",0.0846152214242634,0,"vSMC/Pericyte","Other spots"
"Tumour 7",-0.0580762344492629,0,"vSMC/Pericyte","Other spots"
"Tumour 7",-0.11951389173032,0,"vSMC/Pericyte","Other spots"
"Tumour 7",-0.10984168460108,0.858578644492218,"vSMC/Pericyte","Other spots"
"Tumour 7",-0.0131895119798556,0,"Tumor cells","Tumor spots"
"Tumour 7",0.0347170397456973,0.505835909627665,"Tumor cells","Tumor spots"
"Tumour 7",0.142027031038191,0,"vSMC/Pericyte","Other spots"
"Tumour 7",-0.116889899309233,0,"vSMC/Pericyte","Other spots"
"Tumour 7",-0.0372334280558779,0,"vSMC/Pericyte","Other spots"
"Tumour 7",-0.0801850171112052,0,"Tumor cells","Tumor spots"
"Tumour 7",-0.00588850750907599,0.575471109775427,"vSMC/Pericyte","Other spots"
"Tumour 7",0.0406705669851801,0,"vSMC/Pericyte","Other spots"
"Tumour 7",-0.00465850800113882,0,"vSMC/Pericyte","Other spots"
"Tumour 7",-0.0796824250927106,0,"Tumor cells","Tumor spots"
"Tumour 7",0.0517542863344023,0,"Tumor cells","Tumor spots"
"Tumour 7",0.139932450889072,0.593278965276642,"vSMC/Pericyte","Other spots"
"Tumour 7",-0.097104011770414,0,"vSMC/Pericyte","Other spots"
"Tumour 7",-0.0766296006702323,0.593641619262092,"Tumor cells","Tumor spots"
"Tumour 7",0.101252823546045,0,"Tumor cells","Tumor spots"
"Tumour 7",0.239698169920597,0,"Tumor cells","Tumor spots"
"Tumour 7",0.101340319215872,0,"vSMC/Pericyte","Other spots"
"Tumour 7",-0.061525256707979,0,"Tumor cells","Tumor spots"
"Tumour 7",-0.00101553574584112,0,"Tumor cells","Tumor spots"
"Tumour 7",0.136080837189553,0.674578621001465,"vSMC/Pericyte","Other spots"
"Tumour 7",-0.0486630526920396,0,"Tumor cells","Tumor spots"
"Tumour 7",-0.153159065116949,0,"vSMC/Pericyte","Other spots"
"Tumour 7",0.0205343771570616,0,"Tumor cells","Tumor spots"
"Tumour 7",0.169540766116934,0,"vSMC/Pericyte","Other spots"
"Tumour 7",-0.14199477869279,0.470198711668678,"Tumor cells","Tumor spots"
"Tumour 7",-0.065007051322947,0,"vSMC/Pericyte","Other spots"
"Tumour 7",-0.0407710975557747,0,"vSMC/Pericyte","Other spots"
"Tumour 7",0.0486544637044317,0.41705844666918,"Tumor cells","Tumor spots"
"Tumour 7",-0.212467188050113,0,"vSMC/Pericyte","Other spots"
"Tumour 7",-0.0891560933809099,0.616171658293369,"Tumor cells","Tumor spots"
"Tumour 7",-0.0137741077090051,0.567551043444595,"Tumor cells","Tumor spots"
"Tumour 7",0.244199405293295,0,"Tumor cells","Tumor spots"
"Tumour 7",-0.11878160656196,0,"vSMC/Pericyte","Other spots"
"Tumour 7",0.116613501736063,0,"Tumor cells","Tumor spots"
"Tumour 7",0.160140620219612,0,"vSMC/Pericyte","Other spots"
"Tumour 7",0.166112145681976,0.492359846618628,"Tumor cells","Tumor spots"
"Tumour 7",0.070901574211591,0,"Tumor cells","Tumor spots"
"Tumour 7",-0.159769167425342,0,"Tumor cells","Tumor spots"
"Tumour 7",-0.0688882713778419,0,"vSMC/Pericyte","Other spots"
"Tumour 7",-0.118956466731652,0.904193750532881,"vSMC/Pericyte","Other spots"
"Tumour 7",-0.112914621860393,0,"vSMC/Pericyte","Other spots"
"Tumour 7",0.131517310956263,0.716541270931325,"vSMC/Pericyte","Other spots"
"Tumour 7",-0.0694776922864594,0,"vSMC/Pericyte","Other spots"
"Tumour 7",-0.139754135969479,0,"vSMC/Pericyte","Other spots"
"Tumour 7",0.210051512986417,0.407677275928351,"Tumor cells","Tumor spots"
"Tumour 7",0.137177705574323,0,"vSMC/Pericyte","Other spots"
"Tumour 7",0.000725682836715258,0.95369363118436,"Tumor cells","Tumor spots"
"Tumour 7",0.116666431033291,0,"vSMC/Pericyte","Other spots"
"Tumour 7",-0.0172996437392508,0,"Tumor cells","Tumor spots"
"Tumour 7",-0.0251982317852746,0,"Tumor cells","Tumor spots"
"Tumour 7",0.205654714300316,0,"vSMC/Pericyte","Other spots"
"Tumour 7",-0.0953272805952788,0.983912594449331,"Tumor cells","Tumor spots"
"Tumour 7",0.0283467584258243,0.509124762295039,"vSMC/Pericyte","Other spots"
"Tumour 7",-0.0365054068926249,0,"vSMC/Pericyte","Other spots"
"Tumour 7",0.0736312392080322,0,"Tumor cells","Tumor spots"
"Tumour 7",0.277980949162049,0,"vSMC/Pericyte","Other spots"
"Tumour 7",-0.210991911712579,0,"vSMC/Pericyte","Other spots"
"Tumour 7",0.108512601533826,0.463496655680349,"Tumor cells","Tumor spots"
"Tumour 7",-0.0516051139160623,0,"vSMC/Pericyte","Other spots"
"Tumour 7",-0.0439239109429529,1.15982701076507,"vSMC/Pericyte","Other spots"
"Tumour 7",-0.0920806939025309,0,"vSMC/Pericyte","Other spots"
"Tumour 7",-0.00883801004755863,0,"Tumor cells","Tumor spots"
"Tumour 7",-0.0605142133344292,0.31840941915549,"Tumor cells","Tumor spots"
"Tumour 7",0.150266719841127,0,"vSMC/Pericyte","Other spots"
"Tumour 7",0.231166390972658,0,"Tumor cells","Tumor spots"
"Tumour 7",0.006090473009428,0,"vSMC/Pericyte","Other spots"
"Tumour 7",0.07791473872166,0.554941889475735,"vSMC/Pericyte","Other spots"
"Tumour 7",-0.142799617982453,0,"Tumor cells","Tumor spots"
"Tumour 7",0.043476571396607,0.465341200795811,"Tumor cells","Tumor spots"
"Tumour 7",-0.21484127615822,0,"Tumor cells","Tumor spots"
"Tumour 7",-0.200235590216386,0,"vSMC/Pericyte","Other spots"
"Tumour 7",0.0483718789281186,0,"Tumor cells","Tumor spots"
"Tumour 7",0.0220885272163145,0.592446589097642,"vSMC/Pericyte","Other spots"
"Tumour 7",-0.0726348170691156,0.436560163538296,"vSMC/Pericyte","Other spots"
"Tumour 7",-0.0269617193075119,0,"Tumor cells","Tumor spots"
"Tumour 7",0.191676321486074,0,"Tumor cells","Tumor spots"
"Tumour 7",0.153309575940519,0,"vSMC/Pericyte","Other spots"
"Tumour 7",0.0983664066797508,0,"Tumor cells","Tumor spots"
"Tumour 7",-0.0312238036775395,0,"Tumor cells","Tumor spots"
"Tumour 7",0.0392380822601112,0,"vSMC/Pericyte","Other spots"
"Tumour 7",-0.0908819327838634,1.15585938107652,"vSMC/Pericyte","Other spots"
"Tumour 7",-0.201769930562747,0,"vSMC/Pericyte","Other spots"
"Tumour 7",0.184938328172189,0.387645455885563,"Tumor cells","Tumor spots"
"Tumour 7",0.127773688483131,0,"vSMC/Pericyte","Other spots"
"Tumour 7",0.103705927818111,0,"Tumor cells","Tumor spots"
"Tumour 7",-0.0324600908681868,0,"Tumor cells","Tumor spots"
"Tumour 7",-0.00484498547968087,0,"Tumor cells","Tumor spots"
"Tumour 7",0.0439710003490513,0,"vSMC/Pericyte","Other spots"
"Tumour 7",0.155393014633958,0,"vSMC/Pericyte","Other spots"
"Tumour 7",0.0867806491312186,0.5698100456782,"Tumor cells","Tumor spots"
"Tumour 7",0.033314286431383,0,"Tumor cells","Tumor spots"
"Tumour 7",0.0747902310357789,0,"vSMC/Pericyte","Other spots"
"Tumour 7",0.0503338851517975,0,"vSMC/Pericyte","Other spots"
"Tumour 7",-0.0125781751052317,0,"Tumor cells","Tumor spots"
"Tumour 7",0.193078811572559,0,"Tumor cells","Tumor spots"
"Tumour 7",0.0236850834694246,0,"Tumor cells","Tumor spots"
"Tumour 7",0.144716629205604,0,"vSMC/Pericyte","Other spots"
"Tumour 7",-0.23122567266266,0.759226058271582,"vSMC/Pericyte","Other spots"
"Tumour 7",-0.228997849507589,0,"vSMC/Pericyte","Other spots"
"Tumour 7",-0.0886378961069096,0,"vSMC/Pericyte","Other spots"
"Tumour 7",-0.0313227930987797,0,"vSMC/Pericyte","Other spots"
"Tumour 7",0.0828443654654907,0,"Tumor cells","Tumor spots"
"Tumour 7",-0.0601830514472724,0,"Tumor cells","Tumor spots"
"Tumour 7",0.080119691252594,0.683586218664279,"vSMC/Pericyte","Other spots"
"Tumour 7",0.155484657236433,0,"Tumor cells","Tumor spots"
"Tumour 7",0.0130831337624123,0,"Tumor cells","Tumor spots"
"Tumour 7",-0.0659167153109702,0.323373530470778,"Tumor cells","Tumor spots"
"Tumour 7",-0.043669643405049,0.650153445875054,"Tumor cells","Tumor spots"
"Tumour 7",-0.147298003772848,0.366009829009836,"vSMC/Pericyte","Other spots"
"Tumour 7",0.173691386293974,0.800078442093721,"vSMC/Pericyte","Other spots"
"Tumour 7",0.0427679419607711,0,"vSMC/Pericyte","Other spots"
"Tumour 7",0.0701333357618989,0,"Tumor cells","Tumor spots"
"Tumour 7",0.1336804905112,0,"Tumor cells","Tumor spots"
"Tumour 7",-0.159014208311328,0,"Tumor cells","Tumor spots"
"Tumour 7",0.0748377563328779,0,"Tumor cells","Tumor spots"
"Tumour 7",0.040114710440816,0,"vSMC/Pericyte","Other spots"
"Tumour 7",0.0477497909195765,0,"vSMC/Pericyte","Other spots"
"Tumour 7",0.0426014648251825,0,"Tumor cells","Tumor spots"
"Tumour 7",-0.0846609951934862,0,"vSMC/Pericyte","Other spots"
"Tumour 7",-0.107470203078133,0,"Tumor cells","Tumor spots"
"Tumour 7",-0.0735203150025556,0,"vSMC/Pericyte","Other spots"
"Tumour 7",-0.0409651129674261,0,"Tumor cells","Tumor spots"
"Tumour 7",-0.0663080106852876,0,"vSMC/Pericyte","Other spots"
"Tumour 7",-0.0783066937701272,0.513722310696501,"vSMC/Pericyte","Other spots"
"Tumour 7",0.490632848149994,1.34844709842059,"Tumor cells","Tumor spots"
"Tumour 7",-0.0112012183239388,0,"vSMC/Pericyte","Other spots"
"Tumour 7",-0.0225382504164562,0,"Tumor cells","Tumor spots"
"Tumour 7",0.0692018614138811,0,"vSMC/Pericyte","Other spots"
"Tumour 7",-0.039861914058358,0.639543830508436,"Tumor cells","Tumor spots"
"Tumour 7",-0.0841266889217142,0.405448442135913,"vSMC/Pericyte","Other spots"
"Tumour 7",-0.0161482852356754,0,"vSMC/Pericyte","Other spots"
"Tumour 7",0.044306159014754,0,"vSMC/Pericyte","Other spots"
"Tumour 7",-0.252596736410699,0,"vSMC/Pericyte","Other spots"
"Tumour 7",0.0411360723355993,1.01644640150919,"vSMC/Pericyte","Other spots"
"Tumour 7",-0.157366629956185,0.487002879937993,"vSMC/Pericyte","Other spots"
"Tumour 7",0.0215464860016011,0.573740394168128,"Tumor cells","Tumor spots"
"Tumour 7",-0.0415456396470184,0.552927366100337,"Tumor cells","Tumor spots"
"Tumour 7",-0.059160937823871,0,"Tumor cells","Tumor spots"
"Tumour 7",0.0390418220371643,0,"Tumor cells","Tumor spots"
"Tumour 7",0.0885252019178036,0,"Tumor cells","Tumor spots"
"Tumour 7",-0.102638033137815,0,"Tumor cells","Tumor spots"
"Tumour 7",0.157304361629978,0,"vSMC/Pericyte","Other spots"
"Tumour 7",-0.0101452893282445,0,"Tumor cells","Tumor spots"
"Tumour 7",-0.00889146443196842,0,"vSMC/Pericyte","Other spots"
"Tumour 7",-0.0145040250506186,0,"Tumor cells","Tumor spots"
"Tumour 7",-0.0894712788133761,0,"vSMC/Pericyte","Other spots"
"Tumour 7",-0.256266667735125,0,"vSMC/Pericyte","Other spots"
"Tumour 7",0.00790408573864732,0.606401074659975,"Tumor cells","Tumor spots"
"Tumour 7",0.130970460672525,0.416248267791624,"Tumor cells","Tumor spots"
"Tumour 7",0.0760863683582209,0,"Tumor cells","Tumor spots"
"Tumour 7",-0.0455587719262451,0,"vSMC/Pericyte","Other spots"
"Tumour 7",-0.13177259525158,0,"Tumor cells","Tumor spots"
"Tumour 7",-0.0785870520285928,0,"vSMC/Pericyte","Other spots"
"Tumour 7",-0.201550649909199,0,"Tumor cells","Tumor spots"
"Tumour 7",-0.0550646747051907,0,"Tumor cells","Tumor spots"
"Tumour 7",-0.144397692971096,0,"Tumor cells","Tumor spots"
"Tumour 7",-0.0474580094660518,0,"Tumor cells","Tumor spots"
"Tumour 7",-0.231332277726866,0,"vSMC/Pericyte","Other spots"
"Tumour 7",-0.00355029295176551,0.528667458076936,"Tumor cells","Tumor spots"
"Tumour 7",-0.0526873971522298,0.596962864114075,"Tumor cells","Tumor spots"
"Tumour 7",-0.00379134783879337,0.536980442746369,"vSMC/Pericyte","Other spots"
"Tumour 7",-0.0519376842452231,0.631504035294113,"vSMC/Pericyte","Other spots"
"Tumour 7",0.0225983551948303,0,"Tumor cells","Tumor spots"
"Tumour 7",-0.000131971887932458,0,"vSMC/Pericyte","Other spots"
"Tumour 7",0.0357849024262358,0,"Tumor cells","Tumor spots"
"Tumour 7",-0.0132080447533365,0,"vSMC/Pericyte","Other spots"
"Tumour 7",-0.189057479154996,0,"Tumor cells","Tumor spots"
"Tumour 7",-0.0440147897402336,0,"Tumor cells","Tumor spots"
"Tumour 7",-0.195479099239981,0,"vSMC/Pericyte","Other spots"
"Tumour 7",0.0176650545601129,0,"vSMC/Pericyte","Other spots"
"Tumour 7",-0.049600443371248,0.743867581093197,"vSMC/Pericyte","Other spots"
"Tumour 7",0.00235971094586457,0,"vSMC/Pericyte","Other spots"
"Tumour 7",0.172077788909528,0.86753094978703,"vSMC/Pericyte","Other spots"
"Tumour 7",0.167928596765129,0.718691088349859,"vSMC/Pericyte","Other spots"
"Tumour 7",-0.026905625262346,0,"Tumor cells","Tumor spots"
"Tumour 7",-0.295244974855366,0,"vSMC/Pericyte","Other spots"
"Tumour 7",0.019774670313014,0,"Tumor cells","Tumor spots"
"Tumour 7",-0.0385658306203421,0,"vSMC/Pericyte","Other spots"
"Tumour 7",-0.09905187758988,0,"Tumor cells","Tumor spots"
"Tumour 7",0.00864183056165552,0.668075492232477,"vSMC/Pericyte","Other spots"
"Tumour 7",-0.0238536353857475,0,"vSMC/Pericyte","Other spots"
"Tumour 7",-0.188830609499962,0.591328486201039,"Tumor cells","Tumor spots"
"Tumour 7",0.0163617377333407,0,"Tumor cells","Tumor spots"
"Tumour 7",0.0443287429279234,0,"Tumor cells","Tumor spots"
"Tumour 7",-0.058198613103183,0,"vSMC/Pericyte","Other spots"
"Tumour 7",0.0539023126970273,0,"Tumor cells","Tumor spots"
"Tumour 7",-0.0678025786677548,0,"Tumor cells","Tumor spots"
"Tumour 7",-0.0714010359267334,0,"Tumor cells","Tumor spots"
"Tumour 7",-0.054104362685094,0,"vSMC/Pericyte","Other spots"
"Tumour 7",0.240233064500262,0,"vSMC/Pericyte","Other spots"
"Tumour 7",-0.161554768887992,0.493227145501717,"Tumor cells","Tumor spots"
"Tumour 7",0.0792049700565188,0,"Tumor cells","Tumor spots"
"Tumour 7",-0.0772752961520222,0,"vSMC/Pericyte","Other spots"
"Tumour 7",0.0123202886903909,0.623810932752377,"vSMC/Pericyte","Other spots"
"Tumour 7",-0.0900649362989512,0,"vSMC/Pericyte","Other spots"
"Tumour 7",-0.0736570134585332,0,"vSMC/Pericyte","Other spots"
"Tumour 7",-0.172763455050452,0.568147222984891,"Tumor cells","Tumor spots"
"Tumour 7",-0.00158343489004936,0,"Tumor cells","Tumor spots"
"Tumour 7",0.0649555248390473,0,"vSMC/Pericyte","Other spots"
"Tumour 7",-0.175389975823372,0,"vSMC/Pericyte","Other spots"
"Tumour 7",0.0320889527145337,0,"vSMC/Pericyte","Other spots"
"Tumour 7",-0.0306859159588142,0.5912564996316,"Tumor cells","Tumor spots"
"Tumour 7",-0.0945556707794191,0.524355628586034,"Tumor cells","Tumor spots"
"Tumour 7",0.166496525025686,0,"Tumor cells","Tumor spots"
"Tumour 7",0.0727974779697222,0.885751467659295,"Tumor cells","Tumor spots"
"Tumour 7",-0.0711783015484979,0.899539231632179,"vSMC/Pericyte","Other spots"
"Tumour 7",-0.149178730341008,0,"vSMC/Pericyte","Other spots"
"Tumour 7",0.0269417135274955,0,"vSMC/Pericyte","Other spots"
"Tumour 7",0.0390649214663977,0,"vSMC/Pericyte","Other spots"
"Tumour 7",-0.145327680309722,0,"Tumor cells","Tumor spots"
"Tumour 7",0.0415899356740915,0,"Tumor cells","Tumor spots"
"Tumour 7",0.172597701070892,0,"vSMC/Pericyte","Other spots"
"Tumour 7",0.151517901285152,0,"Tumor cells","Tumor spots"
"Tumour 7",0.0302253674419527,0,"vSMC/Pericyte","Other spots"
"Tumour 7",0.184081227306824,0,"vSMC/Pericyte","Other spots"
"Tumour 7",-0.0361720624634859,0,"vSMC/Pericyte","Other spots"
"Tumour 7",0.0116341783930759,0.454892330534216,"Tumor cells","Tumor spots"
"Tumour 7",0.210259548515803,0,"Tumor cells","Tumor spots"
"Tumour 7",-0.124494559494483,0,"vSMC/Pericyte","Other spots"
"Tumour 7",-0.0892707242385783,0,"Tumor cells","Tumor spots"
"Tumour 7",0.194651462895041,0.558311769879178,"vSMC/Pericyte","Other spots"
"Tumour 7",-0.215948184789222,0,"vSMC/Pericyte","Other spots"
"Tumour 7",-0.0320370976516845,0,"Tumor cells","Tumor spots"
"Tumour 7",0.0773255861701455,0.874315354844828,"vSMC/Pericyte","Other spots"
"Tumour 7",-0.107857264828025,0,"vSMC/Pericyte","Other spots"
"Tumour 7",-0.0784358353599889,0,"Tumor cells","Tumor spots"
"Tumour 7",-0.0346972833077046,0,"vSMC/Pericyte","Other spots"
"Tumour 7",0.0437050016146225,0.409403512592975,"Tumor cells","Tumor spots"
"Tumour 7",-0.0214931136301221,0,"Tumor cells","Tumor spots"
"Tumour 7",-0.185213084150551,0.791568396087025,"Tumor cells","Tumor spots"
"Tumour 7",-0.116042710918105,0.887723575030635,"vSMC/Pericyte","Other spots"
"Tumour 7",-0.148540862813023,0,"vSMC/Pericyte","Other spots"
"Tumour 7",0.0272107398927918,0,"vSMC/Pericyte","Other spots"
"Tumour 7",-0.147038726952345,0.485796452169207,"vSMC/Pericyte","Other spots"
"Tumour 7",0.0500891316819831,0.484332837407599,"Tumor cells","Tumor spots"
"Tumour 7",0.0656308884702455,0.419008866441072,"vSMC/Pericyte","Other spots"
"Tumour 7",0.12980814566431,0,"vSMC/Pericyte","Other spots"
"Tumour 7",-0.163890772079151,0,"vSMC/Pericyte","Other spots"
"Tumour 7",0.0829485697103118,0,"vSMC/Pericyte","Other spots"
"Tumour 7",-0.0779827403117241,0,"Tumor cells","Tumor spots"
"Tumour 7",-0.0497262690790316,0.571818675666096,"vSMC/Pericyte","Other spots"
"Tumour 7",-0.165988535931108,0,"vSMC/Pericyte","Other spots"
"Tumour 7",0.119530760565632,0,"vSMC/Pericyte","Other spots"
"Tumour 7",0.0668518712673946,1.07651086098359,"Tumor cells","Tumor spots"
"Tumour 7",0.0977146761574926,0,"Tumor cells","Tumor spots"
"Tumour 7",0.138162503412093,0.637414283711218,"Tumor cells","Tumor spots"
"Tumour 7",-0.184323562455748,0.92701331080089,"vSMC/Pericyte","Other spots"
"Tumour 7",0.0145371381420955,0.586651147942522,"Tumor cells","Tumor spots"
"Tumour 7",-0.188132367724083,0,"vSMC/Pericyte","Other spots"
"Tumour 7",-0.28620712903167,0.550678876587044,"vSMC/Pericyte","Other spots"
"Tumour 7",0.0521665253533592,0.531515059332545,"Tumor cells","Tumor spots"
"Tumour 7",-0.364027255991979,0,"Tumor cells","Tumor spots"
"Tumour 7",-0.0388047902886018,0.561270794707527,"Tumor cells","Tumor spots"
"Tumour 7",0.13203770577266,0.584358463734063,"vSMC/Pericyte","Other spots"
"Tumour 7",-0.0133370304615154,0,"Tumor cells","Tumor spots"
"Tumour 7",0.0702968702043481,0,"Tumor cells","Tumor spots"
"Tumour 7",-0.0120682804773889,0.552582629201376,"Tumor cells","Tumor spots"
"Tumour 7",0.269351647307211,0,"vSMC/Pericyte","Other spots"
"Tumour 7",0.235025289860836,0,"Tumor cells","Tumor spots"
"Tumour 7",-0.18150432288669,0,"vSMC/Pericyte","Other spots"
"Tumour 7",-0.00717992527414446,0,"Tumor cells","Tumor spots"
"Tumour 7",0.147804022868029,0,"Tumor cells","Tumor spots"
"Tumour 7",-0.0842881245166845,0,"Tumor cells","Tumor spots"
"Tumour 7",-0.111423406781831,1.04425519403636,"vSMC/Pericyte","Other spots"
"Tumour 7",-0.0757192531980355,0,"Tumor cells","Tumor spots"
"Tumour 7",-0.203542276052795,0,"vSMC/Pericyte","Other spots"
"Tumour 7",0.0125646511645353,0,"Tumor cells","Tumor spots"
"Tumour 7",0.0160836687949365,0,"vSMC/Pericyte","Other spots"
"Tumour 7",-0.0458248507949339,0,"vSMC/Pericyte","Other spots"
"Tumour 7",-0.0710394806710856,0,"vSMC/Pericyte","Other spots"
"Tumour 7",-0.0361654542282446,1.49842482065082,"vSMC/Pericyte","Other spots"
"Tumour 7",-0.159066042696512,0.786390344832843,"Tumor cells","Tumor spots"
"Tumour 7",-0.178163393635954,0,"vSMC/Pericyte","Other spots"
"Tumour 7",-0.11645168478178,0,"Tumor cells","Tumor spots"
"Tumour 7",0.177141652720776,0.901461523556535,"Tumor cells","Tumor spots"
"Tumour 7",0.0426340965353682,0,"vSMC/Pericyte","Other spots"
"Tumour 7",-0.0273461873602411,0,"vSMC/Pericyte","Other spots"
"Tumour 7",-0.167096116497842,0,"Tumor cells","Tumor spots"
"Tumour 7",0.111412042916996,0,"vSMC/Pericyte","Other spots"
"Tumour 7",0.0419241009554104,0,"vSMC/Pericyte","Other spots"
"Tumour 7",-0.0433076960626149,0,"vSMC/Pericyte","Other spots"
"Tumour 7",0.0293369447318975,0.727316076175195,"vSMC/Pericyte","Other spots"
"Tumour 7",-0.105020540634666,0,"vSMC/Pericyte","Other spots"
"Tumour 7",0.0626096815882381,0,"Tumor cells","Tumor spots"
"Tumour 7",-0.105143550141134,0,"Tumor cells","Tumor spots"
"Tumour 7",0.123847873335808,0,"vSMC/Pericyte","Other spots"
"Tumour 7",0.020699048720448,0,"Tumor cells","Tumor spots"
"Tumour 7",-0.0328086996281468,0.49703015552439,"vSMC/Pericyte","Other spots"
"Tumour 7",-0.0387880335206367,0,"vSMC/Pericyte","Other spots"
"Tumour 7",0.0628252420414557,0,"Tumor cells","Tumor spots"
"Tumour 7",-0.0741602038779608,0,"Tumor cells","Tumor spots"
"Tumour 7",0.0899427593252594,0,"vSMC/Pericyte","Other spots"
"Tumour 7",0.0842557599842293,0.781668438674256,"Tumor cells","Tumor spots"
"Tumour 7",0.0572161076362717,0.526219000838714,"vSMC/Pericyte","Other spots"
"Tumour 7",0.105639840168935,0,"Tumor cells","Tumor spots"
"Tumour 7",-0.187518947545322,0,"Tumor cells","Tumor spots"
"Tumour 7",-0.0824495074754456,0,"vSMC/Pericyte","Other spots"
"Tumour 7",-0.113071787478702,0.92294197074488,"Tumor cells","Tumor spots"
"Tumour 7",-0.056186248229689,0.713766467762681,"vSMC/Pericyte","Other spots"
"Tumour 7",-0.192916228702205,0.761713635538117,"vSMC/Pericyte","Other spots"
"Tumour 7",-0.16044822626789,0,"Tumor cells","Tumor spots"
"Tumour 7",0.193812308600261,0,"Tumor cells","Tumor spots"
"Tumour 7",-0.0447652603637342,0.630598476898714,"vSMC/Pericyte","Other spots"
"Tumour 7",0.0247547847124061,0,"vSMC/Pericyte","Other spots"
"Tumour 7",-0.000442235544035552,0,"vSMC/Pericyte","Other spots"
"Tumour 7",0.152687537745772,0,"vSMC/Pericyte","Other spots"
"Tumour 7",0.0871981988554786,0,"Macrophages","Other spots"
"Tumour 7",-0.0315738395968635,0,"Tumor cells","Tumor spots"
"Tumour 7",0.061992512665965,0,"vSMC/Pericyte","Other spots"
"Tumour 7",0.0343451536024471,0,"vSMC/Pericyte","Other spots"
"Tumour 7",-0.166171839305399,0,"Tumor cells","Tumor spots"
"Tumour 7",0.219048474288648,0.548140819618835,"vSMC/Pericyte","Other spots"
"Tumour 7",-0.0542900315427261,0.45539814993704,"Tumor cells","Tumor spots"
"Tumour 7",-0.0973147470705528,0,"Tumor cells","Tumor spots"
"Tumour 7",-0.0054590768632351,0.391642932217991,"Tumor cells","Tumor spots"
"Tumour 7",0.0627382949420539,0,"vSMC/Pericyte","Other spots"
"Tumour 7",-0.0794879157483023,0,"Tumor cells","Tumor spots"
"Tumour 7",-0.230671743232197,0.699150780561374,"vSMC/Pericyte","Other spots"
"Tumour 7",-0.00731949095845844,0,"vSMC/Pericyte","Other spots"
"Tumour 7",-0.149233100483987,0,"vSMC/Pericyte","Other spots"
"Tumour 7",-0.184944283070879,0,"vSMC/Pericyte","Other spots"
"Tumour 7",-0.0349227926089144,0,"vSMC/Pericyte","Other spots"
"Tumour 7",0.0637725958070774,0,"Tumor cells","Tumor spots"
"Tumour 7",-0.103467290525843,0,"vSMC/Pericyte","Other spots"
"Tumour 7",-0.0214227401316438,0,"Tumor cells","Tumor spots"
"Tumour 7",0.0197069987550706,0.545230202675909,"vSMC/Pericyte","Other spots"
"Tumour 7",0.0179782877156556,0.728978200086872,"Tumor cells","Tumor spots"
"Tumour 7",-0.0193038104142458,0,"Tumor cells","Tumor spots"
"Tumour 7",0.00321489335759806,0,"vSMC/Pericyte","Other spots"
"Tumour 7",-0.188114743418853,0,"Tumor cells","Tumor spots"
"Tumour 7",0.11704981547213,0,"vSMC/Pericyte","Other spots"
"Tumour 7",-0.00927919629556095,0,"vSMC/Pericyte","Other spots"
"Tumour 7",-0.128449098034773,0.460995387430201,"vSMC/Pericyte","Other spots"
"Tumour 7",-0.0849843294765428,0,"vSMC/Pericyte","Other spots"
"Tumour 7",-0.187528744715526,0,"vSMC/Pericyte","Other spots"
"Tumour 7",0.229027653176023,0,"Tumor cells","Tumor spots"
"Tumour 7",-0.0369666525026314,0,"vSMC/Pericyte","Other spots"
"Tumour 7",-0.0164156695080019,0,"vSMC/Pericyte","Other spots"
"Tumour 7",-0.025715079039659,0,"vSMC/Pericyte","Other spots"
"Tumour 7",0.106933493433946,1.03710963591236,"vSMC/Pericyte","Other spots"
"Tumour 7",-0.014301584329574,0,"Tumor cells","Tumor spots"
"Tumour 7",-0.0754381555678895,0.768038958501979,"Tumor cells","Tumor spots"
"Tumour 7",0.147981546598408,0,"Tumor cells","Tumor spots"
"Tumour 7",-0.0123880791655813,0.523485058976759,"Tumor cells","Tumor spots"
"Tumour 7",-0.147260013971806,0,"vSMC/Pericyte","Other spots"
"Tumour 7",0.0160234524426464,0,"vSMC/Pericyte","Other spots"
"Tumour 7",-0.0369341572643971,0.660567911142264,"vSMC/Pericyte","Other spots"
"Tumour 7",-0.129312193080697,0,"Tumor cells","Tumor spots"
"Tumour 7",-0.125975614371673,0,"Tumor cells","Tumor spots"
"Tumour 7",-0.0563046921868717,0,"vSMC/Pericyte","Other spots"
"Tumour 7",-0.0374054367291518,0,"vSMC/Pericyte","Other spots"
"Tumour 7",0.00325878156592591,0,"Tumor cells","Tumor spots"
"Tumour 7",0.220135273240887,0.56884439326415,"Tumor cells","Tumor spots"
"Tumour 7",-0.0050014085127178,0.497636108644342,"vSMC/Pericyte","Other spots"
"Tumour 7",0.0138707541103011,0,"Tumor cells","Tumor spots"
"Tumour 7",-0.168385577693244,0.630434118049067,"Tumor cells","Tumor spots"
"Tumour 7",0.0553388272232984,0,"vSMC/Pericyte","Other spots"
"Tumour 7",0.010923887263187,0,"Tumor cells","Tumor spots"
"Tumour 7",0.0746240605194643,0,"vSMC/Pericyte","Other spots"
"Tumour 7",0.118866928747259,0,"vSMC/Pericyte","Other spots"
"Tumour 7",-0.130768246461494,0,"Tumor cells","Tumor spots"
"Tumour 7",0.0530990363043385,0,"vSMC/Pericyte","Other spots"
"Tumour 7",0.229044887321722,0.520281188183429,"Tumor cells","Tumor spots"
"Tumour 7",-0.172619120608664,0,"Tumor cells","Tumor spots"
"Tumour 7",0.0473586071159906,0,"vSMC/Pericyte","Other spots"
"Tumour 7",-0.183476686696187,0,"vSMC/Pericyte","Other spots"
"Tumour 7",0.0657723015610602,0.776244811600425,"vSMC/Pericyte","Other spots"
"Tumour 7",-0.126408673968413,0,"Tumor cells","Tumor spots"
"Tumour 7",-0.0778330631491806,0.451341900133249,"vSMC/Pericyte","Other spots"
"Tumour 7",-0.0606004204745122,1.00439445548547,"vSMC/Pericyte","Other spots"
"Tumour 7",-0.158045981037231,0,"vSMC/Pericyte","Other spots"
"Tumour 7",-0.0436730126654673,0,"Tumor cells","Tumor spots"
"Tumour 7",0.115547123305762,0,"vSMC/Pericyte","Other spots"
"Tumour 7",-0.126222435202614,0,"Tumor cells","Tumor spots"
"Tumour 7",-0.105683831053909,0,"Tumor cells","Tumor spots"
"Tumour 7",0.0463288673386221,0.540219574618602,"Tumor cells","Tumor spots"
"Tumour 7",0.0345533063285948,0,"vSMC/Pericyte","Other spots"
"Tumour 7",0.0481804789192962,0,"vSMC/Pericyte","Other spots"
"Tumour 7",-0.0624015186507047,0,"Tumor cells","Tumor spots"
"Tumour 7",-0.0301960340723522,0,"Tumor cells","Tumor spots"
"Tumour 7",0.062713356416303,0,"Tumor cells","Tumor spots"
"Tumour 7",0.0668028679242933,0,"Tumor cells","Tumor spots"
"Tumour 7",0.120534615430784,0.812879588857365,"Tumor cells","Tumor spots"
"Tumour 7",-0.0916388150307928,1.06020767164066,"vSMC/Pericyte","Other spots"
"Tumour 7",-0.0934199413775431,0.635863302108694,"Tumor cells","Tumor spots"
"Tumour 7",0.0158910901823537,0,"Tumor cells","Tumor spots"
"Tumour 7",-0.166537886763808,0,"vSMC/Pericyte","Other spots"
"Tumour 7",-0.141688668028171,0,"Tumor cells","Tumor spots"
"Tumour 7",-0.000773818072265897,0,"vSMC/Pericyte","Other spots"
"Tumour 7",-0.076062972753294,0,"vSMC/Pericyte","Other spots"
"Tumour 7",-0.138178913856634,0,"vSMC/Pericyte","Other spots"
"Tumour 7",-0.271695484632281,1.01938117951922,"Tumor cells","Tumor spots"
"Tumour 7",0.0080407477852879,0.875988231530029,"vSMC/Pericyte","Other spots"
"Tumour 7",0.006264815661641,0,"Tumor cells","Tumor spots"
"Tumour 7",-0.0511291353835536,0,"vSMC/Pericyte","Other spots"
"Tumour 7",0.101154643306705,0,"Tumor cells","Tumor spots"
"Tumour 7",0.0213666257479947,1.12439502025357,"vSMC/Pericyte","Other spots"
"Tumour 7",-0.0333202626248217,0,"vSMC/Pericyte","Other spots"
"Tumour 7",-0.0746617863775391,0.802856097006435,"Tumor cells","Tumor spots"
"Tumour 7",0.0918236780613963,0,"Tumor cells","Tumor spots"
"Tumour 7",-0.0118466222533308,0,"Tumor cells","Tumor spots"
"Tumour 7",-0.194060946640192,0,"vSMC/Pericyte","Other spots"
"Tumour 7",-0.162418981657562,0,"Tumor cells","Tumor spots"
"Tumour 7",0.0584292070660395,0.631916541525093,"vSMC/Pericyte","Other spots"
"Tumour 7",0.105474913144993,0,"Tumor cells","Tumor spots"
"Tumour 7",-0.154217518562068,0,"vSMC/Pericyte","Other spots"
"Tumour 7",-0.155856562960822,0,"vSMC/Pericyte","Other spots"
"Tumour 7",-0.00252303482464777,0,"vSMC/Pericyte","Other spots"
"Tumour 7",-0.0261411423319387,0,"vSMC/Pericyte","Other spots"
"Tumour 7",0.0759284807957954,0.455989720747,"vSMC/Pericyte","Other spots"
"Tumour 7",-0.0706245640261274,0,"vSMC/Pericyte","Other spots"
"Tumour 7",0.152261823551668,0,"vSMC/Pericyte","Other spots"
"Tumour 7",0.0104175946852308,0,"Tumor cells","Tumor spots"
"Tumour 7",-0.0647965172371021,0.941332823077769,"Tumor cells","Tumor spots"
"Tumour 7",-0.105669912406485,0,"Tumor cells","Tumor spots"
"Tumour 7",0.0545863486761063,0,"Tumor cells","Tumor spots"
"Tumour 7",0.0169206566332116,0.416371349841562,"Tumor cells","Tumor spots"
"Tumour 7",-0.238999887823866,0,"Tumor cells","Tumor spots"
"Tumour 7",0.176991129838656,0,"Tumor cells","Tumor spots"
"Tumour 7",-0.0692695755296613,0,"vSMC/Pericyte","Other spots"
"Tumour 7",0.131028513613676,0.933614337144261,"vSMC/Pericyte","Other spots"
"Tumour 7",-0.239083276556537,0.571617158385388,"vSMC/Pericyte","Other spots"
"Tumour 7",0.0582359417666304,0,"vSMC/Pericyte","Other spots"
"Tumour 7",0.190528859211704,0,"Tumor cells","Tumor spots"
"Tumour 7",-0.151668724174831,0,"vSMC/Pericyte","Other spots"
"Tumour 7",0.0343034120755997,0,"vSMC/Pericyte","Other spots"
"Tumour 7",-0.0278592807042266,0.58753788436969,"Tumor cells","Tumor spots"
"Tumour 7",0.126422599903652,0,"Tumor cells","Tumor spots"
"Tumour 7",-0.189208851796886,0,"vSMC/Pericyte","Other spots"
"Tumour 7",-0.0171617066276524,0.805928222242022,"Tumor cells","Tumor spots"
"Tumour 7",0.0956435768357686,0,"vSMC/Pericyte","Other spots"
"Tumour 7",-0.0816217781634495,0.489360862149276,"vSMC/Pericyte","Other spots"
"Tumour 7",0.00562166086248705,0.695178350936167,"Tumor cells","Tumor spots"
"Tumour 7",-0.101336002598853,0.537571796117858,"Tumor cells","Tumor spots"
"Tumour 7",0.00351785931940313,0.392811614555052,"vSMC/Pericyte","Other spots"
"Tumour 7",-0.0591432897291012,0,"Tumor cells","Tumor spots"
"Tumour 7",-0.0958887832906653,0,"Tumor cells","Tumor spots"
"Tumour 7",-0.0197008151668907,0.597734746039033,"vSMC/Pericyte","Other spots"
"Tumour 7",0.0692376281974852,0.744389360196942,"vSMC/Pericyte","Other spots"
"Tumour 7",0.0828362403564548,0,"Tumor cells","Tumor spots"
"Tumour 7",0.265216462724378,0,"vSMC/Pericyte","Other spots"
"Tumour 7",-0.0152785564359773,0,"vSMC/Pericyte","Other spots"
"Tumour 7",-0.042000011729066,0,"vSMC/Pericyte","Other spots"
"Tumour 7",0.0128198874797087,0,"Tumor cells","Tumor spots"
"Tumour 7",0.131808995435949,0,"Tumor cells","Tumor spots"
"Tumour 7",0.00788391718171821,0.54915934397818,"Tumor cells","Tumor spots"
"Tumour 7",0.0430067713029068,0,"vSMC/Pericyte","Other spots"
"Tumour 7",-0.0798168547491934,0,"vSMC/Pericyte","Other spots"
"Tumour 7",-0.0817824889300812,0,"Tumor cells","Tumor spots"
"Tumour 7",-0.104171270302702,0,"Tumor cells","Tumor spots"
"Tumour 7",0.034538675412548,0,"Tumor cells","Tumor spots"
"Tumour 7",-0.0630685878403535,0.69189951976179,"vSMC/Pericyte","Other spots"
"Tumour 7",-0.0133186428814203,0,"Tumor cells","Tumor spots"
"Tumour 7",0.00498718472833853,0,"Tumor cells","Tumor spots"
"Tumour 7",-0.106395252048898,0,"Tumor cells","Tumor spots"
"Tumour 7",-0.079118258430492,0.880386270193435,"vSMC/Pericyte","Other spots"
"Tumour 7",-0.0666501627785369,0,"Tumor cells","Tumor spots"
"Tumour 7",-0.0075736540098954,0,"Tumor cells","Tumor spots"
"Tumour 7",0.0283358043744562,0,"Tumor cells","Tumor spots"
"Tumour 7",0.00904543002011349,0.778914809924056,"Tumor cells","Tumor spots"
"Tumour 7",-0.0332655328351687,0,"vSMC/Pericyte","Other spots"
"Tumour 7",0.00957390967605648,0,"Tumor cells","Tumor spots"
"Tumour 7",-0.0465977489489163,0.90726668583471,"vSMC/Pericyte","Other spots"
"Tumour 7",0.161644883054702,0,"vSMC/Pericyte","Other spots"
"Tumour 7",-0.107387223615659,0.564884053753702,"Tumor cells","Tumor spots"
"Tumour 7",0.129965682078266,0,"vSMC/Pericyte","Other spots"
"Tumour 7",-0.0453502471505714,0,"Tumor cells","Tumor spots"
"Tumour 7",0.00414663106313384,0.696615130659379,"Tumor cells","Tumor spots"
"Tumour 7",0.103526906835494,0.575505152622752,"vSMC/Pericyte","Other spots"
"Tumour 7",0.0558441279437534,1.07011295053899,"vSMC/Pericyte","Other spots"
"Tumour 7",0.0337128946912283,0.556335629932496,"vSMC/Pericyte","Other spots"
"Tumour 7",-0.170301303040298,0,"Tumor cells","Tumor spots"
"Tumour 7",0.00779280459241127,0,"vSMC/Pericyte","Other spots"
"Tumour 7",0.0451880066432191,0,"Tumor cells","Tumor spots"
"Tumour 7",0.0585846278206021,0.757446718172965,"vSMC/Pericyte","Other spots"
"Tumour 7",-0.00126841730362337,1.0018247702185,"Tumor cells","Tumor spots"
"Tumour 7",0.0197628339255214,0,"Tumor cells","Tumor spots"
"Tumour 7",-0.0231956949569345,0,"vSMC/Pericyte","Other spots"
"Tumour 7",-0.013128422020584,0,"vSMC/Pericyte","Other spots"
"Tumour 7",0.0548283469957874,0.440113387664492,"Tumor cells","Tumor spots"
"Tumour 7",0.243685659510385,0,"Tumor cells","Tumor spots"
"Tumour 7",-0.0310334237818548,0.414620011583309,"Tumor cells","Tumor spots"
"Tumour 7",0.0933010663491871,0,"vSMC/Pericyte","Other spots"
"Tumour 7",0.0590936408039886,0,"Tumor cells","Tumor spots"
"Tumour 7",-0.252844266469821,0,"vSMC/Pericyte","Other spots"
"Tumour 7",-0.0373330698040079,0,"Tumor cells","Tumor spots"
"Tumour 7",0.0449063809946009,0.529068252387907,"Tumor cells","Tumor spots"
"Tumour 7",0.147139607670749,0.407896465415741,"Tumor cells","Tumor spots"
"Tumour 7",-0.214319403126688,0,"vSMC/Pericyte","Other spots"
"Tumour 7",-0.122270294632177,0,"Tumor cells","Tumor spots"
"Tumour 7",-0.189177806280345,0,"Tumor cells","Tumor spots"
"Tumour 7",0.249470938514975,0.530447137874166,"Tumor cells","Tumor spots"
"Tumour 7",-0.0831768963519683,1.20923282747393,"Tumor cells","Tumor spots"
"Tumour 7",-0.0582563225359195,0,"vSMC/Pericyte","Other spots"
"Tumour 7",0.0887146881404015,0.613888196886236,"Tumor cells","Tumor spots"
"Tumour 7",-0.0367435791073821,0,"vSMC/Pericyte","Other spots"
"Tumour 7",0.120169963057931,0,"Tumor cells","Tumor spots"
"Tumour 7",-0.241235341175321,0,"vSMC/Pericyte","Other spots"
"Tumour 7",0.169599228028904,0.604549185227094,"Tumor cells","Tumor spots"
"Tumour 7",-0.0681718905998667,0.818787479672354,"vSMC/Pericyte","Other spots"
"Tumour 7",0.124591570620313,0,"vSMC/Pericyte","Other spots"
"Tumour 7",-0.132097561151654,0,"vSMC/Pericyte","Other spots"
"Tumour 7",0.186547035042947,0,"Tumor cells","Tumor spots"
"Tumour 7",-0.198545135858722,0,"vSMC/Pericyte","Other spots"
"Tumour 7",-0.127236333050211,0.867370778804806,"vSMC/Pericyte","Other spots"
"Tumour 7",-0.0928937860792911,0,"vSMC/Pericyte","Other spots"
"Tumour 7",-0.155669863256853,0,"Tumor cells","Tumor spots"
"Tumour 7",-0.0778195574645525,0,"Tumor cells","Tumor spots"
"Tumour 7",-0.0385405312616608,0,"Tumor cells","Tumor spots"
"Tumour 7",0.169970839511094,0,"vSMC/Pericyte","Other spots"
"Tumour 7",0.125587274456626,0,"vSMC/Pericyte","Other spots"
"Tumour 7",-0.290400696293282,0,"vSMC/Pericyte","Other spots"
"Tumour 7",-0.0243267298986471,0.469883660437482,"vSMC/Pericyte","Other spots"
"Tumour 7",-0.0204550119730631,0,"Tumor cells","Tumor spots"
"Tumour 7",-0.00381156476262373,0.446911238687805,"Tumor cells","Tumor spots"
"Tumour 7",-0.0014754516325072,0,"vSMC/Pericyte","Other spots"
"Tumour 7",-0.0031990575634725,0.458885450241034,"Tumor cells","Tumor spots"
"Tumour 7",-0.000179708653438249,0,"vSMC/Pericyte","Other spots"
"Tumour 7",0.149245073677531,0.94630315345883,"Tumor cells","Tumor spots"
"Tumour 7",-0.290047491386801,0,"vSMC/Pericyte","Other spots"
"Tumour 7",0.201634593749791,0,"Tumor cells","Tumor spots"
"Tumour 7",0.171984008269434,0,"Tumor cells","Tumor spots"
"Tumour 7",0.288579900727382,0,"Tumor cells","Tumor spots"
"Tumour 7",-0.00386248799259209,0,"vSMC/Pericyte","Other spots"
"Tumour 7",-0.0930844547018904,0.567154303556804,"Tumor cells","Tumor spots"
"Tumour 7",0.0553403529668607,0,"Tumor cells","Tumor spots"
"Tumour 7",0.153213372837733,0,"Tumor cells","Tumor spots"
"Tumour 7",-0.0718888089512984,0,"vSMC/Pericyte","Other spots"
"Tumour 7",-0.25323519105284,0.386795251027982,"Tumor cells","Tumor spots"
"Tumour 7",-0.0179409406598519,0.960262870730042,"Tumor cells","Tumor spots"
"Tumour 7",-0.114824214252309,0,"vSMC/Pericyte","Other spots"
"Tumour 7",-0.13099413809878,0,"Tumor cells","Tumor spots"
"Tumour 7",-0.0302574093087905,0,"Tumor cells","Tumor spots"
"Tumour 7",0.0318074582956469,0,"Tumor cells","Tumor spots"
"Tumour 7",-0.198403325175328,0.554657687970156,"Tumor cells","Tumor spots"
"Tumour 7",-0.031164757319971,0.382703987185901,"Tumor cells","Tumor spots"
"Tumour 7",-0.0340152722741558,0,"vSMC/Pericyte","Other spots"
"Tumour 7",0.0555146484060922,0,"vSMC/Pericyte","Other spots"
"Tumour 7",0.0561308994107864,0,"Tumor cells","Tumor spots"
"Tumour 7",-0.161733656589935,0,"vSMC/Pericyte","Other spots"
"Tumour 7",-0.0155443115493808,0,"vSMC/Pericyte","Other spots"
"Tumour 7",-0.00917421601675666,0,"vSMC/Pericyte","Other spots"
"Tumour 7",0.0214809708083188,0,"vSMC/Pericyte","Other spots"
"Tumour 7",-0.0558254540139798,0.685071168228734,"Tumor cells","Tumor spots"
"Tumour 7",0.0951972224921317,0.756095454874182,"vSMC/Pericyte","Other spots"
"Tumour 7",-0.0875279120901093,0.989398916459811,"Tumor cells","Tumor spots"
"Tumour 7",0.120555097219185,0,"vSMC/Pericyte","Other spots"
"Tumour 7",0.160770226205253,1.01380953577481,"vSMC/Pericyte","Other spots"
"Tumour 7",-0.165706198944937,0.593714204822762,"vSMC/Pericyte","Other spots"
"Tumour 7",-0.155830958826161,0,"vSMC/Pericyte","Other spots"
"Tumour 7",-0.0132859747422991,0.632412284491334,"Tumor cells","Tumor spots"
"Tumour 7",-0.18352138770966,0,"Tumor cells","Tumor spots"
"Tumour 7",-0.226319512714011,0,"vSMC/Pericyte","Other spots"
"Tumour 7",0.0810350110105974,0,"vSMC/Pericyte","Other spots"
"Tumour 7",-0.105495098064237,0.726322593340341,"Tumor cells","Tumor spots"
"Tumour 7",-0.0508742758448449,0,"vSMC/Pericyte","Other spots"
"Tumour 7",-0.044570253914232,0,"Tumor cells","Tumor spots"
"Tumour 7",-0.0963217445359056,0.467023001107598,"vSMC/Pericyte","Other spots"
"Tumour 7",-0.0734013994933287,0.664345495895887,"Tumor cells","Tumor spots"
"Tumour 7",-0.109986226127678,0,"Tumor cells","Tumor spots"
"Tumour 7",-0.308216630658525,0,"vSMC/Pericyte","Other spots"
"Tumour 7",-0.0261638596292164,0,"vSMC/Pericyte","Other spots"
"Tumour 7",-0.00618046458243815,0,"Tumor cells","Tumor spots"
"Tumour 7",-0.0259786382232741,0.826228831778192,"Tumor cells","Tumor spots"
"Tumour 7",0.0661804416637734,0.655696336776178,"Tumor cells","Tumor spots"
"Tumour 7",-0.159644340662966,0.93993657669237,"vSMC/Pericyte","Other spots"
"Tumour 7",-0.187604529377057,0,"vSMC/Pericyte","Other spots"
"Tumour 7",0.0488933144394569,1.07326980181757,"Tumor cells","Tumor spots"
"Tumour 7",-0.0942467672466236,0,"Tumor cells","Tumor spots"
"Tumour 7",-0.0663070126594114,0,"vSMC/Pericyte","Other spots"
"Tumour 7",-0.155049679653517,0,"vSMC/Pericyte","Other spots"
"Tumour 7",-0.160509523119777,0.641262345190934,"vSMC/Pericyte","Other spots"
"Tumour 7",0.01484658121882,0,"Tumor cells","Tumor spots"
"Tumour 7",0.0192391084257181,0,"vSMC/Pericyte","Other spots"
"Tumour 7",-0.0180723829653511,0.624132643182687,"vSMC/Pericyte","Other spots"
"Tumour 7",-0.154647560308017,0.91671093778123,"Tumor cells","Tumor spots"
"Tumour 7",0.0892639416854408,0,"vSMC/Pericyte","Other spots"
"Tumour 7",-0.106644419325608,0,"vSMC/Pericyte","Other spots"
"Tumour 7",0.0445550459460654,0.659393709311521,"Tumor cells","Tumor spots"
"Tumour 7",-0.041148163033768,0,"Tumor cells","Tumor spots"
"Tumour 7",-0.0129709524345861,0.61662260623199,"vSMC/Pericyte","Other spots"
"Tumour 7",-0.092462936791285,0.565408825440459,"Tumor cells","Tumor spots"
"Tumour 7",-0.0246577696096283,0,"Tumor cells","Tumor spots"
"Tumour 7",0.0932057906280478,0,"Tumor cells","Tumor spots"
"Tumour 7",0.0208515272613833,0.390018558402547,"Tumor cells","Tumor spots"
"Tumour 7",-0.0830238642452163,0,"Tumor cells","Tumor spots"
"Tumour 7",-0.00844854584211985,0.659574074181755,"Tumor cells","Tumor spots"
"Tumour 7",-0.267008508301032,0,"vSMC/Pericyte","Other spots"
"Tumour 7",0.0285892574905131,0,"vSMC/Pericyte","Other spots"
"Tumour 7",-0.0925317670732878,0.543741282876138,"vSMC/Pericyte","Other spots"
"Tumour 7",-0.0964537155661262,0.700579151874604,"Tumor cells","Tumor spots"
"Tumour 7",-0.153646633970188,0,"vSMC/Pericyte","Other spots"
"Tumour 7",-0.0967210352403839,0,"Tumor cells","Tumor spots"
"Tumour 7",-0.176772194093935,0,"vSMC/Pericyte","Other spots"
"Tumour 7",0.0790948032851939,0,"vSMC/Pericyte","Other spots"
"Tumour 7",-0.104885915683599,0,"vSMC/Pericyte","Other spots"
"Tumour 7",0.0723486007010459,0.608150255085635,"vSMC/Pericyte","Other spots"
"Tumour 7",-0.0527689184796601,0,"Tumor cells","Tumor spots"
"Tumour 7",0.085858721502662,0.723222474367717,"Tumor cells","Tumor spots"
"Tumour 7",0.0239830764518393,0,"Tumor cells","Tumor spots"
"Tumour 7",0.138733299119056,0.512618698163867,"Tumor cells","Tumor spots"
"Tumour 7",-0.0705507258455712,0,"Tumor cells","Tumor spots"
"Tumour 7",-0.0799736959497464,0,"Tumor cells","Tumor spots"
"Tumour 7",-0.103806776820602,0,"vSMC/Pericyte","Other spots"
"Tumour 7",-0.235798357901613,0,"vSMC/Pericyte","Other spots"
"Tumour 7",0.213876719037216,0,"vSMC/Pericyte","Other spots"
"Tumour 7",-0.0166863884980422,0,"vSMC/Pericyte","Other spots"
"Tumour 7",-0.0371809784418773,0,"vSMC/Pericyte","Other spots"
"Tumour 7",-0.0444496469417928,0,"Tumor cells","Tumor spots"
"Tumour 7",-0.0545517689648333,0,"vSMC/Pericyte","Other spots"
"Tumour 7",-0.0453443411816191,0.644771220191493,"vSMC/Pericyte","Other spots"
"Tumour 7",0.0650234169687587,0,"vSMC/Pericyte","Other spots"
"Tumour 7",-0.135264697229966,0.879478168392396,"Tumor cells","Tumor spots"
"Tumour 7",0.158772741870073,0.588748280490283,"Tumor cells","Tumor spots"
"Tumour 7",-0.149379537448284,0,"vSMC/Pericyte","Other spots"
"Tumour 7",-0.184218955044934,0,"vSMC/Pericyte","Other spots"
"Tumour 7",0.0351851272342767,0,"Tumor cells","Tumor spots"
"Tumour 7",0.0731870531123814,0,"vSMC/Pericyte","Other spots"
"Tumour 7",0.261954152831186,0,"vSMC/Pericyte","Other spots"
"Tumour 7",-0.228312978606498,0,"vSMC/Pericyte","Other spots"
"Tumour 7",-0.00453340385953566,0,"vSMC/Pericyte","Other spots"
"Tumour 7",-0.149720238993968,0,"Tumor cells","Tumor spots"
"Tumour 7",0.0761297504942996,0,"vSMC/Pericyte","Other spots"
"Tumour 7",-0.156344464568077,0.487972430495727,"vSMC/Pericyte","Other spots"
"Tumour 7",0.000961689422274314,0,"vSMC/Pericyte","Other spots"
"Tumour 7",0.114914192737843,0,"vSMC/Pericyte","Other spots"
"Tumour 7",-0.0175539699627547,0,"vSMC/Pericyte","Other spots"
"Tumour 7",0.0982847269136075,0.859127514141131,"Tumor cells","Tumor spots"
"Tumour 7",-0.116854920066716,0,"Tumor cells","Tumor spots"
"Tumour 7",-0.177548244829573,0.435574909579535,"vSMC/Pericyte","Other spots"
"Tumour 7",-0.00307569493039994,1.31627577432609,"Tumor cells","Tumor spots"
"Tumour 7",-0.13251848636373,0,"Tumor cells","Tumor spots"
"Tumour 7",-0.0787649538868449,0,"Tumor cells","Tumor spots"
"Tumour 7",-0.0677030300168256,0,"Tumor cells","Tumor spots"
"Tumour 7",-0.1997460851535,0,"vSMC/Pericyte","Other spots"
"Tumour 7",-0.164399908627755,0,"Tumor cells","Tumor spots"
"Tumour 7",-0.0683487593344637,0.921193626854946,"Tumor cells","Tumor spots"
"Tumour 7",0.181698393232957,0,"vSMC/Pericyte","Other spots"
"Tumour 7",-0.143575580165399,0,"vSMC/Pericyte","Other spots"
"Tumour 7",-0.0474426274645111,0.773531071784562,"Tumor cells","Tumor spots"
"Tumour 7",0.0374749217712091,0.641049666340512,"vSMC/Pericyte","Other spots"
"Tumour 7",-0.000734156310769729,0,"Tumor cells","Tumor spots"
"Tumour 7",-0.0987139724510112,0.626232139932324,"vSMC/Pericyte","Other spots"
"Tumour 7",0.0414796143877272,0.571852276068648,"vSMC/Pericyte","Other spots"
"Tumour 7",-0.0156739500645139,0,"vSMC/Pericyte","Other spots"
"Tumour 7",0.126034231618146,0.75121327806609,"Tumor cells","Tumor spots"
"Tumour 7",0.0848824243651145,0,"Tumor cells","Tumor spots"
"Tumour 7",0.0213747760605413,0,"vSMC/Pericyte","Other spots"
"Tumour 7",0.18360101280655,0,"vSMC/Pericyte","Other spots"
"Tumour 7",-0.00554142600139307,0.586367973406856,"vSMC/Pericyte","Other spots"
"Tumour 7",0.163408219160678,0,"Tumor cells","Tumor spots"
"Tumour 7",0.108978997070836,0,"Macrophages","Other spots"
"Tumour 7",0.121146282775304,0.593061591685023,"Tumor cells","Tumor spots"
"Tumour 7",-0.114260237061775,0,"Tumor cells","Tumor spots"
"Tumour 7",0.152696452730837,0,"vSMC/Pericyte","Other spots"
"Tumour 7",-0.148272264145538,0.622087587175056,"vSMC/Pericyte","Other spots"
"Tumour 7",0.0346820075970402,0.757898264138534,"vSMC/Pericyte","Other spots"
"Tumour 7",-0.0566888421622485,0,"Tumor cells","Tumor spots"
"Tumour 7",0.0615028451439413,0,"vSMC/Pericyte","Other spots"
"Tumour 7",0.0791140086686622,0.491989098855748,"Tumor cells","Tumor spots"
"Tumour 7",-0.0363822479824371,0.429026753993799,"Tumor cells","Tumor spots"
"Tumour 7",-0.00528045482144307,0,"Tumor cells","Tumor spots"
"Tumour 7",-0.0399436501780641,0,"vSMC/Pericyte","Other spots"
"Tumour 7",0.15329472838689,0.48909229207246,"vSMC/Pericyte","Other spots"
"Tumour 7",0.019321292911487,0,"vSMC/Pericyte","Other spots"
"Tumour 7",-0.14416622535368,0.628468691614741,"vSMC/Pericyte","Other spots"
"Tumour 7",-0.0753155062991145,0,"vSMC/Pericyte","Other spots"
"Tumour 7",-0.161994173238159,0,"vSMC/Pericyte","Other spots"
"Tumour 7",0.065587735655733,0.655852322599878,"vSMC/Pericyte","Other spots"
"Tumour 7",0.0515442553431179,0.587147380878429,"Tumor cells","Tumor spots"
"Tumour 7",0.209994991368589,0,"vSMC/Pericyte","Other spots"
"Tumour 7",-0.184848531832851,0.493997931935842,"vSMC/Pericyte","Other spots"
"Tumour 7",-0.128586046097562,0.585696559370297,"Tumor cells","Tumor spots"
"Tumour 7",-0.169941710897861,0.503339379189149,"Tumor cells","Tumor spots"
"Tumour 7",-0.201967151815431,0,"Tumor cells","Tumor spots"
"Tumour 7",-0.058954245031763,1.0797734269717,"Tumor cells","Tumor spots"
"Tumour 7",-0.11206870971748,0,"Tumor cells","Tumor spots"
"Tumour 7",-0.174033654731477,0.762018167714977,"vSMC/Pericyte","Other spots"
"Tumour 7",0.086574546456229,0.961109572142192,"Tumor cells","Tumor spots"
"Tumour 7",0.0562439918122494,0.47198459604765,"Tumor cells","Tumor spots"
"Tumour 7",0.0320470094446775,0,"Tumor cells","Tumor spots"
"Tumour 7",-0.054558267315866,0,"Tumor cells","Tumor spots"
"Tumour 7",-0.171557704253872,0,"vSMC/Pericyte","Other spots"
"Tumour 7",-0.0852699300090918,0,"vSMC/Pericyte","Other spots"
"Tumour 7",0.157661839598906,0.566923134823266,"Tumor cells","Tumor spots"
"Tumour 7",-0.131827544744205,0.557640821321608,"Tumor cells","Tumor spots"
"Tumour 7",-0.165448610894123,0.605757259446478,"Tumor cells","Tumor spots"
"Tumour 7",0.19437191894001,0,"vSMC/Pericyte","Other spots"
"Tumour 7",-0.100497299218298,0,"Tumor cells","Tumor spots"
"Tumour 7",0.149530714298581,0,"Tumor cells","Tumor spots"
"Tumour 7",-0.119653921558303,0.52636071760722,"vSMC/Pericyte","Other spots"
"Tumour 7",-0.124412787757673,0.79762261886833,"Tumor cells","Tumor spots"
"Tumour 7",-0.0251856767617649,0,"vSMC/Pericyte","Other spots"
"Tumour 7",0.103923371667947,0.544074804498656,"vSMC/Pericyte","Other spots"
"Tumour 7",0.156221945174885,0,"vSMC/Pericyte","Other spots"
"Tumour 7",0.153585864060954,0,"Tumor cells","Tumor spots"
"Tumour 7",-0.0862492211389869,0,"vSMC/Pericyte","Other spots"
"Tumour 7",-0.146323589361969,0.538431631425448,"vSMC/Pericyte","Other spots"
"Tumour 7",0.0257894374391117,0,"Tumor cells","Tumor spots"
"Tumour 7",0.00367978186869333,0,"vSMC/Pericyte","Other spots"
"Tumour 7",-0.1381322620223,0,"Tumor cells","Tumor spots"
"Tumour 7",0.0739347287735727,0,"vSMC/Pericyte","Other spots"
"Tumour 7",-0.0698866405383464,0,"vSMC/Pericyte","Other spots"
"Tumour 7",-0.00687364656580475,0,"Tumor cells","Tumor spots"
"Tumour 7",-0.0679616015990472,0,"vSMC/Pericyte","Other spots"
"Tumour 7",-0.190351419811057,0.714991017254923,"vSMC/Pericyte","Other spots"
"Tumour 7",-0.212851205995491,0,"Tumor cells","Tumor spots"
"Tumour 7",0.0029159230615669,0,"Tumor cells","Tumor spots"
"Tumour 7",0.120333817598679,0.720095697868837,"vSMC/Pericyte","Other spots"
"Tumour 7",-0.0197256071953552,0,"Macrophages","Other spots"
"Tumour 7",0.201722210492568,0,"vSMC/Pericyte","Other spots"
"Tumour 7",-0.147401420866709,0,"Tumor cells","Tumor spots"
"Tumour 7",0.0111910751648571,0,"vSMC/Pericyte","Other spots"
"Tumour 7",0.0598882618377789,0,"Tumor cells","Tumor spots"
"Tumour 7",0.103530251966383,0,"Tumor cells","Tumor spots"
"Tumour 7",-0.0796820761984087,0,"vSMC/Pericyte","Other spots"
"Tumour 7",0.112627412335988,0,"vSMC/Pericyte","Other spots"
"Tumour 7",0.00511580315004662,0,"Tumor cells","Tumor spots"
"Tumour 7",-0.0235410464821145,0.752813520601271,"Tumor cells","Tumor spots"
"Tumour 7",-0.0749719253096287,0.588926712765096,"Tumor cells","Tumor spots"
"Tumour 7",-0.0170966440434245,0.932398175495302,"Tumor cells","Tumor spots"
"Tumour 7",-0.0154710334205049,0,"vSMC/Pericyte","Other spots"
"Tumour 7",-0.0410572709879521,0,"vSMC/Pericyte","Other spots"
"Tumour 7",0.184437126198087,0,"Tumor cells","Tumor spots"
"Tumour 7",-0.0841615493454672,0,"Tumor cells","Tumor spots"
"Tumour 7",0.244021315250587,0,"vSMC/Pericyte","Other spots"
"Tumour 7",-0.184249226631035,0.550057619207772,"vSMC/Pericyte","Other spots"
"Tumour 7",-0.0193694935639345,0,"vSMC/Pericyte","Other spots"
"Tumour 7",0.00824204418571695,0,"Tumor cells","Tumor spots"
"Tumour 7",-0.0442283799685519,0,"vSMC/Pericyte","Other spots"
"Tumour 7",-0.0948442074488225,0.481597872882739,"Tumor cells","Tumor spots"
"Tumour 7",0.0757351426563135,0,"vSMC/Pericyte","Other spots"
"Tumour 7",-0.0147654426827251,0,"Tumor cells","Tumor spots"
"Tumour 7",0.0125226914459098,0,"vSMC/Pericyte","Other spots"
"Tumour 7",0.0723066924640666,0.657237273968885,"Tumor cells","Tumor spots"
"Tumour 7",0.0758483317610793,0,"vSMC/Pericyte","Other spots"
"Tumour 7",0.173122079031166,0,"vSMC/Pericyte","Other spots"
"Tumour 7",-0.119949289308987,0,"Tumor cells","Tumor spots"
"Tumour 7",-0.0775742059768734,0,"vSMC/Pericyte","Other spots"
"Tumour 7",-0.0236412470112827,0.9608105529908,"vSMC/Pericyte","Other spots"
"Tumour 7",-0.121248882870993,0,"vSMC/Pericyte","Other spots"
"Tumour 7",0.0547035818887548,0.473532915754282,"Tumor cells","Tumor spots"
"Tumour 7",-0.0711834419997079,0,"vSMC/Pericyte","Other spots"
"Tumour 7",0.0783647723643201,0,"vSMC/Pericyte","Other spots"
"Tumour 7",0.370129144644211,0,"vSMC/Pericyte","Other spots"
"Tumour 7",-0.0233910325396102,0.449567180192652,"Tumor cells","Tumor spots"
"Tumour 7",-0.319338300801426,0.773153992546345,"vSMC/Pericyte","Other spots"
"Tumour 7",0.0550763297109688,0,"vSMC/Pericyte","Other spots"
"Tumour 7",-0.0903560390530291,0,"vSMC/Pericyte","Other spots"
"Tumour 7",0.11020661975249,0,"Tumor cells","Tumor spots"
"Tumour 7",-0.00801639749605648,0,"vSMC/Pericyte","Other spots"
"Tumour 7",0.121454289276109,0.480653945529186,"Tumor cells","Tumor spots"
"Tumour 7",0.0340016326185295,0,"Tumor cells","Tumor spots"
"Tumour 7",-0.0988162504750756,0,"vSMC/Pericyte","Other spots"
"Tumour 7",0.200213016020582,0.60106622700554,"Tumor cells","Tumor spots"
"Tumour 7",-0.120389728776225,0,"Tumor cells","Tumor spots"
"Tumour 7",0.102184446541318,0,"Tumor cells","Tumor spots"
"Tumour 7",-0.123559594542441,0,"Tumor cells","Tumor spots"
"Tumour 7",-0.0483676123434391,0,"Tumor cells","Tumor spots"
"Tumour 7",-0.0228492822982643,0.915406644636584,"vSMC/Pericyte","Other spots"
"Tumour 7",-0.0318723198004428,0,"vSMC/Pericyte","Other spots"
"Tumour 7",-0.125909687990169,0,"vSMC/Pericyte","Other spots"
"Tumour 7",0.0134595810491909,0.484596103090368,"vSMC/Pericyte","Other spots"
"Tumour 7",-0.0483389419766219,0,"vSMC/Pericyte","Other spots"
"Tumour 7",-0.143982042445156,0.796818686874253,"Tumor cells","Tumor spots"
"Tumour 7",0.0406653227722856,0,"vSMC/Pericyte","Other spots"
"Tumour 7",-0.154133316039655,0,"vSMC/Pericyte","Other spots"
"Tumour 7",-0.0997367555041207,0,"vSMC/Pericyte","Other spots"
"Tumour 7",0.0105413136006803,0,"vSMC/Pericyte","Other spots"
"Tumour 7",0.0363797952967206,0.670866578822798,"vSMC/Pericyte","Other spots"
"Tumour 7",-0.161127654493093,0,"Tumor cells","Tumor spots"
"Tumour 7",-0.0657618389838085,0,"vSMC/Pericyte","Other spots"
"Tumour 7",0.10402502472154,0,"Tumor cells","Tumor spots"
"Tumour 7",-0.103349821598026,0.647667856037815,"Tumor cells","Tumor spots"
"Tumour 7",0.0745354310660924,0,"vSMC/Pericyte","Other spots"
"Tumour 7",-0.021725874670993,0,"Tumor cells","Tumor spots"
"Tumour 7",0.0236930201669642,0,"vSMC/Pericyte","Other spots"
"Tumour 7",-0.059875699669793,0,"vSMC/Pericyte","Other spots"
"Tumour 7",-0.10803377263454,0,"Tumor cells","Tumor spots"
"Tumour 7",0.0255583416308044,0,"vSMC/Pericyte","Other spots"
"Tumour 7",0.0144350614707489,0.778978616409726,"vSMC/Pericyte","Other spots"
"Tumour 7",-0.164035360694874,0,"Tumor cells","Tumor spots"
"Tumour 7",-0.0513984196878095,0,"vSMC/Pericyte","Other spots"
"Tumour 7",-0.0204461279781975,0,"Tumor cells","Tumor spots"
"Tumour 7",0.155465535467764,0,"vSMC/Pericyte","Other spots"
"Tumour 7",-0.126296997502905,0.493550079562949,"vSMC/Pericyte","Other spots"
"Tumour 7",0.00919573874438989,0.431886935618057,"Tumor cells","Tumor spots"
"Tumour 7",0.0971862679188646,0,"vSMC/Pericyte","Other spots"
"Tumour 7",-0.0829364634449919,0,"vSMC/Pericyte","Other spots"
"Tumour 7",-0.0967547686357504,0.611024593556569,"vSMC/Pericyte","Other spots"
"Tumour 7",0.115600899592595,0.582328184122014,"vSMC/Pericyte","Other spots"
"Tumour 7",0.00518861011997657,0,"Tumor cells","Tumor spots"
"Tumour 7",0.0162541941985536,1.33220776882673,"Tumor cells","Tumor spots"
"Tumour 7",-0.102259857100716,0,"Tumor cells","Tumor spots"
"Tumour 7",-0.0875943208991626,0,"Tumor cells","Tumor spots"
"Tumour 7",-0.211725261756011,0,"Tumor cells","Tumor spots"
"Tumour 7",0.105082922313349,0,"vSMC/Pericyte","Other spots"
"Tumour 7",0.184013094449511,0.508622044049915,"Tumor cells","Tumor spots"
"Tumour 7",-0.145452555111722,0,"Tumor cells","Tumor spots"
"Tumour 7",0.0103082607992258,0,"Tumor cells","Tumor spots"
"Tumour 7",0.000644198471028812,1.31481269643516,"Tumor cells","Tumor spots"
"Tumour 7",0.111807074616642,0.788348285320532,"Tumor cells","Tumor spots"
"Tumour 7",-0.151954414469863,0,"vSMC/Pericyte","Other spots"
"Tumour 7",0.0755566451549037,0,"vSMC/Pericyte","Other spots"
"Tumour 7",-0.151914592150628,0,"Tumor cells","Tumor spots"
"Tumour 7",0.151464116816009,0,"vSMC/Pericyte","Other spots"
"Tumour 7",-0.256984024948258,0,"vSMC/Pericyte","Other spots"
"Tumour 7",0.067375434065923,0.669886951273271,"Tumor cells","Tumor spots"
"Tumour 7",-0.0133586211767861,0.409709682444437,"Tumor cells","Tumor spots"
"Tumour 7",-0.01142676722474,0,"vSMC/Pericyte","Other spots"
"Tumour 7",-0.138506613895758,0,"Tumor cells","Tumor spots"
"Tumour 7",-0.0211336913632151,0.696918398103025,"Tumor cells","Tumor spots"
"Tumour 7",-0.0377470023697535,0.499870897626125,"Tumor cells","Tumor spots"
"Tumour 7",-0.0760930658474953,0,"vSMC/Pericyte","Other spots"
"Tumour 7",-0.0825279054945098,0.568014627532679,"Tumor cells","Tumor spots"
"Tumour 7",0.158696791119611,0.656924013742497,"Tumor cells","Tumor spots"
"Tumour 7",-0.0268992263947142,0,"vSMC/Pericyte","Other spots"
"Tumour 7",0.039689226223255,0,"vSMC/Pericyte","Other spots"
"Tumour 7",-0.135176527862275,0,"Tumor cells","Tumor spots"
"Tumour 7",0.0659248656278868,0.861448811330719,"Tumor cells","Tumor spots"
"Tumour 7",0.144818181412119,0,"vSMC/Pericyte","Other spots"
"Tumour 7",0.199254219182251,0,"Tumor cells","Tumor spots"
"Tumour 7",-0.262263436246467,0.731542251459827,"Tumor cells","Tumor spots"
"Tumour 7",-0.0791643547197921,0,"Tumor cells","Tumor spots"
"Tumour 7",0.0264381487920806,0,"vSMC/Pericyte","Other spots"
"Tumour 7",-0.167174348100828,0,"vSMC/Pericyte","Other spots"
"Tumour 7",0.0790491982999542,0,"Tumor cells","Tumor spots"
"Tumour 7",0.0892208899339768,0,"vSMC/Pericyte","Other spots"
"Tumour 7",-0.0169156972544652,0,"Tumor cells","Tumor spots"
"Tumour 7",0.0968040974051332,0.806717299140063,"vSMC/Pericyte","Other spots"
"Tumour 7",-0.011804032555683,0,"vSMC/Pericyte","Other spots"
"Tumour 7",-0.22825194989405,0,"Tumor cells","Tumor spots"
"Tumour 7",-0.1458055761148,0.449999231197389,"Tumor cells","Tumor spots"
"Tumour 7",-0.0677711637377655,0,"Tumor cells","Tumor spots"
"Tumour 7",0.101071846696781,0,"vSMC/Pericyte","Other spots"
"Tumour 7",0.045073104180379,0,"vSMC/Pericyte","Other spots"
"Tumour 7",-0.154004978268208,0,"vSMC/Pericyte","Other spots"
"Tumour 7",0.0786380649386437,0,"Tumor cells","Tumor spots"
"Tumour 7",-0.074194120618847,0,"vSMC/Pericyte","Other spots"
"Tumour 7",-0.00871325672235151,0,"vSMC/Pericyte","Other spots"
"Tumour 7",-0.0193494091669862,0.344369323581966,"Tumor cells","Tumor spots"
"Tumour 7",0.118673616445332,0,"Tumor cells","Tumor spots"
"Tumour 7",-0.121217262558194,0,"Tumor cells","Tumor spots"
"Tumour 7",-0.0868915325035765,0,"vSMC/Pericyte","Other spots"
"Tumour 7",0.0650917129477114,0,"vSMC/Pericyte","Other spots"
"Tumour 7",-0.0497584453903337,0,"vSMC/Pericyte","Other spots"
"Tumour 7",-0.039947022684788,0,"Tumor cells","Tumor spots"
"Tumour 7",0.101402074294043,0,"Tumor cells","Tumor spots"
"Tumour 7",0.138601476608268,1.00730936544268,"vSMC/Pericyte","Other spots"
"Tumour 7",0.0347901526049472,0,"vSMC/Pericyte","Other spots"
"Tumour 7",0.0493573973549591,0.918516497523683,"vSMC/Pericyte","Other spots"
"Tumour 7",-0.118413991249579,0,"Tumor cells","Tumor spots"
"Tumour 7",0.0573765191124933,0,"vSMC/Pericyte","Other spots"
"Tumour 7",0.031544311374999,0,"vSMC/Pericyte","Other spots"
"Tumour 7",0.104552731732642,0,"Tumor cells","Tumor spots"
"Tumour 7",-0.194916734406783,0.437627779506684,"Tumor cells","Tumor spots"
"Tumour 7",-0.0229383428409442,0,"Tumor cells","Tumor spots"
"Tumour 7",0.0846367010669659,0,"Tumor cells","Tumor spots"
"Tumour 7",-0.042998576655788,0.684949198946313,"vSMC/Pericyte","Other spots"
"Tumour 7",-0.0768849595342266,0,"vSMC/Pericyte","Other spots"
"Tumour 7",0.185854681299086,0,"vSMC/Pericyte","Other spots"
"Tumour 7",0.19926844206259,0,"Tumor cells","Tumor spots"
"Tumour 7",-0.0840395208035847,0.717560759934594,"vSMC/Pericyte","Other spots"
"Tumour 7",-0.034587600431393,0,"Tumor cells","Tumor spots"
"Tumour 7",0.0410256007588761,0.586049737939203,"Tumor cells","Tumor spots"
"Tumour 7",-0.0741590765736668,0.486061343088339,"vSMC/Pericyte","Other spots"
"Tumour 7",-0.078240999707541,1.02979945138814,"vSMC/Pericyte","Other spots"
"Tumour 7",-0.145514129521391,0.452713588535788,"vSMC/Pericyte","Other spots"
"Tumour 7",-0.142994011072465,0.680780745605838,"vSMC/Pericyte","Other spots"
"Tumour 7",-0.0908016202180354,0.714005709463331,"vSMC/Pericyte","Other spots"
"Tumour 7",0.152295791664132,0,"Tumor cells","Tumor spots"
"Tumour 7",0.119273140753256,0,"vSMC/Pericyte","Other spots"
"Tumour 7",0.0363800605096131,0,"vSMC/Pericyte","Other spots"
"Tumour 7",-0.146353417075985,0,"vSMC/Pericyte","Other spots"
"Tumour 7",0.130998921559102,0,"vSMC/Pericyte","Other spots"
"Tumour 7",-0.169723324130773,0.912899201464878,"Tumor cells","Tumor spots"
"Tumour 7",-0.00790365585544517,0.371538730524164,"Tumor cells","Tumor spots"
"Tumour 7",0.165055430075466,0,"Tumor cells","Tumor spots"
"Tumour 7",-0.101051146380805,0,"Tumor cells","Tumor spots"
"Tumour 7",-0.148229651517283,1.24162561788252,"Tumor cells","Tumor spots"
"Tumour 7",-0.147101435896103,0,"vSMC/Pericyte","Other spots"
"Tumour 7",-0.140129231602388,0,"vSMC/Pericyte","Other spots"
"Tumour 7",0.0503481211217184,0,"vSMC/Pericyte","Other spots"
"Tumour 7",-0.0673046411617566,0,"vSMC/Pericyte","Other spots"
"Tumour 7",-0.261412814214125,0.431357153861535,"Tumor cells","Tumor spots"
"Tumour 7",-0.150756223762255,0,"Tumor cells","Tumor spots"
"Tumour 7",-0.132129168822169,1.04935342415899,"vSMC/Pericyte","Other spots"
"Tumour 7",0.132587969281773,0,"Tumor cells","Tumor spots"
"Tumour 7",0.335329447154319,0,"Tumor cells","Tumor spots"
"Tumour 7",0.0947159032377571,0,"vSMC/Pericyte","Other spots"
"Tumour 7",-0.239024783752264,0,"vSMC/Pericyte","Other spots"
"Tumour 7",0.159638421507616,0,"Tumor cells","Tumor spots"
"Tumour 7",-0.0885041739520611,0.629695596995419,"Tumor cells","Tumor spots"
"Tumour 7",-0.213334842987571,0.693597484522724,"Tumor cells","Tumor spots"
"Tumour 7",-0.0142783606752676,0,"Tumor cells","Tumor spots"
"Tumour 7",0.00904804782492125,0,"vSMC/Pericyte","Other spots"
"Tumour 7",-0.19499085264793,0,"vSMC/Pericyte","Other spots"
"Tumour 7",-0.00369737250378283,0.667058117715561,"Tumor cells","Tumor spots"
"Tumour 7",0.0322155102574697,0,"vSMC/Pericyte","Other spots"
"Tumour 7",-0.0184437908888899,0,"vSMC/Pericyte","Other spots"
"Tumour 7",-0.231638259275065,0.572626206320537,"vSMC/Pericyte","Other spots"
"Tumour 7",0.183723494541118,0,"Tumor cells","Tumor spots"
"Tumour 7",-0.0346374254245783,1.26650242824608,"vSMC/Pericyte","Other spots"
"Tumour 7",0.0997943596107848,0,"vSMC/Pericyte","Other spots"
"Tumour 7",-0.27189479781248,0,"Tumor cells","Tumor spots"
"Tumour 7",0.10659790618638,0,"Tumor cells","Tumor spots"
"Tumour 7",0.0174478110011632,0.85826533853947,"Tumor cells","Tumor spots"
"Tumour 7",0.00175030084461383,0,"vSMC/Pericyte","Other spots"
"Tumour 7",-0.0031428174066519,0,"vSMC/Pericyte","Other spots"
"Tumour 7",0.10321303687143,0,"vSMC/Pericyte","Other spots"
"Tumour 7",-0.267416692068066,0.665859899968816,"vSMC/Pericyte","Other spots"
"Tumour 7",0.0298961629628793,0,"vSMC/Pericyte","Other spots"
"Tumour 7",-0.125328708024534,0.541568533995939,"Tumor cells","Tumor spots"
"Tumour 7",0.0070709446413349,0,"Tumor cells","Tumor spots"
"Tumour 7",-0.0827265740418295,0,"vSMC/Pericyte","Other spots"
"Tumour 7",-0.0495743418551762,0,"vSMC/Pericyte","Other spots"
"Tumour 7",-0.0893068321906774,0,"Tumor cells","Tumor spots"
"Tumour 7",-0.235102624296511,0.532587390824883,"vSMC/Pericyte","Other spots"
"Tumour 7",-0.0749740535942979,0,"vSMC/Pericyte","Other spots"
"Tumour 7",-0.0229271115203736,0,"vSMC/Pericyte","Other spots"
"Tumour 7",-0.0769706307045165,0,"vSMC/Pericyte","Other spots"
"Tumour 7",-0.0047685322575019,0,"vSMC/Pericyte","Other spots"
"Tumour 7",-0.0148878709069734,0,"vSMC/Pericyte","Other spots"
"Tumour 7",-0.160167607048955,0,"Tumor cells","Tumor spots"
"Tumour 7",-0.167354033743379,0,"vSMC/Pericyte","Other spots"
"Tumour 7",-0.0529097940650119,0.505053031427408,"Tumor cells","Tumor spots"
"Tumour 7",0.272169812654544,0,"vSMC/Pericyte","Other spots"
"Tumour 7",0.0125620023890896,0,"Tumor cells","Tumor spots"
"Tumour 7",0.0215209550324947,0,"vSMC/Pericyte","Other spots"
"Tumour 7",-0.265736943985139,0,"Tumor cells","Tumor spots"
"Tumour 7",0.019454655495842,1.1588510236475,"Tumor cells","Tumor spots"
"Tumour 7",0.145644561885137,0,"Tumor cells","Tumor spots"
"Tumour 7",-0.0840435063061525,0.54541309376888,"Tumor cells","Tumor spots"
"Tumour 7",-0.0758350534891717,0,"vSMC/Pericyte","Other spots"
"Tumour 7",-0.187026200832937,0.608493703242684,"Tumor cells","Tumor spots"
"Tumour 7",-0.0475412761999349,0,"Tumor cells","Tumor spots"
"Tumour 7",-0.112299533208469,0,"Tumor cells","Tumor spots"
"Tumour 7",-0.332072691383978,0,"vSMC/Pericyte","Other spots"
"Tumour 7",-0.0567548201770114,0.659844813238352,"vSMC/Pericyte","Other spots"
"Tumour 7",0.152375181429961,0,"Tumor cells","Tumor spots"
"Tumour 7",0.0117313177016314,0,"vSMC/Pericyte","Other spots"
"Tumour 7",0.0258396519763682,0,"vSMC/Pericyte","Other spots"
"Tumour 7",0.089840989367155,0,"Tumor cells","Tumor spots"
"Tumour 7",-0.0385344830604697,0,"Tumor cells","Tumor spots"
"Tumour 7",0.0993716827375714,0,"Tumor cells","Tumor spots"
"Tumour 7",-0.0275412565282689,1.0693583257856,"vSMC/Pericyte","Other spots"
"Tumour 7",-0.048063035264381,0,"vSMC/Pericyte","Other spots"
"Tumour 7",-0.0846293268619284,0.631792731212041,"vSMC/Pericyte","Other spots"
"Tumour 7",0.18692465687141,0,"Tumor cells","Tumor spots"
"Tumour 7",0.182775369293066,0,"Tumor cells","Tumor spots"
"Tumour 7",-0.0112080619383533,0,"vSMC/Pericyte","Other spots"
"Tumour 7",0.0035466866456127,0,"Tumor cells","Tumor spots"
"Tumour 7",0.0763103666113681,0.600842938816987,"vSMC/Pericyte","Other spots"
"Tumour 7",0.122072851961541,0.531746540155312,"Tumor cells","Tumor spots"
"Tumour 7",0.153551746773409,0,"Tumor cells","Tumor spots"
"Tumour 7",0.0297793917304707,0,"vSMC/Pericyte","Other spots"
"Tumour 7",0.181107517163965,0,"Tumor cells","Tumor spots"
"Tumour 7",0.0381882481157145,0,"Tumor cells","Tumor spots"
"Tumour 7",-0.0373362643769438,0.645784147651636,"Tumor cells","Tumor spots"
"Tumour 7",-0.00351316378941918,1.16352219141831,"Tumor cells","Tumor spots"
"Tumour 7",0.00469900784234917,0,"vSMC/Pericyte","Other spots"
"Tumour 7",0.0089055941716844,0,"vSMC/Pericyte","Other spots"
"Tumour 7",0.0827486866752628,0.474792823328836,"Tumor cells","Tumor spots"
"Tumour 7",-0.0233460646204263,0,"vSMC/Pericyte","Other spots"
"Tumour 7",-0.122155031025263,0,"vSMC/Pericyte","Other spots"
"Tumour 7",-0.0682174230736455,0,"Tumor cells","Tumor spots"
"Tumour 7",0.102164936344718,0,"Tumor cells","Tumor spots"
"Tumour 7",0.0479522726389499,0.329304027718381,"Tumor cells","Tumor spots"
"Tumour 7",-0.188047520167719,0,"Tumor cells","Tumor spots"
"Tumour 7",-0.119840132396697,0,"Tumor cells","Tumor spots"
"Tumour 7",-0.00132698313893426,0.662701540373397,"vSMC/Pericyte","Other spots"
"Tumour 7",0.0963441282680126,0.992060171926695,"Tumor cells","Tumor spots"
"Tumour 7",-0.0266960197700803,0.905069462703706,"vSMC/Pericyte","Other spots"
"Tumour 7",0.0829189856052042,0,"Tumor cells","Tumor spots"
"Tumour 7",0.0811531064934153,0.518158304491794,"vSMC/Pericyte","Other spots"
"Tumour 7",-0.104651489282868,0,"vSMC/Pericyte","Other spots"
"Tumour 7",-0.0675788088778483,0,"vSMC/Pericyte","Other spots"
"Tumour 7",0.178026169717185,0,"Tumor cells","Tumor spots"
"Tumour 7",0.126843673385179,0.762627998260509,"vSMC/Pericyte","Other spots"
"Tumour 7",-0.0713198308074148,0.532181123361402,"vSMC/Pericyte","Other spots"
"Tumour 7",-0.148850749251435,0,"vSMC/Pericyte","Other spots"
"Tumour 7",0.0147102172362077,0,"Tumor cells","Tumor spots"
"Tumour 7",-0.0514801545868427,0,"Tumor cells","Tumor spots"
"Tumour 7",0.0789029184212333,0,"vSMC/Pericyte","Other spots"
"Tumour 7",0.109616929156921,0.838854538459604,"vSMC/Pericyte","Other spots"
"Tumour 7",-0.210488107750269,0.805551412234998,"vSMC/Pericyte","Other spots"
"Tumour 7",0.0996064087607596,0,"vSMC/Pericyte","Other spots"
"Tumour 7",0.0168695840242606,0.649934621896906,"vSMC/Pericyte","Other spots"
"Tumour 7",-0.0324665748548825,0,"Tumor cells","Tumor spots"
"Tumour 7",0.132199752901728,0,"vSMC/Pericyte","Other spots"
"Tumour 7",0.0907192491724041,0.431073884750717,"Tumor cells","Tumor spots"
"Tumour 7",0.0187888021306016,0.471327415467094,"vSMC/Pericyte","Other spots"
"Tumour 7",0.00235809788779656,0.483807179909024,"Tumor cells","Tumor spots"
"Tumour 7",-0.0563676576346241,0,"vSMC/Pericyte","Other spots"
"Tumour 7",-0.0253433854882603,0,"Tumor cells","Tumor spots"
"Tumour 7",0.0757023301073474,0,"Tumor cells","Tumor spots"
"Tumour 7",0.111828078867134,0,"vSMC/Pericyte","Other spots"
"Tumour 7",-0.0443210778721352,0.452401097126759,"Tumor cells","Tumor spots"
"Tumour 7",-0.0918781429967493,0,"vSMC/Pericyte","Other spots"
"Tumour 7",-0.0443282944944564,0,"Tumor cells","Tumor spots"
"Tumour 7",-0.194613121883995,0,"Tumor cells","Tumor spots"
"Tumour 7",-0.0205780673921881,0,"vSMC/Pericyte","Other spots"
"Tumour 7",-0.00951308552434621,0,"Tumor cells","Tumor spots"
"Tumour 7",-0.175928711910952,0,"vSMC/Pericyte","Other spots"
"Tumour 7",-0.0508720446159412,0.517500241854886,"Macrophages","Other spots"
"Tumour 7",0.0165694323616428,0,"vSMC/Pericyte","Other spots"
"Tumour 7",-0.0205486030066278,0.725661843444487,"vSMC/Pericyte","Other spots"
"Tumour 7",-0.0729147691868791,0,"vSMC/Pericyte","Other spots"
"Tumour 7",0.00801759194736551,0,"vSMC/Pericyte","Other spots"
"Tumour 7",0.15147330879889,0,"vSMC/Pericyte","Other spots"
"Tumour 7",-0.0595786099085521,0,"vSMC/Pericyte","Other spots"
"Tumour 7",-0.262223810078849,0,"vSMC/Pericyte","Other spots"
"Tumour 7",-0.0490250365836088,0,"Tumor cells","Tumor spots"
"Tumour 7",-0.0154944181371944,0.421247842923222,"Tumor cells","Tumor spots"
"Tumour 7",0.00167966373528894,0,"Tumor cells","Tumor spots"
"Tumour 7",-0.224030404583005,0.585026724718044,"Tumor cells","Tumor spots"
"Tumour 7",0.07950188854329,0.63665877648114,"Tumor cells","Tumor spots"
"Tumour 7",0.166580069026951,0,"vSMC/Pericyte","Other spots"
"Tumour 7",0.263686265563885,0,"Tumor cells","Tumor spots"
"Tumour 7",0.1133903835156,0,"vSMC/Pericyte","Other spots"
"Tumour 7",0.127510778783072,0,"Tumor cells","Tumor spots"
"Tumour 7",0.0333558511405265,0,"vSMC/Pericyte","Other spots"
"Tumour 7",-0.101263831460796,0,"Tumor cells","Tumor spots"
"Tumour 7",0.0138697387091162,0.583201523283046,"Tumor cells","Tumor spots"
"Tumour 7",-0.0088573595848801,0,"Tumor cells","Tumor spots"
"Tumour 7",-0.126790477317653,0,"vSMC/Pericyte","Other spots"
"Tumour 7",0.0220971048305035,0,"Tumor cells","Tumor spots"
"Tumour 7",0.654155300153879,0,"vSMC/Pericyte","Other spots"
"Tumour 7",0.129893242916664,0.39900448056938,"Tumor cells","Tumor spots"
"Tumour 7",-0.0910666755745374,0.594331920498658,"Tumor cells","Tumor spots"
"Tumour 7",0.0655598633703024,0,"vSMC/Pericyte","Other spots"
"Tumour 7",-0.169748890835291,0,"vSMC/Pericyte","Other spots"
"Tumour 7",0.150518159306404,0,"Tumor cells","Tumor spots"
"Tumour 7",-0.139187852635625,0.644169334856129,"vSMC/Pericyte","Other spots"
"Tumour 7",0.100528984846409,0,"Tumor cells","Tumor spots"
"Tumour 7",0.124881601812085,0,"Tumor cells","Tumor spots"
"Tumour 7",0.0910975195387627,0,"Tumor cells","Tumor spots"
"Tumour 7",0.0511921800785335,0,"vSMC/Pericyte","Other spots"
"Tumour 7",0.169441932342812,0.312509784570896,"Tumor cells","Tumor spots"
"Tumour 7",-0.105692578398237,0,"vSMC/Pericyte","Other spots"
"Tumour 7",0.0420646989266453,0.665997928064875,"Tumor cells","Tumor spots"
"Tumour 7",-0.137180248993645,0.471916525305114,"Tumor cells","Tumor spots"
"Tumour 7",0.106667643002319,0,"Tumor cells","Tumor spots"
"Tumour 7",-0.126147105069357,0,"Tumor cells","Tumor spots"
"Tumour 7",0.0503337264792277,0,"vSMC/Pericyte","Other spots"
"Tumour 7",0.0303946853998982,0,"Tumor cells","Tumor spots"
"Tumour 7",-0.136192577862591,0,"vSMC/Pericyte","Other spots"
"Tumour 7",-0.0801054474916625,0.565441656904377,"vSMC/Pericyte","Other spots"
"Tumour 7",-0.0826666207876843,0.621927775407408,"Tumor cells","Tumor spots"
"Tumour 7",0.0967195054816684,0.851844193484508,"Tumor cells","Tumor spots"
"Tumour 7",0.0885455597038441,0.744070404270821,"Tumor cells","Tumor spots"
"Tumour 7",0.0583481012926887,0,"Tumor cells","Tumor spots"
"Tumour 7",-0.103992388796012,0.471825795416395,"Tumor cells","Tumor spots"
"Tumour 7",0.034907469476089,0,"vSMC/Pericyte","Other spots"
"Tumour 7",0.130013395466833,0.620771669330187,"Tumor cells","Tumor spots"
"Tumour 7",-0.0785839318805102,0,"Tumor cells","Tumor spots"
"Tumour 7",0.107955774410678,0.562990108592453,"Tumor cells","Tumor spots"
"Tumour 7",0.147154953964939,0,"vSMC/Pericyte","Other spots"
"Tumour 7",-0.108850513703526,0,"vSMC/Pericyte","Other spots"
"Tumour 7",-0.094895918087184,0.826180675853459,"Tumor cells","Tumor spots"
"Tumour 7",0.0597539464866684,0,"Tumor cells","Tumor spots"
"Tumour 7",-0.0259987797979906,0.51146644403784,"Tumor cells","Tumor spots"
"Tumour 7",0.0655092642664354,0.845018657121341,"vSMC/Pericyte","Other spots"
"Tumour 7",-0.0841480139467145,0,"vSMC/Pericyte","Other spots"
"Tumour 7",-0.072949916070863,0,"Tumor cells","Tumor spots"
"Tumour 7",0.0621357095717041,0.565047937464469,"vSMC/Pericyte","Other spots"
"Tumour 7",0.164865967499183,0.93969902318488,"vSMC/Pericyte","Other spots"
"Tumour 7",0.105106164644612,0,"Tumor cells","Tumor spots"
"Tumour 7",-0.141732534551929,0,"vSMC/Pericyte","Other spots"
"Tumour 7",-0.0876572366788995,0,"vSMC/Pericyte","Other spots"
"Tumour 7",-0.138551741742907,0,"vSMC/Pericyte","Other spots"
"Tumour 7",0.0367224272875067,0,"Tumor cells","Tumor spots"
"Tumour 7",0.0781212879067774,0.550088647947648,"vSMC/Pericyte","Other spots"
"Tumour 7",0.0497488894596496,0,"Tumor cells","Tumor spots"
"Tumour 7",0.184146911890434,0,"vSMC/Pericyte","Other spots"
"Tumour 7",0.0805857864158339,0.349031252779766,"Tumor cells","Tumor spots"
"Tumour 7",-0.0607984858121349,0.679914936523442,"vSMC/Pericyte","Other spots"
"Tumour 7",-0.228019570570212,0,"Tumor cells","Tumor spots"
"Tumour 7",-0.102992097471146,0,"Tumor cells","Tumor spots"
"Tumour 7",-0.0184838769730277,0,"Tumor cells","Tumor spots"
"Tumour 7",-0.00658049750292788,0,"vSMC/Pericyte","Other spots"
"Tumour 7",-0.0528506827615606,0.757838025431797,"Tumor cells","Tumor spots"
"Tumour 7",0.0464598227019574,0.55186323799048,"vSMC/Pericyte","Other spots"
"Tumour 7",0.0188223115655456,0,"vSMC/Pericyte","Other spots"
"Tumour 7",0.192033430422426,0.776625062896735,"Tumor cells","Tumor spots"
"Tumour 7",0.0141609510616021,0.37783059681145,"Tumor cells","Tumor spots"
"Tumour 7",-0.0687009950874553,0,"vSMC/Pericyte","Other spots"
"Tumour 7",0.0550185273471666,0.717292180242651,"Tumor cells","Tumor spots"
"Tumour 7",0.0413063899752366,0.434019344850627,"Tumor cells","Tumor spots"
"Tumour 7",-0.0226101752419087,0.56088301106107,"Tumor cells","Tumor spots"
"Tumour 7",0.0487951262443787,0.404998985243058,"Tumor cells","Tumor spots"
"Tumour 7",0.0305734685557833,0,"Tumor cells","Tumor spots"
"Tumour 7",-0.0809196853932396,0,"vSMC/Pericyte","Other spots"
"Tumour 7",-0.122031401534359,0,"Tumor cells","Tumor spots"
"Tumour 7",-0.0498844477013571,0,"Tumor cells","Tumor spots"
"Tumour 7",-0.0996485037710486,0.493948129615559,"Tumor cells","Tumor spots"
"Tumour 7",-0.185547520601116,0.984804902197937,"vSMC/Pericyte","Other spots"
"Tumour 7",-0.142855886180096,0,"vSMC/Pericyte","Other spots"
"Tumour 7",-0.0693726095139229,0,"vSMC/Pericyte","Other spots"
"Tumour 7",-0.227579835018663,0,"vSMC/Pericyte","Other spots"
"Tumour 7",0.167664858373969,0,"Tumor cells","Tumor spots"
"Tumour 7",-0.00279359696682074,0,"vSMC/Pericyte","Other spots"
"Tumour 7",-0.0997570098015566,0,"Tumor cells","Tumor spots"
"Tumour 7",-0.00949004302751233,0,"vSMC/Pericyte","Other spots"
"Tumour 7",0.196299160976554,0,"Tumor cells","Tumor spots"
"Tumour 7",0.134259729074101,0,"vSMC/Pericyte","Other spots"
"Tumour 7",0.169932113057537,0,"vSMC/Pericyte","Other spots"
"Tumour 7",-0.203486321821333,0,"vSMC/Pericyte","Other spots"
"Tumour 7",-0.0409356855299298,0.540938161910561,"vSMC/Pericyte","Other spots"
"Tumour 7",-0.0871346680618209,0,"Tumor cells","Tumor spots"
"Tumour 7",-0.105247643791923,0.567154303556804,"vSMC/Pericyte","Other spots"
"Tumour 7",0.0835671191346659,0,"vSMC/Pericyte","Other spots"
"Tumour 7",-0.167045032956467,0,"vSMC/Pericyte","Other spots"
"Tumour 7",-0.0126933653572835,1.12425471928145,"Tumor cells","Tumor spots"
"Tumour 7",-0.15201172887488,0.353658094043904,"Tumor cells","Tumor spots"
"Tumour 7",-0.062057704174399,0,"vSMC/Pericyte","Other spots"
"Tumour 7",0.014695193191982,1.08525946250233,"Tumor cells","Tumor spots"
"Tumour 7",-0.127568826355967,1.42295370017717,"Tumor cells","Tumor spots"
"Tumour 7",-0.103740750222028,0,"Tumor cells","Tumor spots"
"Tumour 7",-0.0988041342252957,0,"vSMC/Pericyte","Other spots"
"Tumour 7",0.192810448277312,0,"vSMC/Pericyte","Other spots"
"Tumour 7",-0.162369117647472,0,"Tumor cells","Tumor spots"
"Tumour 7",-0.0549393499177732,0,"Tumor cells","Tumor spots"
"Tumour 7",-0.109322644443265,0,"Tumor cells","Tumor spots"
"Tumour 7",0.358499525397714,0.677617249846895,"Tumor cells","Tumor spots"
"Tumour 7",0.0886879404806837,0,"Tumor cells","Tumor spots"
"Tumour 7",0.0531130880196876,0,"vSMC/Pericyte","Other spots"
"Tumour 7",-0.0940109651349081,0,"vSMC/Pericyte","Other spots"
"Tumour 7",-0.0189897498918948,0,"Tumor cells","Tumor spots"
"Tumour 7",0.0711998996568586,0.799538818136021,"Tumor cells","Tumor spots"
"Tumour 7",-0.213783753128862,0,"Tumor cells","Tumor spots"
"Tumour 7",-0.0532250105258191,0,"Tumor cells","Tumor spots"
"Tumour 7",0.145236982521515,0,"Tumor cells","Tumor spots"
"Tumour 7",-0.099124531636202,0,"vSMC/Pericyte","Other spots"
"Tumour 7",0.0318591593762849,0,"vSMC/Pericyte","Other spots"
"Tumour 7",-0.169136928378215,0,"vSMC/Pericyte","Other spots"
"Tumour 7",-0.15873309949306,0,"Tumor cells","Tumor spots"
"Tumour 7",-0.0105586754414803,0,"Tumor cells","Tumor spots"
"Tumour 7",-0.168569091611792,0.844148400875481,"Tumor cells","Tumor spots"
"Tumour 7",-0.0453134488129941,0,"Tumor cells","Tumor spots"
"Tumour 7",-0.17249963499402,0,"Tumor cells","Tumor spots"
"Tumour 7",-0.00253328670376757,0,"vSMC/Pericyte","Other spots"
"Tumour 7",-0.015701866976736,0.49014387019327,"vSMC/Pericyte","Other spots"
"Tumour 7",-0.0785630602916377,0.99179335036248,"vSMC/Pericyte","Other spots"
"Tumour 7",-0.246927300582751,0,"vSMC/Pericyte","Other spots"
"Tumour 7",0.074155954394013,0,"Tumor cells","Tumor spots"
"Tumour 7",0.00824656640047933,0,"Tumor cells","Tumor spots"
"Tumour 7",-0.146801587124844,0,"vSMC/Pericyte","Other spots"
"Tumour 7",-0.0878239044509986,1.29541731128064,"vSMC/Pericyte","Other spots"
"Tumour 7",0.00251124048203782,0.886883238670188,"Tumor cells","Tumor spots"
"Tumour 7",-0.191528997637493,0,"vSMC/Pericyte","Other spots"
"Tumour 7",0.0235627455025105,0.464351197102627,"Tumor cells","Tumor spots"
"Tumour 7",-0.0638737770644061,0,"vSMC/Pericyte","Other spots"
"Tumour 7",0.107050923367292,0.848213192258892,"vSMC/Pericyte","Other spots"
"Tumour 7",0.130875364293835,0,"vSMC/Pericyte","Other spots"
"Tumour 7",-0.0130844255829058,0,"vSMC/Pericyte","Other spots"
"Tumour 7",0.146212660961089,0,"vSMC/Pericyte","Other spots"
"Tumour 7",-0.220057436901289,0,"vSMC/Pericyte","Other spots"
"Tumour 7",0.114144372702165,0.670726450121644,"Tumor cells","Tumor spots"
"Tumour 7",0.0986793086201721,0.749061270594325,"Tumor cells","Tumor spots"
"Tumour 7",0.0948809113105519,0,"Tumor cells","Tumor spots"
"Tumour 7",-0.173995400229865,0,"Tumor cells","Tumor spots"
"Tumour 7",-0.0411443193828727,0,"vSMC/Pericyte","Other spots"
"Tumour 7",-0.00150736950374136,0,"Tumor cells","Tumor spots"
"Tumour 7",-0.0170685533736043,0,"vSMC/Pericyte","Other spots"
"Tumour 7",0.000393294468192806,0.649934621896906,"Tumor cells","Tumor spots"
"Tumour 7",-0.14739799949116,0.589927993343462,"Tumor cells","Tumor spots"
"Tumour 7",0.086539080600892,0,"vSMC/Pericyte","Other spots"
"Tumour 7",-0.203252415845981,0,"vSMC/Pericyte","Other spots"
"Tumour 7",-0.255669467420788,0,"Tumor cells","Tumor spots"
"Tumour 7",-0.21294849191797,0,"Tumor cells","Tumor spots"
"Tumour 7",-0.106196748959245,0.66220090105109,"Tumor cells","Tumor spots"
"Tumour 7",0.0668477614704429,0,"vSMC/Pericyte","Other spots"
"Tumour 7",-0.0125051836016813,1.31381726728361,"vSMC/Pericyte","Other spots"
"Tumour 7",-0.0365102750154023,0,"vSMC/Pericyte","Other spots"
"Tumour 7",-0.21586091949179,0,"Tumor cells","Tumor spots"
"Tumour 7",-0.0272042674719465,0.614978953974271,"vSMC/Pericyte","Other spots"
"Tumour 7",-0.117423073209767,0,"Tumor cells","Tumor spots"
"Tumour 7",-0.0352968452505977,0.565638727909619,"Tumor cells","Tumor spots"
"Tumour 7",-0.00738435282065586,0,"Tumor cells","Tumor spots"
"Tumour 7",0.0222179010801117,0.998204132332755,"Tumor cells","Tumor spots"
"Tumour 7",-0.131181925963396,0,"vSMC/Pericyte","Other spots"
"Tumour 7",-0.116508905873863,0.545657144221994,"Tumor cells","Tumor spots"
"Tumour 7",-0.0434269245775663,0.580797620446669,"vSMC/Pericyte","Other spots"
"Tumour 7",-0.135693056749469,0,"vSMC/Pericyte","Other spots"
"Tumour 7",-0.0344844997817422,0,"vSMC/Pericyte","Other spots"
"Tumour 7",0.0242391371440828,0,"vSMC/Pericyte","Other spots"
"Tumour 7",-0.0257508361043594,0,"vSMC/Pericyte","Other spots"
"Tumour 7",-0.0333370039083491,0,"vSMC/Pericyte","Other spots"
"Tumour 7",0.0208097439225811,0.845549309148197,"Tumor cells","Tumor spots"
"Tumour 7",-0.00948245098938533,0,"Tumor cells","Tumor spots"
"Tumour 7",-0.19839052561047,0,"Tumor cells","Tumor spots"
"Tumour 7",-0.00988667445229535,0,"Tumor cells","Tumor spots"
"Tumour 7",-0.100674170196602,0.338368679922768,"Tumor cells","Tumor spots"
"Tumour 7",-0.23720643054579,0,"vSMC/Pericyte","Other spots"
"Tumour 7",-0.141824162814849,0.385196228625031,"vSMC/Pericyte","Other spots"
"Tumour 7",-0.141153042161104,0,"vSMC/Pericyte","Other spots"
"Tumour 7",-0.0754518168397131,0.62761279131879,"Tumor cells","Tumor spots"
"Tumour 7",-0.163932792199265,0,"Tumor cells","Tumor spots"
"Tumour 7",-0.0602098063097632,0.477705066525844,"vSMC/Pericyte","Other spots"
"Tumour 7",-0.137154278247059,0,"vSMC/Pericyte","Other spots"
"Tumour 7",-0.105472482282039,0,"vSMC/Pericyte","Other spots"
"Tumour 7",0.0847497036853638,0,"vSMC/Pericyte","Other spots"
"Tumour 7",-0.121184221069718,0,"Tumor cells","Tumor spots"
"Tumour 7",-0.0657017475241516,0,"Tumor cells","Tumor spots"
"Tumour 7",-0.00778765112164892,0,"vSMC/Pericyte","Other spots"
"Tumour 7",0.0583776227153943,0,"Tumor cells","Tumor spots"
"Tumour 7",0.0291235325073962,0,"vSMC/Pericyte","Other spots"
"Tumour 7",0.0364609621195479,0,"vSMC/Pericyte","Other spots"
"Tumour 7",0.0536633985445671,0,"Tumor cells","Tumor spots"
"Tumour 7",0.0381193489353567,0,"vSMC/Pericyte","Other spots"
"Tumour 7",-0.0174170362004444,0.557513209101282,"Tumor cells","Tumor spots"
"Tumour 7",-0.00733053943299578,0,"vSMC/Pericyte","Other spots"
"Tumour 7",-0.140466964540072,0.829930424883444,"Tumor cells","Tumor spots"
"Tumour 7",0.182099174880298,0.374792907960896,"Tumor cells","Tumor spots"
"Tumour 7",-0.0540603903945281,0,"vSMC/Pericyte","Other spots"
"Tumour 7",-0.00844184110116059,0.424441804659858,"Tumor cells","Tumor spots"
"Tumour 7",0.103325934372177,0,"Tumor cells","Tumor spots"
"Tumour 7",0.0468247595303328,0.564589308837245,"Tumor cells","Tumor spots"
"Tumour 7",0.0716035063115406,0.917477372543932,"vSMC/Pericyte","Other spots"
"Tumour 7",-0.151663982258702,0,"Tumor cells","Tumor spots"
"Tumour 7",-0.200603256145867,0,"vSMC/Pericyte","Other spots"
"Tumour 7",-0.0762154959543835,0,"vSMC/Pericyte","Other spots"
"Tumour 7",-0.0740932502035017,0,"Tumor cells","Tumor spots"
"Tumour 7",-0.072200344881582,0,"Tumor cells","Tumor spots"
"Tumour 7",-0.211207029419407,0,"vSMC/Pericyte","Other spots"
"Tumour 7",0.0203205838880161,0,"vSMC/Pericyte","Other spots"
"Tumour 7",0.0435184819204315,0.497560282056397,"Tumor cells","Tumor spots"
"Tumour 7",-0.152124914717251,0,"vSMC/Pericyte","Other spots"
"Tumour 7",-0.0166635199253598,0.438974678250956,"Tumor cells","Tumor spots"
"Tumour 7",-0.0474754473950655,0,"vSMC/Pericyte","Other spots"
"Tumour 7",-0.0989860021393241,0,"Tumor cells","Tumor spots"
"Tumour 7",-0.146101713619404,0.539741601728339,"Tumor cells","Tumor spots"
"Tumour 7",0.0777090384216319,0,"Tumor cells","Tumor spots"
"Tumour 7",0.0373645914852606,0,"vSMC/Pericyte","Other spots"
"Tumour 7",0.202372864310503,0.4789409634397,"vSMC/Pericyte","Other spots"
"Tumour 7",-0.0493318660698829,0,"Tumor cells","Tumor spots"
"Tumour 7",0.00883752026390922,0,"Tumor cells","Tumor spots"
"Tumour 7",-0.0461098361237883,0,"Tumor cells","Tumor spots"
"Tumour 7",0.0069735675314776,0.532703583880845,"Tumor cells","Tumor spots"
"Tumour 7",0.255640612478025,0,"vSMC/Pericyte","Other spots"
"Tumour 7",0.0648961632449239,0,"vSMC/Pericyte","Other spots"
"Tumour 7",0.0694889920624647,0,"Tumor cells","Tumor spots"
"Tumour 7",-0.0359974171911798,0.644384160430362,"vSMC/Pericyte","Other spots"
"Tumour 7",-0.151200670707664,0.385873421079004,"Tumor cells","Tumor spots"
"Tumour 7",-0.0603436702053522,0,"Tumor cells","Tumor spots"
"Tumour 7",-0.0977978280054777,0,"vSMC/Pericyte","Other spots"
"Tumour 7",-0.143865106699782,0,"Tumor cells","Tumor spots"
"Tumour 7",0.105034303945609,0,"vSMC/Pericyte","Other spots"
"Tumour 7",-0.234472602722449,0,"Tumor cells","Tumor spots"
"Tumour 7",0.0338934746410768,0,"Tumor cells","Tumor spots"
"Tumour 7",0.0276005764193694,0,"Tumor cells","Tumor spots"
"Tumour 7",0.0797856974629665,0.987122539987515,"vSMC/Pericyte","Other spots"
"Tumour 7",0.0345280850863246,0,"Tumor cells","Tumor spots"
"Tumour 7",-0.0280618809587515,0,"vSMC/Pericyte","Other spots"
"Tumour 7",0.0784391541596422,0,"vSMC/Pericyte","Other spots"
"Tumour 7",0.152708205072714,0.752160709258007,"vSMC/Pericyte","Other spots"
"Tumour 7",-0.118155866790527,0.454660878417676,"Tumor cells","Tumor spots"
"Tumour 7",-0.0936403021398262,0,"Tumor cells","Tumor spots"
"Tumour 7",0.0245869536873476,0.709173738993702,"Tumor cells","Tumor spots"
"Tumour 7",-0.157928832469256,0,"vSMC/Pericyte","Other spots"
"Tumour 7",-0.151372091853885,0,"Tumor cells","Tumor spots"
"Tumour 7",0.314894142376508,0,"vSMC/Pericyte","Other spots"
"Tumour 7",-0.0750004313844758,0,"vSMC/Pericyte","Other spots"
"Tumour 7",0.0418015993418785,0.547648382173706,"vSMC/Pericyte","Other spots"
"Tumour 7",-0.0513737007917659,0,"vSMC/Pericyte","Other spots"
"Tumour 7",0.165008840001367,0,"vSMC/Pericyte","Other spots"
"Tumour 7",0.124169651168086,0,"Tumor cells","Tumor spots"
"Tumour 7",-0.189002269131446,0,"Tumor cells","Tumor spots"
"Tumour 7",-0.0223848700968774,0,"vSMC/Pericyte","Other spots"
"Tumour 7",-0.0660223015911184,0,"Tumor cells","Tumor spots"
"Tumour 7",-0.0644084190140601,0,"Tumor cells","Tumor spots"
"Tumour 7",-0.0342371199047726,0.911028228767154,"Tumor cells","Tumor spots"
"Tumour 7",-0.0126358784618507,0.581422759345536,"vSMC/Pericyte","Other spots"
"Tumour 7",-0.0511645800536045,0.541989618800819,"vSMC/Pericyte","Other spots"
"Tumour 7",-0.00308504821131012,0,"Tumor cells","Tumor spots"
"Tumour 7",-0.00197134465228804,0,"Tumor cells","Tumor spots"
"Tumour 7",0.0943215499804363,0,"vSMC/Pericyte","Other spots"
"Tumour 7",-0.0076093595561087,0.711119422964376,"Tumor cells","Tumor spots"
"Tumour 7",0.128035985313973,0.800112194054199,"Tumor cells","Tumor spots"
"Tumour 7",-0.0308702424700034,0.540788294797449,"Tumor cells","Tumor spots"
"Tumour 7",0.131867876640099,0.70562664978828,"vSMC/Pericyte","Other spots"
"Tumour 7",-0.0875748804400663,0.88940934573733,"vSMC/Pericyte","Other spots"
"Tumour 7",0.0348705463770645,0.515156148581974,"vSMC/Pericyte","Other spots"
"Tumour 7",0.112548661982786,0,"vSMC/Pericyte","Other spots"
"Tumour 7",-0.0177515168048614,0,"vSMC/Pericyte","Other spots"
"Tumour 7",-0.0312950664775955,0.371664446202734,"Tumor cells","Tumor spots"
"Tumour 7",-0.0662387326254485,0,"Tumor cells","Tumor spots"
"Tumour 7",0.0444921448768891,0,"vSMC/Pericyte","Other spots"
"Tumour 7",-0.0262997485012064,0,"vSMC/Pericyte","Other spots"
"Tumour 7",0.0216730968576646,0,"Tumor cells","Tumor spots"
"Tumour 7",0.0864430094338377,0,"Tumor cells","Tumor spots"
"Tumour 7",0.0433314011896456,0,"Tumor cells","Tumor spots"
"Tumour 7",0.0128936091816719,0.518763033375048,"vSMC/Pericyte","Other spots"
"Tumour 7",0.0490751531729589,0,"Tumor cells","Tumor spots"
"Tumour 7",-0.213739003137788,0,"vSMC/Pericyte","Other spots"
"Tumour 7",-0.233996828874743,0,"vSMC/Pericyte","Other spots"
"Tumour 7",-0.041748323484104,0,"Tumor cells","Tumor spots"
"Tumour 7",0.039910247155395,0,"Tumor cells","Tumor spots"
"Tumour 7",0.0101183316698291,0,"vSMC/Pericyte","Other spots"
"Tumour 7",0.0674351243361427,0,"Tumor cells","Tumor spots"
"Tumour 7",-0.202645373287567,0,"vSMC/Pericyte","Other spots"
"Tumour 7",0.0458664399253366,0,"vSMC/Pericyte","Other spots"
"Tumour 7",0.0096404758242522,0,"Tumor cells","Tumor spots"
"Tumour 7",-0.112146899387656,0,"vSMC/Pericyte","Other spots"
"Tumour 7",0.0270878702636219,0,"vSMC/Pericyte","Other spots"
"Tumour 7",-0.00605462312657817,0,"vSMC/Pericyte","Other spots"
"Tumour 7",0.0375003119813674,0,"vSMC/Pericyte","Other spots"
"Tumour 7",-0.0343867854561596,0,"Tumor cells","Tumor spots"
"Tumour 7",-0.029034637550777,0.694399528876411,"Tumor cells","Tumor spots"
"Tumour 7",0.0554474099024701,0,"Tumor cells","Tumor spots"
"Tumour 7",0.214659634860193,0,"vSMC/Pericyte","Other spots"
"Tumour 7",0.184579646969797,0.858030518183242,"Tumor cells","Tumor spots"
"Tumour 7",-0.0603028002248095,0.523120860623028,"vSMC/Pericyte","Other spots"
"Tumour 7",-0.0448337933238506,0,"vSMC/Pericyte","Other spots"
"Tumour 7",0.0275308815875914,0,"Tumor cells","Tumor spots"
"Tumour 7",-0.11949579475008,0,"vSMC/Pericyte","Other spots"
"Tumour 7",-0.000294942968078138,0,"Tumor cells","Tumor spots"
"Tumour 7",-0.0964431110601389,0,"vSMC/Pericyte","Other spots"
"Tumour 7",-0.176016018057802,0,"Tumor cells","Tumor spots"
"Tumour 7",-0.0358785438326282,0,"Tumor cells","Tumor spots"
"Tumour 7",-0.0322160466615314,0,"Tumor cells","Tumor spots"
"Tumour 7",0.128789775944378,0,"Tumor cells","Tumor spots"
"Tumour 7",0.0241688055998618,0.606476910351415,"Tumor cells","Tumor spots"
"Tumour 7",0.051162396089372,0,"vSMC/Pericyte","Other spots"
"Tumour 7",0.0746392503064996,0,"Tumor cells","Tumor spots"
"Tumour 7",0.0131151054532641,0,"vSMC/Pericyte","Other spots"
"Tumour 7",-0.0551108342303892,0.74273967940889,"vSMC/Pericyte","Other spots"
"Tumour 7",0.159414967846157,0.408149673478833,"Tumor cells","Tumor spots"
"Tumour 7",0.165243545709839,0,"vSMC/Pericyte","Other spots"
"Tumour 7",-0.17308368856512,0,"vSMC/Pericyte","Other spots"
"Tumour 7",0.181257062446393,0.616387244136992,"Tumor cells","Tumor spots"
"Tumour 7",0.0560578085070164,0,"vSMC/Pericyte","Other spots"
"Tumour 7",-0.183841238041698,0.76859689449553,"vSMC/Pericyte","Other spots"
"Tumour 7",0.0389597134264497,0.702630250687765,"Tumor cells","Tumor spots"
"Tumour 7",0.0410532694742257,0,"Tumor cells","Tumor spots"
"Tumour 7",-0.0218848355991744,0.532558350666751,"Tumor cells","Tumor spots"
"Tumour 7",0.0723441993391576,0,"vSMC/Pericyte","Other spots"
"Tumour 7",0.0174388587367582,0.584780340519288,"Tumor cells","Tumor spots"
"Tumour 7",-0.0505481963762489,0,"Tumor cells","Tumor spots"
"Tumour 7",-0.261438041827598,0,"vSMC/Pericyte","Other spots"
"Tumour 7",0.00955715655129391,0.422675441632975,"vSMC/Pericyte","Other spots"
"Tumour 7",0.0294417868578727,0.455461457830455,"Tumor cells","Tumor spots"
"Tumour 7",0.0686445475912715,0.558759989851527,"Tumor cells","Tumor spots"
"Tumour 7",0.0609437791106803,0.969513424005379,"Tumor cells","Tumor spots"
"Tumour 7",-0.096073039918119,0.393077498657351,"Tumor cells","Tumor spots"
"Tumour 7",0.0512891476610884,0,"Tumor cells","Tumor spots"
"Tumour 7",-0.08987472513687,0.638382355567306,"vSMC/Pericyte","Other spots"
"Tumour 7",0.0901005093800114,0.526985200202896,"Tumor cells","Tumor spots"
"Tumour 7",0.0355062784641219,0,"vSMC/Pericyte","Other spots"
"Tumour 7",0.114905863776491,0,"Tumor cells","Tumor spots"
"Tumour 7",-0.0137666363104068,1.05946822259464,"vSMC/Pericyte","Other spots"
"Tumour 7",-0.0211119374466163,0,"Tumor cells","Tumor spots"
"Tumour 7",-0.0815027696447147,0,"Tumor cells","Tumor spots"
"Tumour 7",0.124505665499337,0.445030708314356,"Tumor cells","Tumor spots"
"Tumour 7",0.0273317040706923,0,"vSMC/Pericyte","Other spots"
"Tumour 7",0.0865712099573264,0,"Tumor cells","Tumor spots"
"Tumour 7",-0.099579577900713,0.480559760164331,"Tumor cells","Tumor spots"
"Tumour 7",-0.176018989615186,0.781668438674256,"vSMC/Pericyte","Other spots"
"Tumour 7",0.0027828418505278,0,"Tumor cells","Tumor spots"
"Tumour 7",-0.168421897887478,0,"Tumor cells","Tumor spots"
"Tumour 7",0.131738569080747,0.86753094978703,"Tumor cells","Tumor spots"
"Tumour 7",-0.120775947254746,0,"Tumor cells","Tumor spots"
"Tumour 7",0.0632798941037764,0,"Tumor cells","Tumor spots"
"Tumour 7",0.131510717482437,0,"Tumor cells","Tumor spots"
"Tumour 7",-0.163960700168697,0,"Tumor cells","Tumor spots"
"Tumour 7",-0.00385585783178832,0,"Tumor cells","Tumor spots"
"Tumour 7",-0.114223818321652,0,"Tumor cells","Tumor spots"
"Tumour 7",-0.137352771575933,0,"vSMC/Pericyte","Other spots"
"Tumour 7",-0.00856845869906503,0,"Tumor cells","Tumor spots"
"Tumour 7",-0.203907570556132,0,"vSMC/Pericyte","Other spots"
"Tumour 7",-0.16703701894761,0,"vSMC/Pericyte","Other spots"
"Tumour 7",0.169812366924192,0,"vSMC/Pericyte","Other spots"
"Tumour 7",-0.199211491882107,0,"vSMC/Pericyte","Other spots"
"Tumour 7",0.0464615043239455,1.43973441589081,"vSMC/Pericyte","Other spots"
"Tumour 7",-0.131499698419383,0.636868453859463,"vSMC/Pericyte","Other spots"
"Tumour 7",0.247305953104597,0,"vSMC/Pericyte","Other spots"
"Tumour 7",0.0581945033365324,0,"vSMC/Pericyte","Other spots"
"Tumour 7",-0.0193519291179274,0,"Tumor cells","Tumor spots"
"Tumour 7",-0.0974492699193518,0,"Tumor cells","Tumor spots"
"Tumour 7",-0.234947185925074,0,"vSMC/Pericyte","Other spots"
"Tumour 7",0.259600766523604,1.05179162120794,"Tumor cells","Tumor spots"
"Tumour 7",-0.10658873078089,0,"Tumor cells","Tumor spots"
"Tumour 7",-0.0487573547718421,0,"vSMC/Pericyte","Other spots"
"Tumour 7",-0.131395266574037,0.51678926602917,"vSMC/Pericyte","Other spots"
"Tumour 7",-0.0411947098454704,0,"Tumor cells","Tumor spots"
"Tumour 7",0.0280298947323308,0.552519997113217,"Tumor cells","Tumor spots"
"Tumour 7",-0.0420508898215419,0.528638853685479,"Tumor cells","Tumor spots"
"Tumour 7",-0.0466091758677519,0,"vSMC/Pericyte","Other spots"
"Tumour 7",-0.0455746126028083,0,"vSMC/Pericyte","Other spots"
"Tumour 7",0.0406344758861859,0,"Tumor cells","Tumor spots"
"Tumour 7",-0.0439815334810937,0.605265879803982,"Tumor cells","Tumor spots"
"Tumour 7",-0.051956997188187,0,"vSMC/Pericyte","Other spots"
"Tumour 7",-0.125056132692775,0.587040972572164,"Tumor cells","Tumor spots"
"Tumour 7",-0.0256802787486399,0,"vSMC/Pericyte","Other spots"
"Tumour 7",-0.00215012959218447,0.473144866575602,"Tumor cells","Tumor spots"
"Tumour 7",0.0973278412044334,0.467156302093423,"Tumor cells","Tumor spots"
"Tumour 7",-0.0960154144714974,0,"vSMC/Pericyte","Other spots"
"Tumour 7",-0.128830945340257,0,"vSMC/Pericyte","Other spots"
"Tumour 7",0.0218593373812315,0,"vSMC/Pericyte","Other spots"
"Tumour 7",-0.0876579315612814,0.51496630509613,"Tumor cells","Tumor spots"
"Tumour 7",-0.0181279636121106,0,"vSMC/Pericyte","Other spots"
"Tumour 7",0.108259141382984,0.38072770410291,"vSMC/Pericyte","Other spots"
"Tumour 7",0.111573861838911,0,"vSMC/Pericyte","Other spots"
"Tumour 7",-0.0467039730578777,0,"vSMC/Pericyte","Other spots"
"Tumour 7",-0.133152261434726,0.802482305755897,"Tumor cells","Tumor spots"
"Tumour 7",-0.01007322253629,0,"Tumor cells","Tumor spots"
"Tumour 7",0.0244553030510519,0,"Tumor cells","Tumor spots"
"Tumour 7",-0.307792223973869,0,"vSMC/Pericyte","Other spots"
"Tumour 7",-0.0485224790172785,0.620572788823129,"vSMC/Pericyte","Other spots"
"Tumour 7",-0.0025974884749978,0,"Tumor cells","Tumor spots"
"Tumour 7",-0.00289123142359454,0.56130313484903,"Tumor cells","Tumor spots"
"Tumour 7",-0.0251999434535658,0,"vSMC/Pericyte","Other spots"
"Tumour 7",0.0436521441323399,0.518597964252019,"Tumor cells","Tumor spots"
"Tumour 7",0.122647881374286,0,"vSMC/Pericyte","Other spots"
"Tumour 7",-0.079124468163142,0.665767914183811,"Tumor cells","Tumor spots"
"Tumour 7",-0.311080346800861,0,"Tumor cells","Tumor spots"
"Tumour 7",-0.132466273978713,0.93671684324987,"Tumor cells","Tumor spots"
"Tumour 7",-0.1823801878112,0,"vSMC/Pericyte","Other spots"
"Tumour 7",0.0541988975318026,0,"vSMC/Pericyte","Other spots"
"Tumour 7",-0.0386651582174917,0,"vSMC/Pericyte","Other spots"
"Tumour 7",-0.0456527295227773,0.642669693914692,"vSMC/Pericyte","Other spots"
"Tumour 7",-0.211713569849005,0,"vSMC/Pericyte","Other spots"
"Tumour 7",0.0505244124852471,0.756035515898035,"vSMC/Pericyte","Other spots"
"Tumour 7",0.0184844690984156,0,"vSMC/Pericyte","Other spots"
"Tumour 7",-0.243772106355405,0,"vSMC/Pericyte","Other spots"
"Tumour 7",0.217295253871074,0,"vSMC/Pericyte","Other spots"
"Tumour 7",-0.111997837830654,0,"Tumor cells","Tumor spots"
"Tumour 7",0.0752585666885679,0,"Tumor cells","Tumor spots"
"Tumour 7",-0.126064086969375,0.593932071159468,"vSMC/Pericyte","Other spots"
"Tumour 7",0.0462267069791845,1.17492109068021,"Tumor cells","Tumor spots"
"Tumour 7",0.0762473770685854,0,"vSMC/Pericyte","Other spots"
"Tumour 7",-0.115792817700874,0,"vSMC/Pericyte","Other spots"
"Tumour 7",0.0718766476547588,0,"vSMC/Pericyte","Other spots"
"Tumour 7",0.0660476738650225,0,"Tumor cells","Tumor spots"
"Tumour 7",0.0615252602156203,1.10667684850484,"Tumor cells","Tumor spots"
"Tumour 7",-0.115974391344476,0.564753017024493,"Tumor cells","Tumor spots"
"Tumour 7",-0.118015846897324,1.18373309149459,"Tumor cells","Tumor spots"
"Tumour 7",0.119657077456881,0,"Tumor cells","Tumor spots"
"Tumour 7",-0.123583942172645,0.495847848814814,"Tumor cells","Tumor spots"
"Tumour 7",-0.00853551833113886,1.01915477462922,"Tumor cells","Tumor spots"
"Tumour 7",0.121285788640924,0.622367461826624,"Tumor cells","Tumor spots"
"Tumour 7",0.114337658742228,0,"Tumor cells","Tumor spots"
"Tumour 7",-0.0859386356797672,0.363093907747898,"Tumor cells","Tumor spots"
"Tumour 7",-0.0569535688829843,0.435748449547729,"Tumor cells","Tumor spots"
"Tumour 7",0.0211439740415367,0.588000077910452,"vSMC/Pericyte","Other spots"
"Tumour 7",0.133428819857754,0.727426638284125,"Tumor cells","Tumor spots"
"Tumour 7",-0.0234809505015276,0,"Tumor cells","Tumor spots"
"Tumour 7",0.277719613457488,0,"Tumor cells","Tumor spots"
"Tumour 7",0.150872434859326,0.994575900698313,"Tumor cells","Tumor spots"
"Tumour 7",0.0837765146560028,0,"vSMC/Pericyte","Other spots"
"Tumour 7",-0.0696580592232994,0,"Tumor cells","Tumor spots"
"Tumour 7",-0.0896392368341788,0.689368713302323,"Tumor cells","Tumor spots"
"Tumour 7",0.108284413920094,0.818397882418329,"Tumor cells","Tumor spots"
"Tumour 7",-0.0772254285523672,0.814558363424167,"vSMC/Pericyte","Other spots"
"Tumour 7",0.115455069536103,0,"Tumor cells","Tumor spots"
"Tumour 7",-0.150327146038154,0,"Tumor cells","Tumor spots"
"Tumour 7",0.0971181373548236,0.523316903004098,"Tumor cells","Tumor spots"
"Tumour 7",0.209683557762791,0.57540303649326,"Tumor cells","Tumor spots"
"Tumour 7",0.0788853441149752,0.75290263224689,"vSMC/Pericyte","Other spots"
"Tumour 7",-0.0299767144607445,0,"Tumor cells","Tumor spots"
"Tumour 7",0.013570843256979,0,"Tumor cells","Tumor spots"
"Tumour 7",0.0529283168565004,0.79342091267899,"Tumor cells","Tumor spots"
"Tumour 7",-0.111403363475031,0.687544647251051,"Tumor cells","Tumor spots"
"Tumour 7",0.127082209355713,0.361554348279291,"Tumor cells","Tumor spots"
"Tumour 7",-0.12494181904332,0.701757008372629,"Tumor cells","Tumor spots"
"Tumour 7",0.0483327710229971,0,"vSMC/Pericyte","Other spots"
"Tumour 7",0.115321237814423,0.573098348727239,"vSMC/Pericyte","Other spots"
"Tumour 7",-0.0818833898143996,1.06385975667727,"Tumor cells","Tumor spots"
"Tumour 7",-0.0636239563234842,0.478333861161956,"vSMC/Pericyte","Other spots"
"Tumour 7",-0.043369217365115,0,"Tumor cells","Tumor spots"
"Tumour 7",-0.028144859304264,0,"vSMC/Pericyte","Other spots"
"Tumour 7",0.0338041530841449,0,"Tumor cells","Tumor spots"
"Tumour 7",-0.0633820595681067,0,"Tumor cells","Tumor spots"
"Tumour 7",-0.104055500673138,0,"Tumor cells","Tumor spots"
"Tumour 7",-0.0730076808974054,0,"vSMC/Pericyte","Other spots"
"Tumour 7",0.0470513504105322,0.411384787128464,"vSMC/Pericyte","Other spots"
"Tumour 7",-0.226385703310648,0,"vSMC/Pericyte","Other spots"
"Tumour 7",-0.0636437416523871,0.797153451185296,"Tumor cells","Tumor spots"
"Tumour 7",-0.0798379508715295,0,"vSMC/Pericyte","Other spots"
"Tumour 7",-0.157810922442749,0,"Tumor cells","Tumor spots"
"Tumour 7",-0.109787630959125,1.0104092531462,"vSMC/Pericyte","Other spots"
"Tumour 7",-0.00214922287636071,0,"Tumor cells","Tumor spots"
"Tumour 7",-0.00510153406565106,0.56409876824842,"Tumor cells","Tumor spots"
"Tumour 7",-0.0704424316093422,0,"vSMC/Pericyte","Other spots"
"Tumour 7",0.0182334329141512,0,"Tumor cells","Tumor spots"
"Tumour 7",-0.000379164432070422,0.483807179909024,"vSMC/Pericyte","Other spots"
"Tumour 7",0.144208992785624,0.842978444748489,"Tumor cells","Tumor spots"
"Tumour 7",-0.150958918423071,0,"vSMC/Pericyte","Other spots"
"Tumour 7",-0.108643787541623,0,"Tumor cells","Tumor spots"
"Tumour 7",0.0551622602177405,0,"Tumor cells","Tumor spots"
"Tumour 7",-0.0444582875327494,0,"vSMC/Pericyte","Other spots"
"Tumour 7",-0.116833319790925,0,"Tumor cells","Tumor spots"
"Tumour 7",-0.162974544967166,0,"Tumor cells","Tumor spots"
"Tumour 7",0.0420325517639866,0.932398175495302,"Tumor cells","Tumor spots"
"Tumour 7",-0.174871567212572,0,"Tumor cells","Tumor spots"
"Tumour 7",0.186210068707357,0,"Tumor cells","Tumor spots"
"Tumour 7",-0.0723900638217488,0,"vSMC/Pericyte","Other spots"
"Tumour 7",-0.220506590857816,0,"vSMC/Pericyte","Other spots"
"Tumour 7",0.00339413538720951,0,"vSMC/Pericyte","Other spots"
"Tumour 7",0.0240345190062649,0,"vSMC/Pericyte","Other spots"
"Tumour 7",-0.0105927898256452,0.379499338555867,"Tumor cells","Tumor spots"
"Tumour 7",-0.0271390043462024,0,"vSMC/Pericyte","Other spots"
"Tumour 7",0.0001832555290886,0,"Tumor cells","Tumor spots"
"Tumour 7",-0.0422863150074606,0,"vSMC/Pericyte","Other spots"
"Tumour 7",0.0212340678965866,0.48688196227942,"vSMC/Pericyte","Other spots"
"Tumour 7",-0.0485482398482338,0.654340276823777,"Tumor cells","Tumor spots"
"Tumour 7",0.235499885431482,0.775043256765516,"Tumor cells","Tumor spots"
"Tumour 7",-0.0624982151461309,0,"vSMC/Pericyte","Other spots"
"Tumour 7",0.0411174820131924,0,"vSMC/Pericyte","Other spots"
"Tumour 7",-0.126427729784416,0,"vSMC/Pericyte","Other spots"
"Tumour 7",-0.167851423136507,0.540249476714179,"vSMC/Pericyte","Other spots"
"Tumour 7",-0.0819494667196672,0,"vSMC/Pericyte","Other spots"
"Tumour 7",0.10091243462083,1.14071938427969,"Tumor cells","Tumor spots"
"Tumour 7",0.0443178323420356,0.804457345149876,"vSMC/Pericyte","Other spots"
"Tumour 7",0.102943545098859,1.07964507519319,"Tumor cells","Tumor spots"
"Tumour 7",0.148524615327953,0,"Tumor cells","Tumor spots"
"Tumour 7",-0.1487426469183,0.541508433728962,"vSMC/Pericyte","Other spots"
"Tumour 7",-0.101729821648085,0.593859430764357,"vSMC/Pericyte","Other spots"
"Tumour 7",-0.0185651815093126,0,"Tumor cells","Tumor spots"
"Tumour 7",0.12346125088175,0.456710162065401,"vSMC/Pericyte","Other spots"
"Tumour 7",-0.0397482882417442,0,"vSMC/Pericyte","Other spots"
"Tumour 7",0.0434808119858252,0,"Tumor cells","Tumor spots"
"Tumour 7",-0.11932769858948,0.473258931422923,"vSMC/Pericyte","Other spots"
"Tumour 7",-0.0884802735284803,0,"vSMC/Pericyte","Other spots"
"Tumour 7",0.0911252633573574,0.419080139619184,"Tumor cells","Tumor spots"
"Tumour 7",-0.129553032025252,0,"vSMC/Pericyte","Other spots"
"Tumour 7",0.086796592253141,0.859284470795872,"Tumor cells","Tumor spots"
"Tumour 7",0.0954944680372923,0,"vSMC/Pericyte","Other spots"
"Tumour 7",-0.0213597769099932,0.411573676534022,"Tumor cells","Tumor spots"
"Tumour 7",0.176174410544226,0,"vSMC/Pericyte","Other spots"
"Tumour 7",0.200336589883059,0,"Tumor cells","Tumor spots"
"Tumour 7",-0.0620331342178508,0,"vSMC/Pericyte","Other spots"
"Tumour 7",0.040851720810929,0.794217643638574,"Tumor cells","Tumor spots"
"Tumour 7",0.0435728336202506,0,"vSMC/Pericyte","Other spots"
"Tumour 7",0.122824741564299,0,"vSMC/Pericyte","Other spots"
"Tumour 7",0.0683449250396445,0,"vSMC/Pericyte","Other spots"
"Tumour 7",-0.0306878060428658,0.879395712479259,"Tumor cells","Tumor spots"
"Tumour 7",-0.117655205816503,0,"Tumor cells","Tumor spots"
"Tumour 7",0.00514122324104965,0.864339416659281,"vSMC/Pericyte","Other spots"
"Tumour 7",-0.123671328643644,0.61373270007119,"Tumor cells","Tumor spots"
"Tumour 7",-0.0996847805368958,0,"vSMC/Pericyte","Other spots"
"Tumour 7",0.0576639163367084,0.641986546098868,"Tumor cells","Tumor spots"
"Tumour 7",-0.0223713402750364,0,"Tumor cells","Tumor spots"
"Tumour 7",-0.00147679467508582,0,"Tumor cells","Tumor spots"
"Tumour 7",-0.181119900534323,0,"Tumor cells","Tumor spots"
"Tumour 7",-0.0592664274738036,0,"vSMC/Pericyte","Other spots"
"Tumour 7",-0.107595095346998,0.514668268361048,"vSMC/Pericyte","Other spots"
"Tumour 7",0.0964018688597436,0,"Tumor cells","Tumor spots"
"Tumour 7",-0.129412480892497,0,"vSMC/Pericyte","Other spots"
"Tumour 7",-0.10622724535495,0.554941889475735,"vSMC/Pericyte","Other spots"
"Tumour 7",-0.0892220300189563,0,"vSMC/Pericyte","Other spots"
"Tumour 7",-0.164421539015376,0.631504035294113,"Tumor cells","Tumor spots"
"Tumour 7",0.276914269432463,0,"vSMC/Pericyte","Other spots"
"Tumour 7",0.0778607577863355,0.512672420500943,"vSMC/Pericyte","Other spots"
"Tumour 7",-0.129599086007341,0.421915244805308,"vSMC/Pericyte","Other spots"
"Tumour 7",-0.0660568351497768,0,"Tumor cells","Tumor spots"
"Tumour 7",-0.0960366266645704,0,"Tumor cells","Tumor spots"
"Tumour 7",0.127956057827987,0,"vSMC/Pericyte","Other spots"
"Tumour 7",0.118446412564042,0,"vSMC/Pericyte","Other spots"
"Tumour 7",-0.222640466111123,0,"Tumor cells","Tumor spots"
"Tumour 7",-0.0885050761259562,0.407004342141361,"Tumor cells","Tumor spots"
"Tumour 7",-0.0416667714335262,0,"vSMC/Pericyte","Other spots"
"Tumour 7",0.0843507480003381,0,"vSMC/Pericyte","Other spots"
"Tumour 7",-0.00319172794043504,0,"vSMC/Pericyte","Other spots"
"Tumour 7",-0.110874617012393,0,"vSMC/Pericyte","Other spots"
"Tumour 7",0.0760405241339345,0,"Tumor cells","Tumor spots"
"Tumour 7",-0.0416674002985915,0,"Tumor cells","Tumor spots"
"Tumour 7",-0.274547550003449,0,"vSMC/Pericyte","Other spots"
"Tumour 7",-0.0144874244643386,0.583166538006771,"vSMC/Pericyte","Other spots"
"Tumour 7",0.00152626663687622,0,"vSMC/Pericyte","Other spots"
"Tumour 7",-0.0370893801563901,0,"vSMC/Pericyte","Other spots"
"Tumour 7",0.020497539832624,0,"vSMC/Pericyte","Other spots"
"Tumour 7",0.136241597474571,0,"vSMC/Pericyte","Other spots"
"Tumour 7",0.123711388813257,0,"Tumor cells","Tumor spots"
"Tumour 7",0.0699783475484886,0,"Tumor cells","Tumor spots"
"Tumour 7",0.094085734740069,0,"vSMC/Pericyte","Other spots"
"Tumour 7",-0.185971488536274,0,"vSMC/Pericyte","Other spots"
"Tumour 7",0.00931825650819001,0,"Tumor cells","Tumor spots"
"Tumour 7",0.0325131362837218,0,"vSMC/Pericyte","Other spots"
"Tumour 7",-0.16651904275775,0,"vSMC/Pericyte","Other spots"
"Tumour 7",0.173194242038725,0.529986692876337,"Tumor cells","Tumor spots"
"Tumour 7",0.201901929959375,0,"Tumor cells","Tumor spots"
"Tumour 7",-0.174597936875428,0.591472513464324,"vSMC/Pericyte","Other spots"
"Tumour 7",0.147850577843791,0,"vSMC/Pericyte","Other spots"
"Tumour 7",-0.0111166050840444,0,"Tumor cells","Tumor spots"
"Tumour 7",0.132545700231504,0,"Tumor cells","Tumor spots"
"Tumour 7",-0.0412772930997005,0.472279800534239,"Tumor cells","Tumor spots"
"Tumour 7",0.0992741843690182,0,"vSMC/Pericyte","Other spots"
"Tumour 7",-0.127333479161151,0.484907611694299,"Tumor cells","Tumor spots"
"Tumour 7",-0.0561655902044429,1.07866215405129,"Tumor cells","Tumor spots"
"Tumour 7",-0.168558259494867,0,"vSMC/Pericyte","Other spots"
"Tumour 7",0.110269586437837,0,"Tumor cells","Tumor spots"
"Tumour 7",-0.04635046561119,0,"vSMC/Pericyte","Other spots"
"Tumour 7",-0.00132904489876828,0,"vSMC/Pericyte","Other spots"
"Tumour 7",-0.118379211330062,0,"vSMC/Pericyte","Other spots"
"Tumour 7",-0.0153460604861722,0,"vSMC/Pericyte","Other spots"
"Tumour 7",-0.159108283280959,0,"Tumor cells","Tumor spots"
"Tumour 7",0.0242592345800436,1.07753208498705,"Tumor cells","Tumor spots"
"Tumour 7",0.0640615714671384,0.652306019955991,"vSMC/Pericyte","Other spots"
"Tumour 7",0.0947557532685408,0,"Tumor cells","Tumor spots"
"Tumour 7",0.125950347343931,0,"Tumor cells","Tumor spots"
"Tumour 7",0.101031260803089,0,"Tumor cells","Tumor spots"
"Tumour 7",0.0167828823830869,0,"Tumor cells","Tumor spots"
"Tumour 7",-0.120179618561149,0,"vSMC/Pericyte","Other spots"
"Tumour 7",-0.0953224569090185,0,"Tumor cells","Tumor spots"
"Tumour 7",0.0491741710946409,0,"vSMC/Pericyte","Other spots"
"Tumour 7",-0.0276839882900959,0.33186258314219,"Tumor cells","Tumor spots"
"Tumour 7",-0.0724728305433557,0.89682254342059,"Tumor cells","Tumor spots"
"Tumour 7",0.0672512396101787,0.560528025395052,"vSMC/Pericyte","Other spots"
"Tumour 7",-0.0589239460872881,0,"vSMC/Pericyte","Other spots"
"Tumour 7",-0.25726560590127,0,"Tumor cells","Tumor spots"
"Tumour 7",-0.131304708919181,0,"vSMC/Pericyte","Other spots"
"Tumour 7",-0.129013762279213,0,"Tumor cells","Tumor spots"
"Tumour 7",0.0680183355952704,0,"vSMC/Pericyte","Other spots"
"Tumour 7",-0.0232310056399801,0,"Tumor cells","Tumor spots"
"Tumour 7",-0.00507999764970862,0,"vSMC/Pericyte","Other spots"
"Tumour 7",-0.205401825937426,0,"Tumor cells","Tumor spots"
"Tumour 7",-0.228364334096619,0,"vSMC/Pericyte","Other spots"
"Tumour 7",0.0119655461529783,0.638677589774908,"vSMC/Pericyte","Other spots"
"Tumour 7",-0.0400584560207007,0,"vSMC/Pericyte","Other spots"
"Tumour 7",-0.165721916580288,0.80282210083039,"vSMC/Pericyte","Other spots"
"Tumour 7",-0.19920400486746,0,"vSMC/Pericyte","Other spots"
"Tumour 7",-0.0762623549018434,0.48481171941386,"vSMC/Pericyte","Other spots"
"Tumour 7",-0.0167485182842276,0.89682254342059,"Tumor cells","Tumor spots"
"Tumour 7",0.086014179753386,0,"vSMC/Pericyte","Other spots"
"Tumour 7",0.0419153881279532,0,"vSMC/Pericyte","Other spots"
"Tumour 7",-0.162108018319199,0,"Tumor cells","Tumor spots"
"Tumour 7",-0.325854592060376,0,"Tumor cells","Tumor spots"
"Tumour 7",0.0137597369414781,0.7689382740923,"vSMC/Pericyte","Other spots"
"Tumour 7",-0.069385766940564,0.588855326505293,"vSMC/Pericyte","Other spots"
"Tumour 7",0.117459994394707,0,"vSMC/Pericyte","Other spots"
"Tumour 7",-0.0438052908882381,0,"Tumor cells","Tumor spots"
"Tumour 7",0.106304015787811,0.398360224328691,"Tumor cells","Tumor spots"
"Tumour 7",-0.0611695419331779,0.536714768115863,"Tumor cells","Tumor spots"
"Tumour 7",-0.218724565793468,0,"vSMC/Pericyte","Other spots"
"Tumour 7",-0.119545823681469,0,"vSMC/Pericyte","Other spots"
"Tumour 7",0.110038881424599,0,"Tumor cells","Tumor spots"
"Tumour 7",-0.0729320122778896,0,"Tumor cells","Tumor spots"
"Tumour 7",0.0605763796620861,0,"Tumor cells","Tumor spots"
"Tumour 7",0.123209082138369,0,"vSMC/Pericyte","Other spots"
"Tumour 7",-0.0679843070751435,0,"Tumor cells","Tumor spots"
"Tumour 7",-0.0594065062528729,0,"vSMC/Pericyte","Other spots"
"Tumour 7",0.0204683354816591,0,"Tumor cells","Tumor spots"
"Tumour 7",-0.0438978471155191,0,"Tumor cells","Tumor spots"
"Tumour 7",-0.0848663988896516,0.468627742928123,"vSMC/Pericyte","Other spots"
"Tumour 7",0.364126725466694,0,"vSMC/Pericyte","Other spots"
"Tumour 7",-0.269518603894879,0,"vSMC/Pericyte","Other spots"
"Tumour 7",-0.0187951926676386,0,"vSMC/Pericyte","Other spots"
"Tumour 7",-0.0602709599383036,0,"Tumor cells","Tumor spots"
"Tumour 7",0.134127809839329,0,"vSMC/Pericyte","Other spots"
"Tumour 7",-0.00918390099036143,0.586970055737346,"vSMC/Pericyte","Other spots"
"Tumour 7",0.105897318205218,0.491224688783163,"Tumor cells","Tumor spots"
"Tumour 7",0.0351268691508401,0,"Tumor cells","Tumor spots"
"Tumour 7",0.2075297535195,0,"Tumor cells","Tumor spots"
"Tumour 7",-0.235386498959993,0.587928922530924,"Tumor cells","Tumor spots"
"Tumour 7",0.0916292916186282,0,"vSMC/Pericyte","Other spots"
"Tumour 7",-0.0304814444193259,0,"Tumor cells","Tumor spots"
"Tumour 7",-0.0537553205188158,0,"vSMC/Pericyte","Other spots"
"Tumour 7",-0.213005210706218,0,"Tumor cells","Tumor spots"
"Tumour 7",-0.00775449069212719,0.65398554985624,"Tumor cells","Tumor spots"
"Tumour 7",0.0198081098855192,0,"Tumor cells","Tumor spots"
"Tumour 7",-0.0579260788876809,0,"vSMC/Pericyte","Other spots"
"Tumour 7",-0.0861154042887975,0,"vSMC/Pericyte","Other spots"
"Tumour 7",-0.143360148965495,0,"vSMC/Pericyte","Other spots"
"Tumour 7",0.0270202796975951,0,"vSMC/Pericyte","Other spots"
"Tumour 7",0.0391745001741355,0,"vSMC/Pericyte","Other spots"
"Tumour 7",0.010408750065703,0.83833273771762,"Tumor cells","Tumor spots"
"Tumour 7",0.117639208502671,0,"vSMC/Pericyte","Other spots"
"Tumour 7",-0.109201230899165,0.581875109630979,"Tumor cells","Tumor spots"
"Tumour 7",-0.00741245284558062,0.627124785366656,"Tumor cells","Tumor spots"
"Tumour 7",0.0967817186124705,0,"vSMC/Pericyte","Other spots"
"Tumour 7",-0.080938724267129,1.01537864514114,"vSMC/Pericyte","Other spots"
"Tumour 7",-0.143179371043591,0,"vSMC/Pericyte","Other spots"
"Tumour 7",0.114260273207694,0,"Tumor cells","Tumor spots"
"Tumour 7",-0.12443055639199,0,"vSMC/Pericyte","Other spots"
"Tumour 7",0.168167020380355,0,"Tumor cells","Tumor spots"
"Tumour 7",0.065026335135492,0.530879549265887,"Tumor cells","Tumor spots"
"Tumour 7",-0.146330791688378,0,"Tumor cells","Tumor spots"
"Tumour 7",-0.0816721701184557,0,"vSMC/Pericyte","Other spots"
"Tumour 7",0.202258158521193,0.548850290764097,"vSMC/Pericyte","Other spots"
"Tumour 7",-0.155596823624325,0.743086344989574,"vSMC/Pericyte","Other spots"
"Tumour 7",0.016067407503404,0,"Tumor cells","Tumor spots"
"Tumour 7",-0.0543214155672735,0,"vSMC/Pericyte","Other spots"
"Tumour 7",0.00730979693534228,0.52647414725672,"vSMC/Pericyte","Other spots"
"Tumour 7",-0.165524665827267,0,"Tumor cells","Tumor spots"
"Tumour 7",-0.0620130934111173,0,"Tumor cells","Tumor spots"
"Tumour 7",-0.0338600747430542,0.631256798485582,"Tumor cells","Tumor spots"
"Tumour 7",0.154431332696691,0.525568107869852,"vSMC/Pericyte","Other spots"
"Tumour 7",-0.101457079704082,0,"vSMC/Pericyte","Other spots"
"Tumour 7",-0.150472637174374,0.877421691670905,"vSMC/Pericyte","Other spots"
"Tumour 7",0.162678147183178,0,"vSMC/Pericyte","Other spots"
"Tumour 7",0.0907079717802861,0,"vSMC/Pericyte","Other spots"
"Tumour 7",0.0220796990419007,0.535831126661476,"vSMC/Pericyte","Other spots"
"Tumour 7",-0.113065435432105,0,"Tumor cells","Tumor spots"
"Tumour 7",0.0659499781010981,0,"vSMC/Pericyte","Other spots"
"Tumour 7",-0.0427598122156759,0.391099953876743,"Tumor cells","Tumor spots"
"Tumour 7",-0.124943168670224,0.729867913106367,"vSMC/Pericyte","Other spots"
"Tumour 7",0.00692464783928398,0,"vSMC/Pericyte","Other spots"
"Tumour 7",0.0938351172254849,0.618551692749951,"Tumor cells","Tumor spots"
"Tumour 7",0.19216318754819,0,"Tumor cells","Tumor spots"
"Tumour 7",-0.037869933906058,0,"vSMC/Pericyte","Other spots"
"Tumour 7",0.221467401215317,0,"Tumor cells","Tumor spots"
"Tumour 7",0.0476388710661572,0,"vSMC/Pericyte","Other spots"
"Tumour 7",-0.158207845568744,0,"Tumor cells","Tumor spots"
"Tumour 7",-0.10012742701992,0,"vSMC/Pericyte","Other spots"
"Tumour 7",-0.0277882102379283,0.506988625144727,"Tumor cells","Tumor spots"
"Tumour 7",-0.00147226588565524,0,"vSMC/Pericyte","Other spots"
"Tumour 7",-0.195247967855412,0,"Tumor cells","Tumor spots"
"Tumour 7",-0.0238548381540741,0.663613806512713,"Tumor cells","Tumor spots"
"Tumour 7",-0.178890349919172,0,"vSMC/Pericyte","Other spots"
"Tumour 7",0.0460915104973854,0.49080652392207,"vSMC/Pericyte","Other spots"
"Tumour 7",-0.120011690867703,0,"Tumor cells","Tumor spots"
"Tumour 7",0.00574952994043776,0,"vSMC/Pericyte","Other spots"
"Tumour 7",0.195169529250798,0,"Tumor cells","Tumor spots"
"Tumour 7",-0.171688838999758,0,"vSMC/Pericyte","Other spots"
"Tumour 7",0.0220520239973785,0,"Tumor cells","Tumor spots"
"Tumour 7",0.220667173199081,0.576562537447422,"Tumor cells","Tumor spots"
"Tumour 7",-0.0857755595381199,0,"vSMC/Pericyte","Other spots"
"Tumour 7",-0.137204750238429,0.707395563989,"Tumor cells","Tumor spots"
"Tumour 7",-0.0299464213863483,0.652394193596045,"vSMC/Pericyte","Other spots"
"Tumour 7",0.183356009618016,0,"vSMC/Pericyte","Other spots"
"Tumour 7",-0.0764529967942432,0,"vSMC/Pericyte","Other spots"
"Tumour 7",-0.166174036314554,1.25282249549386,"vSMC/Pericyte","Other spots"
"Tumour 7",0.266714240821468,0,"Tumor cells","Tumor spots"
"Tumour 7",-0.176476511284462,0,"Tumor cells","Tumor spots"
"Tumour 7",-0.0327453068412704,0,"Tumor cells","Tumor spots"
"Tumour 7",0.0908138308636369,0,"Tumor cells","Tumor spots"
"Tumour 7",-0.174362306565397,0,"Tumor cells","Tumor spots"
"Tumour 7",-0.133623438452318,0,"vSMC/Pericyte","Other spots"
"Tumour 7",0.0993213140275276,0,"vSMC/Pericyte","Other spots"
"Tumour 7",0.0104345051166307,0.754122708611877,"Tumor cells","Tumor spots"
"Tumour 7",-0.0550883792631535,0,"vSMC/Pericyte","Other spots"
"Tumour 7",-0.0183570920198725,0,"vSMC/Pericyte","Other spots"
"Tumour 7",-0.201768766104266,0,"vSMC/Pericyte","Other spots"
"Tumour 7",-0.0642302343469285,0,"Tumor cells","Tumor spots"
"Tumour 7",-0.0518039995631646,0,"vSMC/Pericyte","Other spots"
"Tumour 7",0.028527094380428,0,"vSMC/Pericyte","Other spots"
"Tumour 7",-0.00508260221281714,0.998204132332755,"vSMC/Pericyte","Other spots"
"Tumour 7",-0.00678816713245989,0,"vSMC/Pericyte","Other spots"
"Tumour 7",-0.142870377549183,0.91599083683517,"vSMC/Pericyte","Other spots"
"Tumour 7",0.0950578089742684,0,"Tumor cells","Tumor spots"
"Tumour 7",-0.0406284988355663,0,"vSMC/Pericyte","Other spots"
"Tumour 7",0.0188705403660258,0,"vSMC/Pericyte","Other spots"
"Tumour 7",-0.198740957824542,0,"Tumor cells","Tumor spots"
"Tumour 7",-0.0158124094187064,0,"vSMC/Pericyte","Other spots"
"Tumour 7",-0.187613048873899,0,"vSMC/Pericyte","Other spots"
"Tumour 7",0.0199208133335333,0,"vSMC/Pericyte","Other spots"
"Tumour 7",-0.107751479501661,0.573436083267159,"Tumor cells","Tumor spots"
"Tumour 7",0.128290365788994,0,"Tumor cells","Tumor spots"
"Tumour 7",-0.0614501073239426,0,"vSMC/Pericyte","Other spots"
"Tumour 7",0.280914369523987,0,"vSMC/Pericyte","Other spots"
"Tumour 7",-0.0633563343565137,0.467578933476067,"Tumor cells","Tumor spots"
"Tumour 7",-0.0358000188543705,1.14479150751683,"vSMC/Pericyte","Other spots"
"Tumour 7",-0.116726880303464,0,"Tumor cells","Tumor spots"
"Tumour 7",0.0768346532068079,0,"vSMC/Pericyte","Other spots"
"Tumour 7",-0.00594216322949093,0,"Tumor cells","Tumor spots"
"Tumour 7",-0.0345558042214978,0,"vSMC/Pericyte","Other spots"
"Tumour 7",-0.0672078520293874,0,"Tumor cells","Tumor spots"
"Tumour 7",-0.192761884230915,0,"vSMC/Pericyte","Other spots"
"Tumour 7",-0.0465787734017895,0.458072589026417,"Tumor cells","Tumor spots"
"Tumour 7",-0.188752726753201,0,"vSMC/Pericyte","Other spots"
"Tumour 7",0.177774596423763,0,"vSMC/Pericyte","Other spots"
"Tumour 7",-0.0519920151608362,0,"vSMC/Pericyte","Other spots"
"Tumour 7",0.04759498320535,0,"vSMC/Pericyte","Other spots"
"Tumour 7",0.20588390567338,0,"vSMC/Pericyte","Other spots"
"Tumour 7",0.162279064850599,0,"vSMC/Pericyte","Other spots"
"Tumour 7",0.0428433567136057,0.458778327154273,"vSMC/Pericyte","Other spots"
"Tumour 7",0.163368741523194,0,"Tumor cells","Tumor spots"
"Tumour 7",-0.0947453175286877,0.663979442276476,"Tumor cells","Tumor spots"
"Tumour 7",0.0588337318317521,0,"Tumor cells","Tumor spots"
"Tumour 7",-0.0148830779540425,0,"Tumor cells","Tumor spots"
"Tumour 7",-0.0855422907692542,0.541598589254156,"Tumor cells","Tumor spots"
"Tumour 7",-0.00301523362306305,0,"Tumor cells","Tumor spots"
"Tumour 7",0.169333461758275,0,"vSMC/Pericyte","Other spots"
"Tumour 7",-0.101770936558431,0,"vSMC/Pericyte","Other spots"
"Tumour 7",-0.0173433950213938,0,"Tumor cells","Tumor spots"
"Tumour 7",0.255244361098544,0,"Tumor cells","Tumor spots"
"Tumour 7",0.00562456829763969,0,"Tumor cells","Tumor spots"
"Tumour 7",0.0990103888924642,0,"vSMC/Pericyte","Other spots"
"Tumour 7",-0.181175800585322,0,"vSMC/Pericyte","Other spots"
"Tumour 7",-0.161809468162573,0.829456705559539,"vSMC/Pericyte","Other spots"
"Tumour 7",0.0760290634144623,0,"Tumor cells","Tumor spots"
"Tumour 7",0.0481231806528242,0,"vSMC/Pericyte","Other spots"
"Tumour 7",-0.16635744603639,0.485459743712045,"Tumor cells","Tumor spots"
"Tumour 7",-0.129994773204013,0,"Tumor cells","Tumor spots"
"Tumour 7",0.0207799639016325,0,"vSMC/Pericyte","Other spots"
"Tumour 7",0.0836515852728728,0,"vSMC/Pericyte","Other spots"
"Tumour 7",-0.00547595508080334,0,"Tumor cells","Tumor spots"
"Tumour 7",0.0862166218836863,0,"vSMC/Pericyte","Other spots"
"Tumour 7",0.060010908570873,0,"vSMC/Pericyte","Other spots"
"Tumour 7",0.0317785007985844,0.505209409035519,"Tumor cells","Tumor spots"
"Tumour 7",0.0504046811342827,0,"Tumor cells","Tumor spots"
"Tumour 7",0.0361276411634662,0.76452499137534,"Tumor cells","Tumor spots"
"Tumour 7",0.0602534698806627,0.523344921326491,"Tumor cells","Tumor spots"
"Tumour 7",-0.068109925117338,0,"vSMC/Pericyte","Other spots"
"Tumour 7",-0.139627037778299,1.36656112513412,"Tumor cells","Tumor spots"
"Tumour 7",-0.0614264743953091,0.542019721955301,"Tumor cells","Tumor spots"
"Tumour 7",-0.0420387296082109,0,"vSMC/Pericyte","Other spots"
"Tumour 7",0.0275754855288485,0.733646489990974,"Tumor cells","Tumor spots"
"Tumour 7",0.0157605827854511,0,"Tumor cells","Tumor spots"
"Tumour 7",-0.0408856057955653,0.676474440229375,"vSMC/Pericyte","Other spots"
"Tumour 7",0.0323473197707591,0,"vSMC/Pericyte","Other spots"
"Tumour 7",-0.0154966167850281,0.763391726515499,"Tumor cells","Tumor spots"
"Tumour 7",-0.253829847423335,0,"vSMC/Pericyte","Other spots"
"Tumour 7",-0.055057580829927,0,"Tumor cells","Tumor spots"
"Tumour 7",-0.155052013346965,0,"vSMC/Pericyte","Other spots"
"Tumour 7",-0.125402949858609,0,"vSMC/Pericyte","Other spots"
"Tumour 7",-0.133518548290251,0,"Tumor cells","Tumor spots"
"Tumour 7",-0.0337661724233254,0,"vSMC/Pericyte","Other spots"
"Tumour 7",0.0169221753658806,0.471236916111134,"Tumor cells","Tumor spots"
"Tumour 7",-0.110158114912847,0.522841060510402,"Tumor cells","Tumor spots"
"Tumour 7",-0.0323685045414551,0,"vSMC/Pericyte","Other spots"
"Tumour 7",0.000977723412957932,0.468247833737046,"vSMC/Pericyte","Other spots"
"Tumour 7",0.0266365244699063,1.07874754764167,"vSMC/Pericyte","Other spots"
"Tumour 7",0.0885256467599575,0.661746454102492,"vSMC/Pericyte","Other spots"
"Tumour 7",-0.161581815359495,0,"Tumor cells","Tumor spots"
"Tumour 7",-0.174441932316972,0,"vSMC/Pericyte","Other spots"
"Tumour 7",0.00304107162149619,0,"vSMC/Pericyte","Other spots"
"Tumour 7",-0.00675604163949706,0,"vSMC/Pericyte","Other spots"
"Tumour 7",0.128387603093303,0,"Tumor cells","Tumor spots"
"Tumour 7",0.0656170508871939,0,"Tumor cells","Tumor spots"
"Tumour 7",-0.0187102303589905,0,"Tumor cells","Tumor spots"
"Tumour 7",-0.23704057051274,0,"vSMC/Pericyte","Other spots"
"Tumour 7",-0.104896566338633,0.602297373966461,"Tumor cells","Tumor spots"
"Tumour 7",-0.169593275273199,0,"Tumor cells","Tumor spots"
"Tumour 7",-0.192165247804885,0.707186977227428,"Tumor cells","Tumor spots"
"Tumour 7",-0.0697117149620874,0,"vSMC/Pericyte","Other spots"
"Tumour 7",-0.0955124376740762,0,"vSMC/Pericyte","Other spots"
"Tumour 7",0.102164159866655,0,"vSMC/Pericyte","Other spots"
"Tumour 7",0.0960514371642489,1.20083198862238,"Tumor cells","Tumor spots"
"Tumour 7",0.0602538794780071,0,"Tumor cells","Tumor spots"
"Tumour 7",-0.0350469459727626,0.720393560829416,"Tumor cells","Tumor spots"
"Tumour 7",4.57309859068777e-05,0,"vSMC/Pericyte","Other spots"
"Tumour 7",0.00985616034509024,1.13039375012809,"Tumor cells","Tumor spots"
"Tumour 7",-0.110890077287983,0.778118153917351,"vSMC/Pericyte","Other spots"
"Tumour 7",-0.0564784295875277,0.534335752831089,"Tumor cells","Tumor spots"
"Tumour 7",-0.0756503752141274,0.593605333331188,"vSMC/Pericyte","Other spots"
"Tumour 7",0.165335042597214,0.678046837436725,"vSMC/Pericyte","Other spots"
"Tumour 7",-0.189563152330323,0,"vSMC/Pericyte","Other spots"
"Tumour 7",0.0948181404743766,1.34131294687092,"vSMC/Pericyte","Other spots"
"Tumour 7",-0.0214173515984894,0.61373270007119,"vSMC/Pericyte","Other spots"
"Tumour 7",-0.0836860438249696,0,"vSMC/Pericyte","Other spots"
"Tumour 7",-0.12310405945936,0,"vSMC/Pericyte","Other spots"
"Tumour 7",-0.0929400956561506,0,"Tumor cells","Tumor spots"
"Tumour 7",0.045586378917527,0,"Tumor cells","Tumor spots"
"Tumour 7",0.143623523802045,0,"Tumor cells","Tumor spots"
"Tumour 7",0.149640033208281,1.33581215658657,"Tumor cells","Tumor spots"
"Tumour 7",-0.150223528755588,0,"Tumor cells","Tumor spots"
"Tumour 7",0.0288165244995845,0,"vSMC/Pericyte","Other spots"
"Tumour 7",-0.0797136855368365,0.517253908650639,"Tumor cells","Tumor spots"
"Tumour 7",0.0830277359551201,0.931464973908336,"Tumor cells","Tumor spots"
"Tumour 7",0.0886847313787754,0,"vSMC/Pericyte","Other spots"
"Tumour 7",0.0192646738695997,0,"Tumor cells","Tumor spots"
"Tumour 7",-0.22206981535415,0,"vSMC/Pericyte","Other spots"
"Tumour 7",-0.014022625592769,0,"vSMC/Pericyte","Other spots"
"Tumour 7",0.154396483337459,0,"vSMC/Pericyte","Other spots"
"Tumour 7",-0.0247036362640783,0.545535091027258,"Tumor cells","Tumor spots"
"Tumour 7",-0.0612328130840408,0.44102077939789,"Tumor cells","Tumor spots"
"Tumour 7",-0.160846075863562,0,"vSMC/Pericyte","Other spots"
"Tumour 7",0.168541177325595,0,"Tumor cells","Tumor spots"
"Tumour 7",0.13706996308665,0,"Tumor cells","Tumor spots"
"Tumour 7",0.124429490946916,0,"Tumor cells","Tumor spots"
"Tumour 7",0.329500295464286,0,"vSMC/Pericyte","Other spots"
"Tumour 7",-0.255899761393019,0,"Tumor cells","Tumor spots"
"Tumour 7",0.082103733602377,0,"vSMC/Pericyte","Other spots"
"Tumour 7",0.099885102709058,0,"vSMC/Pericyte","Other spots"
"Tumour 7",-0.109708265053772,0,"Tumor cells","Tumor spots"
"Tumour 7",-0.0900373771872498,0,"vSMC/Pericyte","Other spots"
"Tumour 7",-0.0505950617443769,0,"vSMC/Pericyte","Other spots"
"Tumour 7",0.0557363061687293,0,"vSMC/Pericyte","Other spots"
"Tumour 7",-0.148083763117176,0,"Tumor cells","Tumor spots"
"Tumour 7",-0.0454726064990629,0,"Tumor cells","Tumor spots"
"Tumour 7",0.0301048642016178,0,"Tumor cells","Tumor spots"
"Tumour 7",0.0776260082988204,0.540608566495833,"Tumor cells","Tumor spots"
"Tumour 7",0.0336865894404774,0,"vSMC/Pericyte","Other spots"
"Tumour 7",-0.119056596124948,0,"vSMC/Pericyte","Other spots"
"Tumour 7",-0.200470650737031,0,"vSMC/Pericyte","Other spots"
"Tumour 7",-0.0014156862846415,1.56766265350462,"Tumor cells","Tumor spots"
"Tumour 7",0.217726273138893,0,"vSMC/Pericyte","Other spots"
"Tumour 7",-0.0788114533609732,0,"vSMC/Pericyte","Other spots"
"Tumour 7",0.0318589398121796,0,"vSMC/Pericyte","Other spots"
"Tumour 7",-0.0448603940109875,0,"vSMC/Pericyte","Other spots"
"Tumour 7",-0.0183248647064338,0,"vSMC/Pericyte","Other spots"
"Tumour 7",0.00427594281794513,0.455989720747,"Tumor cells","Tumor spots"
"Tumour 7",-0.145469552418755,0,"vSMC/Pericyte","Other spots"
"Tumour 7",-0.0626952415417201,0,"Tumor cells","Tumor spots"
"Tumour 7",0.0958775962476539,0,"vSMC/Pericyte","Other spots"
"Tumour 7",0.116358438335252,0,"vSMC/Pericyte","Other spots"
"Tumour 7",-0.0725019307843915,1.2793375838363,"Tumor cells","Tumor spots"
"Tumour 7",-0.103520899093825,0,"vSMC/Pericyte","Other spots"
"Tumour 7",-0.101340359210617,0,"Tumor cells","Tumor spots"
"Tumour 7",0.0676595587354649,0.519976830843164,"Tumor cells","Tumor spots"
"Tumour 7",-0.0676082027694579,0,"Tumor cells","Tumor spots"
"Tumour 7",-0.137971790034257,1.24083861221424,"Tumor cells","Tumor spots"
"Tumour 7",-0.201403123365246,0.903756572271626,"Tumor cells","Tumor spots"
"Tumour 7",0.0310111124182302,0,"Tumor cells","Tumor spots"
"Tumour 7",-0.000543266031992617,0,"Tumor cells","Tumor spots"
"Tumour 7",0.252535967575872,0,"vSMC/Pericyte","Other spots"
"Tumour 7",-0.0129180454859477,0.797019509944261,"Tumor cells","Tumor spots"
"Tumour 7",-0.0578202346661781,0.568379418037208,"vSMC/Pericyte","Other spots"
"Tumour 7",0.0204437395812854,0,"Tumor cells","Tumor spots"
"Tumour 7",-0.050924681336521,0,"vSMC/Pericyte","Other spots"
"Tumour 7",0.214705138129199,0.679578850143391,"vSMC/Pericyte","Other spots"
"Tumour 7",-0.149994185004062,0,"Tumor cells","Tumor spots"
"Tumour 7",0.0206838684289193,0.424222473756228,"vSMC/Pericyte","Other spots"
"Tumour 7",-0.017038978394545,0,"vSMC/Pericyte","Other spots"
"Tumour 7",0.0202680681455654,0,"Macrophages","Other spots"
"Tumour 7",-0.0342041681266119,0.891950828852708,"vSMC/Pericyte","Other spots"
"Tumour 7",-0.024203083109592,0,"vSMC/Pericyte","Other spots"
"Tumour 7",0.139075090036855,0,"Tumor cells","Tumor spots"
"Tumour 7",0.051657541208455,0,"vSMC/Pericyte","Other spots"
"Tumour 7",0.101585462771644,0.510133250495894,"Tumor cells","Tumor spots"
"Tumour 7",-0.200461903801967,0,"vSMC/Pericyte","Other spots"
"Tumour 7",-0.0583402369625823,0,"Tumor cells","Tumor spots"
"Tumour 7",0.0353870148052798,0.736273373652013,"vSMC/Pericyte","Other spots"
"Tumour 7",0.0220540081679554,0.489752046975462,"Tumor cells","Tumor spots"
"Tumour 7",0.0627212453045364,0.605379202187472,"vSMC/Pericyte","Other spots"
"Tumour 7",0.11388469549441,0.555796288976034,"vSMC/Pericyte","Other spots"
"Tumour 7",-0.0891479607818282,0.795682697992017,"Tumor cells","Tumor spots"
"Tumour 7",0.0300641420414505,1.03615058632535,"Tumor cells","Tumor spots"
