"Activated CD8 T cell","Activated CD4 T cell","Effector memory CD8 T cell","Central memory CD8 T cell","Activated dendritic cell","Regulatory T cell","T follicular helper cell","Type 1 T helper cell","Type 2 T helper cell","Type 17 T helper cell","NK cell","CD56bright NK cell","CD56dim NK cell","NKT cell","MDSC","Monocyte","Macrophage","M1 macrophage","M2 macrophage","Neutrophil","Eosinophil","Mast cell","B cell","Memory B cell","Plasma cell","Immature dendritic cell","Plasmacytoid dendritic cell","Gamma delta T cell","patientId","group"
0.187373484254376,0.0812999173477574,0.165640908466252,0.0539522807483325,0.159130713783005,-0.176109578525337,-0.108464096908899,-0.0918881809159181,-0.28154253017419,-0.0950581981821588,0.21772076696575,0.00328301910907454,0.167302619277053,0.248995073545817,0.0526169612129321,0.401133197595222,0.436662827109864,0.0640588712072769,0.121168191438002,-0.0310627688548675,-0.33364507278836,0.180458654856491,-0.00193231118348169,-0.211504236438148,0.408087939354122,0.142614481961356,0.203805669383845,0.312922468478635,"TCGA-3Z-A93Z","High"
0.166507419092237,0.13366051147624,0.167434579162406,0.0628926578837061,0.214809165566669,-0.201164363746436,-0.0548189471480778,-0.148460078093202,-0.387117591117384,-0.126450005801397,0.145685188306158,0.0920795369430894,0.143273659258334,0.234292084261299,-0.011718741856188,0.354123855355087,0.459175644780882,0.109373550893992,0.149053819250934,-0.107844695527163,-0.372426235478851,0.270703911967848,0.0590034744969769,-0.148337648081822,0.470022851846526,0.202291303511518,0.0633623236617987,0.268100645794801,"TCGA-6D-AA2E","High"
0.159373626297572,0.128486072058359,0.144367714264641,0.244696364118865,0.200101412109743,-0.15546413242673,-0.104353964095466,-0.153323628083302,-0.352770431204465,0.0348635665516154,0.197594007353468,0.102824487203034,0.234806398798599,0.245255160227695,0.13682291930575,0.365097972114993,0.444138514982182,0.0786932385857621,0.124702784621151,0.0899085289237942,-0.344585541907994,-0.0573621570281546,-0.192496412047531,-0.21370260575425,0.32592365092544,0.238102261682926,0.127840999567073,0.273549677369349,"TCGA-A3-3306","Low"
0.237717449363591,0.144603369196551,0.253634725468004,0.14423960645777,0.190484936020929,-0.185332137559965,-0.083621404012735,-0.111378066224369,-0.305251962730581,-0.155842510702795,0.115407585542501,-0.0140136427888599,0.0920487277234863,0.261562655973013,0.165707931028023,0.423629745549044,0.508850854079336,0.12997701167102,0.205877596271559,0.124944369206718,-0.238004023420854,0.113160015296551,-0.259725515999994,-0.223507384429745,0.286093778687451,0.100311691145764,0.178339811202877,0.323816433371316,"TCGA-A3-3307","Low"
0.122497020363674,0.121879639249236,0.112787490676007,0.167664288090431,0.251654361002583,-0.0638529488406723,-0.14692854390515,-0.0935987325651664,-0.387816529421619,-0.017829185273137,0.103515521971096,0.0284360912448119,0.165499777832479,0.150117144565468,0.052807604629432,0.392742759217721,0.490647818893717,0.118221662570494,0.187727871866693,-0.0241437892223591,-0.226561755230235,0.172586442208548,-0.191286825929808,-0.268918230975703,0.356532384273186,0.140323599531876,0.201607262715919,0.201316056649494,"TCGA-A3-3308","High"
0.194694896828704,0.154993965983747,0.292186859237346,0.150139251888418,0.185304301754711,-0.133118563748274,-0.0843304961377395,-0.100398717834348,-0.367005144505164,-0.109933081633245,-0.0112085315959323,0.0268621054740139,0.00743169729513789,0.239680551016934,0.130571635747356,0.406787181111362,0.490704221155382,0.143235307125812,0.19207237965053,0.0456158237421333,-0.25955027187469,0.0968537062145075,-0.103908295041345,-0.19487228834031,0.412544285930093,0.0813621926482895,0.18299547110928,0.290843233540666,"TCGA-A3-3311","Low"
0.0290997651883088,0.0762383939239211,-0.0365372241294317,0.0793840521668554,0.302631328976703,-0.157517099751651,-0.158893303791599,-0.084061725330131,-0.342012122188649,-0.090068020126628,0.126818863586344,-0.0120450167356059,0.156873162533349,0.0832243403490559,0.208785141791619,0.421223259253724,0.490704221155382,0.192933286262753,0.202661647255403,0.115213899901898,-0.282987563148781,0.210888887458448,-0.129931842280413,-0.28278548726276,0.381852389516923,0.153102058952462,0.155396230377439,0.184310040616791,"TCGA-A3-3313","High"
0.0781599041352414,0.119529362375817,0.0905607352914183,0.0691802744099922,0.246862852376335,-0.110632133888151,-0.123635713658176,-0.147388832076531,-0.374435404272485,-0.00439702868678595,0.0888007170757007,0.0692986615189538,0.162867279451864,0.105231744331028,0.286057852553533,0.434953056552911,0.493170554168776,0.172345072096175,0.218774986678876,0.14705866539118,-0.235755592048027,0.132375972202772,-0.256822925389332,-0.285508690163904,0.302036133091923,0.123097190345455,0.163898383253247,0.117501416034031,"TCGA-A3-3316","Low"
0.191026476297608,0.115693190756448,0.210450239209403,0.23507652741394,0.258308265069705,-0.164563294325978,-0.0748254083030298,-0.098537365099461,-0.360980432601314,-0.00703779638605803,0.141097860640069,0.043436701472235,0.144928514412698,0.256934261354708,-0.029896652787332,0.314035573511279,0.49757386274528,0.0779535305513072,0.211454348329363,-0.141829861338598,-0.3059482827393,0.127398819528379,-0.182751463241454,-0.132558973896943,0.333597521961318,0.157315329875592,0.151844271116578,0.340538637317821,"TCGA-A3-3317","High"
0.185778021496633,0.164806253120045,0.218704453087157,0.150946478934134,0.239084782649744,-0.112147415660497,-0.0603614458458013,0.0113412669234203,-0.294042235782922,-0.129124916174002,0.0747422278734101,0.0286846281795068,0.0954282353280654,0.228706277690899,0.268641523205789,0.424419766961456,0.440580153662792,0.110732200599969,0.139172637583994,0.108679780255332,-0.269702308894574,-0.166588188189574,-0.193537419358545,-0.259358420376829,0.405703222797813,0.0773381701050083,0.0930689429237215,0.279439387953866,"TCGA-A3-3319","High"
0.128639264516997,0.108771356849216,0.148082645592471,0.160639024864935,0.211389589428348,-0.141639827493128,-0.100391282252796,-0.133258694140131,-0.345738616783695,-0.0665261700594503,0.0502865863814579,-0.0518317344458327,0.0510625107331426,0.168089754149093,0.19432647444999,0.413683512914794,0.48346237060336,0.157412969804645,0.209607938357793,0.14020766314862,-0.302693097962044,0.312132204730916,-0.239676426950784,-0.259995892233131,0.317666704049645,0.114977425640119,0.0916319466522829,0.218481875723513,"TCGA-A3-3320","Low"
0.0546061975950417,0.112700623324437,0.0455993689476459,0.0944369150575356,0.219216826980942,-0.102698798964283,-0.141363189493621,-0.151084699883101,-0.350322285163916,-0.0316552122445027,0.0747620938223377,-0.020306831853458,0.114909037766995,0.111547773349577,0.132175848896359,0.427810665348396,0.506523865048098,0.187747175535721,0.236336158778484,0.105650574482644,-0.267547510842879,0.23785154505753,-0.274778509025415,-0.3315997723546,0.300385077548169,0.238331925082433,0.19891860098698,0.145185610557214,"TCGA-A3-3322","High"
0.163014610900831,0.146937524358509,0.191856701418093,0.163819305310173,0.185651895198238,-0.0281128940893708,-0.0727243770233724,-0.0644132725375293,-0.358686928718251,0.0229797277428207,0.143349086392117,0.0456595438695201,0.145949893268361,0.228790513215701,0.0973576797158569,0.324510697538937,0.49677532096792,0.0235476782078272,0.197269465934051,-0.0529819553066019,-0.18572084566454,0.140718483677459,-0.244198618435384,-0.2380250239975,0.245865291133107,0.0648487704631904,0.175640351216237,0.296086033040181,"TCGA-A3-3323","Low"
0.240686846576719,0.159800488978047,0.297658808567116,0.140872559413333,0.20857850290146,-0.167645979909185,-0.077046243139076,-0.0610702451070595,-0.300554617573375,-0.0207685100734419,0.0642189766175566,-0.0382806522972954,0.0646862842254318,0.298525681853394,0.0613570004905487,0.402783873669621,0.474501171439738,0.0967949578341493,0.181964678664928,0.0101525560126207,-0.286651690914801,0.198840556752193,-0.291750869505139,-0.189693392048597,0.316297021339781,0.151799286055531,0.109592056642409,0.368570143994424,"TCGA-A3-3324","High"
0.0539298032417615,0.134001922129857,0.030444625731913,0.17087842865941,0.219907900213223,-0.107411288432658,-0.152401022128541,-0.137678978592014,-0.317148731136151,-0.0378592809794986,-0.0524453433757578,-0.122809160936425,0.0852701620117085,0.200472509715013,0.113033749033301,0.416503442981131,0.495487152092906,0.0958279463267293,0.200658667989184,0.0381763358668009,-0.299771736118213,0.287987788109063,-0.138796079788549,-0.297419636030809,0.359042067910656,0.337124911478847,0.158042996932308,0.197578722417816,"TCGA-A3-3325","High"
0.097428959829516,0.108097085514561,0.110685228742152,0.205932401031157,0.261283179473907,-0.125971853703926,-0.124394948102188,-0.165977230501617,-0.370221464799896,-0.0781716720635062,0.0153276147418495,-0.0986936676541881,0.0279467551443313,0.161060427322363,0.0208687454620411,0.346050883247803,0.446562642248593,0.0785470567617105,0.1260751600514,-0.028715979251592,-0.284789719378353,0.32443789912359,-0.151225747799855,-0.199891373215579,0.412612954686245,0.255782645703146,0.131016662433097,0.291155807428664,"TCGA-A3-3326","Low"
0.198038448775474,0.148714117952653,0.201867377785954,0.130777876884335,0.203901219346861,-0.149685398995471,-0.112327830262799,-0.0878764113671624,-0.324115562551562,-0.112228344158738,0.0777695618591075,-0.041072154585317,0.0536083325780847,0.212914299847457,0.172347104879767,0.438151039889525,0.506547703759519,0.16549024373212,0.231971584435044,0.123647046728347,-0.234002913114353,0.0787901732230088,-0.259197716680766,-0.257200760444477,0.30142383447839,0.117564504205552,0.142596407192829,0.273761728463967,"TCGA-A3-3331","Low"
0.0798973127704185,0.175944766014897,0.0939176520108844,0.235768132576711,0.237542146054056,-0.0553950049503106,-0.0749686108092341,-0.186054868731573,-0.326815338654443,-0.0971284384298421,0.0397948341700006,0.0989895285289444,0.196801185847265,0.232545519884433,0.277941108628735,0.415194022348399,0.41613729193449,0.0699975233086027,0.114010872524734,0.175085762539228,-0.343872973938263,0.0976084022748139,-0.0372956893285981,-0.0698375737127056,0.288415005899404,0.124137361801852,0.128419514832165,0.215959768908321,"TCGA-A3-3335","High"
0.183237189407415,0.147738379722161,0.149190777145885,0.159021539378472,0.236478865480046,-0.136729791664576,-0.117835539944451,-0.0740020933729023,-0.330172933233461,-0.0294152166599561,0.144568866352203,-0.0776476941863817,0.138199533884516,0.210780786100594,0.0641413651539669,0.39465642274043,0.459394671049802,0.0245272927237786,0.132602166137015,0.037836305995564,-0.285373592707413,0.0934377663424312,-0.201632852360431,-0.253280770246501,0.355295803318284,0.244989937886439,0.157239884578112,0.295879320040389,"TCGA-A3-3343","Low"
0.225612184606547,0.151031275862092,0.189965170069108,0.146045708745807,0.193220842140051,-0.0196771772791833,-0.0339678609970294,-0.0695462322994232,-0.348463013912243,-0.0681196785890083,0.23550233216566,0.104638372453971,0.23433917178551,0.2147921116938,0.356643921719238,0.452794076884726,0.482736278024779,0.092054075326062,0.215878420275705,0.205285282535805,-0.318842781826916,-0.052246219427836,-0.31912483847623,-0.237646981794474,0.258772811776196,0.0811791062784952,0.0136814158383879,0.312922468478635,"TCGA-A3-3346","High"
0.159244637993723,0.143934654833157,0.220297344177089,0.22947245181892,0.247257234895655,-0.0986854262312293,-0.0941088010625756,-0.0963074568491817,-0.343851041036301,-0.212577061102422,0.0559001186425363,0.034242560767793,0.0594968723519703,0.202570103496722,0.146928653758473,0.385129258894938,0.515967462959268,0.0956745336911987,0.216036862633973,-0.0216280063803494,-0.293094442950682,0.0795189246227517,-0.0473284439354612,-0.10909632391718,0.396462710750486,0.152007257969621,0.0720212903901388,0.279685428004777,"TCGA-A3-3347","High"
0.140068807197752,0.096459590001688,0.0966724398569856,0.109276032382146,0.155292439008038,-0.151667448026023,-0.174414276870683,-0.0928612667990945,-0.387476090094803,-0.104901810316534,0.18483835417305,-0.081780469583351,0.134208778139897,0.235319613314706,0.175548920829284,0.446883617638717,0.511076083118569,0.078151984577874,0.234367357773118,0.0958731352405854,-0.297154065871865,0.375418243847419,-0.143362885350852,-0.317384540661573,0.284195327884124,0.127303027234899,0.162712499657267,0.290843233540666,"TCGA-A3-3349","Low"
0.274166994068586,0.196626554584862,0.314410827448872,0.175707928818344,0.23442909229938,-0.0570333999130616,0.00597653282764133,-0.0772916564045682,-0.23997168186568,-0.0696221909710218,0.0034985203709238,-0.0292244865062729,0.00533787550660988,0.295448650689778,0.00628955042476264,0.340878251253792,0.441152972778553,0.115649564235372,0.144781614987363,-0.052137450558955,-0.211291755020104,0.180012183976598,-0.284157707598324,-0.148524402898326,0.188257181775671,0.137041938193839,0.119757642567344,0.379639176292683,"TCGA-A3-3351","Low"
0.147666882352107,0.106913337055336,0.0924480732329814,0.197442165648165,0.21877201062967,-0.168312011266291,-0.158989976725428,-0.093002597739329,-0.280165632092869,-0.0106654643401472,0.200492859739329,-0.0439376609932884,0.191726793018937,0.2301681705478,0.0957742164516106,0.378969705590403,0.483879527185237,0.0172024741875029,0.178615002473592,0.0241024413984994,-0.297325382706814,0.166394623839815,-0.217702987617313,-0.261346644099115,0.329561131936491,0.154744931143615,0.196012038282912,0.312651913224756,"TCGA-A3-3352","Low"
0.232127652579725,0.17158267296934,0.308346483400314,0.0912586079660531,0.215585281346619,-0.0791983446622454,-0.0322789294177225,-0.0927270454483036,-0.320304362182732,0.0624654664196894,0.024350793385184,0.0118631764620199,0.0500036248269018,0.278298395576349,0.129002904113247,0.352448817052272,0.489618482877688,0.115261353216158,0.231111417926566,0.085603663513334,-0.231483567448603,-0.0283790392238096,-0.262574977440888,-0.169671977767272,0.282140797122034,0.0693725580299295,0.171818254187675,0.324083686081688,"TCGA-A3-3357","Low"
0.211479240822575,0.15044608287452,0.241617196770777,0.135159044217375,0.161321850871434,-0.121945044807868,-0.122181839876961,-0.193426157287716,-0.355120706182008,-0.00921879850370435,0.0311591098663129,-0.0651776514753533,0.0387751169065441,0.25945609124975,0.112938730669265,0.433058326342916,0.500095940424322,0.0300561087325909,0.220103944875371,0.0129485998400501,-0.294205814517892,0.20096433838357,-0.0144141801065429,-0.109725424143335,0.426094081081252,0.195667888935512,0.0503986246108186,0.290843233540666,"TCGA-A3-3358","High"
0.25896418575718,0.162873929101669,0.293395228425153,0.145119652388666,0.188655566747484,-0.120412743816522,-0.0161261071785397,-0.094768295738572,-0.308321637428957,-0.0956753163717358,0.0876713146359909,-0.0537972912194343,0.0629832449406602,0.275530585478835,0.122654411439652,0.367605764269545,0.51135062283463,0.0579226589522203,0.215597619334405,0.0697788130689326,-0.335410168507725,0.203871130127509,-0.224455570580968,-0.176167231649985,0.290857425669412,0.125170397431033,0.123887572136468,0.368474609852361,"TCGA-A3-3359","Low"
0.172347878400747,0.127473196806637,0.18515365816489,0.163568210021001,0.186588117973812,-0.139633240712498,-0.122721203753498,-0.140322821733871,-0.257983726627266,-0.109001980596187,0.0652581226800433,-0.0218093118866035,0.0679644967513929,0.168675134914422,0.192458560923673,0.426815571210264,0.502034011367024,0.114095164215216,0.212582986889811,0.117288162773406,-0.312920771101973,0.276651021331555,-0.19258390637682,-0.269142824149013,0.28376419400764,0.121569041718467,0.185411782107868,0.218179158839989,"TCGA-A3-3362","Low"
0.0938833574603042,0.12341119775625,0.137116021120536,0.0836386579220582,0.2324797772371,-0.180693911378485,-0.159408023181292,-0.109904420454147,-0.333903344771598,-0.10374716782994,-0.0454350791755249,-0.10116192535275,0.0312529743339554,0.20021395881561,0.161623577855331,0.39856681505741,0.454484964684825,0.15430829606248,0.181404176235602,0.146084715713367,-0.181640879073593,0.415205720680861,-0.305807042367762,-0.297358557641111,0.296551648580973,0.188982806050335,0.144157466714891,0.191344541675069,"TCGA-A3-3363","High"
0.183810504244863,0.116523953290598,0.156275269004821,0.148627653183422,0.15990930112789,-0.170826789045595,-0.167546032736557,-0.155855004637908,-0.311993724591034,-0.126951227284103,0.245623897519899,0.141780363367186,0.250247954844221,0.240499933176646,-0.0170673205582696,0.33383035405774,0.483688178490888,0.0277605918879388,0.205375253948161,-0.148538611648758,-0.300799414708582,0.3679291077296,-0.119825016351551,-0.18209733843642,0.299377639017662,0.178544273570073,0.160774167270283,0.295879320040389,"TCGA-A3-3365","High"
0.117841578107423,0.12474236109613,0.103634121981053,0.136377990984355,0.245165888504206,-0.125152875794943,-0.11966927033126,-0.128706449525553,-0.338006201960647,-0.00820681864432146,0.0798212588952547,-0.0433741774968594,0.128069985340573,0.17590559989868,0.0634514688374982,0.380789051983975,0.504388546704209,0.0767264927081088,0.199487021838233,-0.00106762757085171,-0.280536423969817,0.268218850013703,-0.266762367870954,-0.284695695613974,0.300822703129766,0.302991404185869,0.157118461150978,0.218763552402563,"TCGA-A3-3367","Low"
0.273747651365478,0.192106644585747,0.333789811828677,0.180656321622288,0.16778912462987,-0.036567728836255,0.000456894869166052,-0.0361106256927071,-0.272849080002802,-0.151563476920752,0.0667843983065622,-0.0284548747504528,0.0592828601588801,0.29764292864284,0.0243547828585537,0.321972826908578,0.502993717928558,0.0518442390311245,0.200756970979962,-0.0231778625063404,-0.261076920294477,0.198084441444811,-0.257708436225858,-0.179802854642185,0.267173798752458,0.0913317971922466,0.0808271986847687,0.37403315031179,"TCGA-A3-3370","Low"
0.161995610340537,0.107348684763388,0.187113412556649,0.102158132407975,0.210859399600034,-0.0830126017875515,-0.0948645168640329,-0.0569575667958024,-0.342240957102595,-0.079017982598804,0.192483367038093,0.0747193843422578,0.193161788944794,0.20593716969865,0.173675399846206,0.382748593524429,0.472853367758085,0.0308811550889084,0.170189266284878,0.00642344745046698,-0.257441368111617,0.275476810522474,-0.294952669914485,-0.237984701255675,0.243860735023092,0.0882064924284046,0.167488896292718,0.268100645794801,"TCGA-A3-3372","Low"
0.131456954130147,0.0983092543979575,0.0924339163586469,0.103762126415515,0.231172430604415,-0.138558692199812,-0.148059694120389,-0.153364518845645,-0.381149625612064,-0.110018298633221,0.123637156445047,-0.0537231172821804,0.150704162830058,0.200871018449083,0.138535540297143,0.41887450328353,0.508738046654869,0.0895109833339058,0.208903219122475,0.0781444707050867,-0.293892849422096,0.329016686359885,-0.185959786611813,-0.26815118274316,0.32730962200989,0.24634132463769,0.153938441541473,0.240275831933313,"TCGA-A3-3373","Low"
0.0284551598960177,0.111912613011483,0.00989218459521003,0.22744910467046,0.345429949641082,-0.119544865404375,-0.160742902549883,-0.158485416387944,-0.287731911955823,-0.141624437483286,0.0341464142076616,-0.120886572984847,0.0451225717397317,0.131038036718041,0.205255771245889,0.421175548331589,0.493507584081516,0.159422917523,0.23480039158968,0.123514826505215,-0.129997624865036,0.293079924443726,-0.285932849593593,-0.351231301370613,0.266226041438695,0.275933195212505,0.0621113724014939,0.217725624330687,"TCGA-A3-3374","Low"
0.0938742187698986,0.0799072975856079,0.0844138817285624,0.158969815757826,0.163353504792731,-0.16389624091194,-0.146216749761194,-0.0908719679739992,-0.373886913685351,-0.104867865767374,0.0921591817992312,-0.0665599924909352,0.105165397310022,0.171374940025453,0.178778699939681,0.470154542819582,0.524658046120115,0.144809606223883,0.242974797086566,0.0905048024757486,-0.252573615165318,0.299858188384773,-0.135611005421436,-0.233478484468193,0.269779739493567,0.183485099392251,0.169030209444601,0.20663742493455,"TCGA-A3-3376","Low"
0.175219669074387,0.157772824477403,0.241044179977179,0.151036294949253,0.200575032442115,0.027257568406165,-0.0221365311446348,-0.0951478932046524,-0.360244134025104,-0.102080498634582,-0.00573780945728769,0.0106897601974907,0.00108401454780283,0.222826508598953,0.288046728577338,0.450510478967846,0.485356611036687,0.110295983916165,0.194657073680779,0.255475855119853,-0.284841084392413,-0.0905565754693563,-0.016294044808142,-0.100607857021801,0.415064232163797,0.043504161269887,-0.00695377966820526,0.307112180222919,"TCGA-A3-3378","High"
0.167922841886626,0.109990779815686,0.105879856295527,0.169162604101668,0.147120528573598,-0.119342739932551,-0.139153699934486,-0.0932364275660943,-0.353240809735303,-0.11187402112105,0.182778256073947,-0.0297088122644907,0.158075751451006,0.24551470298984,0.140084962681921,0.394098072121962,0.50220794935569,0.0138620585465839,0.199807292125855,0.0745862004282554,-0.316818873109043,0.294393574300633,-0.140944728391074,-0.265089825140982,0.330759555498172,0.147089403307927,0.171289396988137,0.284714497289471,"TCGA-A3-3380","Low"
0.21572108247438,0.179922568751457,0.230881725207249,0.186316589759843,0.171261764581858,-0.0480206828874003,-0.0424180223648558,-0.0903577495530234,-0.298855698736999,-0.0477693437855531,0.210670011811457,0.107742261349137,0.21029275946359,0.278239292220794,0.17465929759561,0.341674002178454,0.492922460858776,0.00851150845559915,0.212964886234995,-0.0194177545717648,-0.205196198585456,-0.143957047474922,-0.234474653669,-0.200292611329887,0.261317622913785,0.0501086432108656,0.172596302335187,0.318612361893957,"TCGA-A3-3382","Low"
0.234996941943279,0.120117494008382,0.22294632587507,-0.00675544457186189,0.163845127187001,-0.188520312546248,-0.098255844669466,-0.0356010941679388,-0.393115619503564,-0.070545330663034,0.150388755249273,-0.0237035106735129,0.149047835558754,0.306639937069706,0.158252993816305,0.451321555558257,0.469013593673169,0.0274918231603898,0.154689465262259,0.0452852624462721,-0.294071412015512,0.209330753800157,-0.178854815478723,-0.205194476684312,0.268391467762951,0.268159817458469,0.176292677263204,0.380111588516222,"TCGA-A3-3383","Low"
0.0469175608607294,0.0260463014174866,0.000283057942698332,0.0395175186011617,0.249097166893535,-0.0969843693386356,-0.150457300694112,-0.149288386183998,-0.361986339979219,0.00163559032176553,0.12848611127422,-0.059622967287323,0.143789433064485,0.0913948113798541,0.212769383789674,0.438934369498572,0.495092246911347,0.201730607837563,0.196515493355163,0.191333900864224,-0.268850235776274,0.297105889123036,-0.234274999337852,-0.353546439922479,0.224109606628025,0.330679729725336,0.134850502373588,0.146183134511015,"TCGA-A3-3385","Low"
0.0594288626140617,0.142534245947045,0.0603389403172755,0.140805061161294,0.230331792106509,-0.00309102966106799,-0.147976957989382,-0.150347037138233,-0.360518085705367,-0.0567184020326812,-0.0148370221521893,-0.12553688310565,0.0548365183792794,0.168619469944979,0.178761842706831,0.434557796048499,0.522527883043217,0.0972319411527728,0.21811985757491,0.069575879544354,-0.285770482964525,0.181947879975134,-0.136152966255563,-0.215979908980091,0.341690671373208,0.321386756029698,0.143374138444907,0.230458901820381,"TCGA-A3-3387","High"
0.102780825316666,0.081408110329689,0.0617077577673774,-0.0114755558501179,0.200278308060105,-0.149055812251954,-0.143661103943713,-0.0591602475819811,-0.405381537533844,-0.0801499015486549,0.184476298173884,-0.114707781746501,0.143530125768763,0.147971028972704,0.193735963107091,0.460028967387995,0.500115860876546,0.170326934207864,0.194930368356136,0.0913674010570797,-0.281931398882116,0.182840955833196,-0.180153310744557,-0.360868726900876,0.255595834812844,0.250569494308895,0.19662218593845,0.263460366042749,"TCGA-A3-A6NI","High"
0.328226643495426,0.188101091130284,0.352151757188807,0.170908740418054,0.146889474029245,-0.118740812608278,-0.00206187056051701,-0.039700254058722,-0.281738263062755,-0.135490538228534,0.158929325891606,-0.029681415375719,0.104841575471996,0.33707024995054,0.0752502545338722,0.387712323044704,0.475265414565998,0.0903495397663228,0.177222838228503,-0.020703037885083,-0.331214614318018,-0.0367429059170054,-0.147619651953122,-0.165142783710561,0.333903287760505,0.0716100716588769,0.123406850663723,0.424387805476994,"TCGA-A3-A6NJ","Low"
0.167469683054512,0.106341602790929,0.185824179368604,0.0744545809270069,0.20144190623761,-0.175943992087829,-0.108342850192916,-0.00882947550190318,-0.370648653620694,-0.120548736060513,0.16071987260918,-0.0883537220840512,0.122776478523798,0.190507125479894,0.135995550597703,0.436960026552974,0.486429872322371,0.0853542050338485,0.176500555543032,0.0569947565685048,-0.292645510875505,0.226206006115068,-0.122074424641451,-0.22520504873328,0.314226671138784,0.10900519522531,0.186074760663076,0.268100645794801,"TCGA-A3-A6NL","High"
0.179875385717834,0.121050127144697,0.145067738912151,0.0507805824501669,0.171657006669752,-0.131481260505241,-0.121117849485201,-0.0311770979526337,-0.335049237842671,-0.0766860819618593,0.325016286738152,0.0276054809605366,0.275236842487801,0.256673854388626,0.0931410549172383,0.416368124172444,0.491394346779503,0.0482420737297584,0.174824383666037,0.00516451021189433,-0.261918722595252,0.2163272198949,-0.235283585880283,-0.327917150542274,0.199495821095137,0.167211334956099,0.183677079456863,0.307725084259421,"TCGA-A3-A6NN","Low"
0.0899554479362102,0.0675523570654211,0.0886255918492258,0.13378288538003,0.23763005533193,-0.126065581783486,-0.133163285748337,-0.0580297851132001,-0.371832550700584,-0.116740572311058,0.100138774028996,-0.138041551367987,0.0732459269255067,0.172498663617985,0.0796875203005872,0.360528276799197,0.486165876906311,0.13068642478141,0.189657287217843,-0.0638399076000152,-0.316745728114036,0.326078522804888,-0.213757667985821,-0.317396292819353,0.302050781939726,0.247619523328145,0.200447325615748,0.251220046471446,"TCGA-A3-A8CQ","Low"
0.193519680123689,0.0990466215783588,0.160068271168908,-0.0426830021008632,0.187770826701027,-0.140673532564167,-0.147170802234619,0.0205395642810012,-0.383055156679087,-0.0772019527391132,0.247103385619804,0.035176817378147,0.230592118785467,0.215474017975038,0.179472869679745,0.459499376555394,0.463847076075004,0.151240122483603,0.168782185242029,0.13728913316558,-0.340848775619076,0.10947792494777,-0.202506345255298,-0.326252548878478,0.233222058067819,0.149410982244442,0.162446774880943,0.243379981295683,"TCGA-A3-A8OV","High"
0.239787484716779,0.13082212553661,0.294165321556002,0.123827333917811,0.127730829518648,-0.168541028389033,0.00289104030705923,-0.0577389598804965,-0.300680960498717,-0.0954283018937446,0.0788102160003362,-0.08562599677688,0.039539100565195,0.289536765092404,0.127827661311348,0.357300537784429,0.430450693072893,0.0506706694235306,0.124235448247115,0.0276350167001213,-0.320969964740974,0.312960614570824,-0.16935238329387,-0.176522175273263,0.308843817109325,0.0915418830804061,0.233552148726359,0.368570143994424,"TCGA-A3-A8OW","Low"
0.388815405398658,0.195142214062528,0.375867073360473,0.179923615314914,0.185790964013742,-0.0441253028696268,0.00711898891604495,0.00908356490111295,-0.371072303021931,-0.277680794514013,0.276343024780524,0.129025795933637,0.241181141404255,0.405645335504308,0.0526622110400801,0.378299587988382,0.392234652548361,-0.0177057582284676,0.0681711932105384,-0.0131076014042355,-0.247772669396739,-0.100043081992517,-0.171926864955833,-0.102498761347727,0.256417545140638,0.122047108248757,0.0649151735693209,0.480206196514791,"TCGA-AK-3426","High"
0.125712835141267,0.0735826287715894,0.0251961843377799,0.0432821648499099,0.296427467949982,-0.216392658000998,-0.103090555794926,-0.193456196626934,-0.229038524296115,-0.0455923066049384,0.23746295771659,0.0643431157302902,0.189744505045984,0.0990417934174376,0.162792395718985,0.384265120394436,0.390056856312497,0.134298110961634,0.152982998034439,0.0624021200324466,-0.315417690748912,-0.0725937608594335,-0.0144422349537083,-0.209121945502538,0.313196704193539,0.215316947220412,0.211340279796278,0.178668183951172,"TCGA-AK-3427","High"
0.143692821599277,0.0583316969837738,0.0936585021920995,0.108874884542669,0.246708438835882,-0.0890366810050415,-0.101264633782452,-0.222530989081455,-0.197369184183108,-0.157892258198658,0.0333836172842262,-0.00760452372715462,0.116511298567492,0.162561916573775,0.341567364953323,0.52011537092255,0.447262947697455,0.123700704437229,0.211479326880764,0.261131730947393,-0.31846033705517,0.133739128206813,-0.171630979541142,-0.328395247608146,0.368336636434491,0.143595996578154,0.174683763083852,0.16361034034385,"TCGA-AK-3428","Low"
0.371091166077942,0.186415813063023,0.42596508303925,0.198050610272884,0.158474051384866,-0.15637786359549,-0.0491111576409698,-0.0200130723314583,-0.355051844445275,-0.181944529336311,0.150491888935647,0.0799694362880456,0.122095932536102,0.376171589655231,-0.0375555122382854,0.331510056386848,0.360768813742808,0.0478774211128552,0.0585834805667404,-0.150475299630092,-0.330378322120108,0.11638589910183,-0.129649199189312,-0.0768261527591428,0.344102194182304,0.0998560147338255,0.0864052167548512,0.441081438479601,"TCGA-AK-3429","High"
0.171587996782789,0.125681580334426,0.0897826504124206,0.172499704280683,0.101939110330794,-0.126153782058425,-0.128840641374474,-0.193391127759791,-0.195442305008239,-0.137734569418018,0.251076467433618,0.0469850209380626,0.262885896885969,0.265388339562515,0.23055071783394,0.497707094068246,0.453321586204696,0.0608790919885058,0.163899262255713,0.0970111662305065,-0.260999584453554,0.217082820575125,-0.185531774073375,-0.341320574690864,0.225393110195341,0.092367019513525,0.198027186560971,0.30176134386761,"TCGA-AK-3431","High"
0.15256067403416,0.153704899044849,0.152712637560508,0.178448899465274,0.228377931658443,0.0432466177204375,-0.0917519529480862,-0.184587755985984,-0.132751797886516,-0.107752222499058,0.200079241107856,0.0845142524537041,0.155168214284651,0.165704820209385,0.00740776934379892,0.322300421312835,0.403236399910995,0.0956275086140354,0.112928277346737,-0.0347192118560462,-0.283915829893161,0.00450458049873748,-0.189196640640916,-0.226920563638325,0.332317738118723,0.069276029378637,0.192248056574581,0.179632605046023,"TCGA-AK-3433","High"
0.294994203338954,0.167040995410543,0.281213232671535,0.0801630637494511,0.102936167313623,-0.161535284846321,-0.0720644613267254,-0.0492026220599415,-0.221143872822407,-0.158310199868541,0.274748962209919,0.1212711015937,0.263813115763264,0.362671181187843,-0.0392664324275466,0.284440166310415,0.431094571834184,0.0332602354420607,0.124812334954244,-0.123261955662925,-0.255791877282756,0.121237549719418,-0.19521220932348,-0.183493095269789,0.279555737147426,0.0474689352829672,0.246927688402388,0.413224210922714,"TCGA-AK-3434","High"
0.182905547974,0.126955735763087,0.205627014081193,0.125631085446008,0.101789205638731,-0.11367857465324,-0.0967602330637291,-0.0844224131547036,-0.369283450625532,-0.0325218214780563,0.207798675232647,0.140314670028241,0.230807713567479,0.330629089411851,0.121579039836319,0.34309851827529,0.342639544844614,-0.0577612133672484,0.0490327765777324,-0.0572828162691528,-0.251558227586062,0.255682202029568,-0.141414867671262,-0.252157331913396,0.361099348862456,0.0483234895527384,0.213497377043344,0.324618789205271,"TCGA-AK-3436","High"
0.130389140814927,0.131972420345086,0.0308600949255703,0.155784432340088,0.374923708655242,-0.0833121801892665,-0.0201289229518048,-0.130547778078403,-0.236686454622775,-0.0998036802492483,0.158061197159311,-0.152313798914463,0.124554347757458,0.0949704967617959,0.161340559066085,0.371780130259261,0.387381141034249,0.202878533734507,0.149270524263668,0.0556086403044301,-0.292082223303017,-0.139416525625188,-0.184989439651742,-0.274477191143142,0.319155973235752,0.141530660169071,0.240283313787748,0.0682802935919255,"TCGA-AK-3440","Low"
0.0718423670837407,0.0525093186333877,0.0314871079881479,0.2576500292531,0.250752009255974,0.0202549651139626,-0.156501695050242,-0.0730195149012988,-0.200447991849715,-0.0187044513206964,0.0746094241798836,-0.130194911998703,0.0209385000274559,0.0906734502012736,0.195083390564481,0.373762358678243,0.414447644536122,0.132994798868233,0.165207512126023,0.135713565429976,-0.224119898350146,0.0325530912332742,-0.152015695996136,-0.20588739353485,0.193532357197203,0.0836940979053121,0.276606866517169,0.117362215839203,"TCGA-AK-3443","Low"
0.293132609121539,0.165308115081776,0.284157796634617,0.131269130158038,0.147299344017998,-0.186306560256072,-0.0757183775262632,-0.070809621499608,-0.325426701878899,-0.10311058541021,0.163485041785568,0.00640200775281215,0.145814687257136,0.344988302090178,0.145201512602314,0.391460189712514,0.415458968192748,0.0363104431393505,0.114531475766255,0.0408195944195844,-0.402066838951866,0.216646132349423,-0.169856064831168,-0.197374771592202,0.347574857726321,0.0790464343536405,0.113044509818698,0.396424719738695,"TCGA-AK-3444","Low"
0.194954772274815,0.19577387233089,0.255514031837919,0.0856040460813453,0.159015162479246,-0.08988856472895,-0.072100091446216,-0.00161124106536052,-0.296149489323771,-0.0525804165119583,0.12025298093328,0.0515084040954669,0.147609949259829,0.295990298428316,0.0742115838304307,0.322174155936984,0.469565181932847,0.030243112336751,0.148647570367237,-0.150282654980411,-0.236425033051494,0.245550768864351,-0.267166589696282,-0.223225786258333,0.284476218447616,0.0642033317348638,0.12751295971941,0.352352118272893,"TCGA-AK-3445","High"
0.251916996747036,0.14259574494664,0.125475732207182,0.135733806780424,0.180864967600006,-0.197838948249864,-0.158205513446435,-0.199797341423691,-0.144380302176638,-0.117160179266045,0.264975232838281,-0.00853215636041982,0.264708161015388,0.278267614340234,0.316702707159624,0.400616231980607,0.399270610643005,-0.0142815655937352,0.167996905588302,0.201958553178406,-0.235651730618948,0.0354867264649315,-0.0916072297808738,-0.27281399472698,0.317187888118837,0.0281294329747276,0.110767470131156,0.28248158956503,"TCGA-AK-3447","Low"
0.254158724938688,0.144829182636368,0.209715427143524,0.127182274961374,0.181504169223858,-0.17947137536248,-0.0854043418488627,-0.115000655841922,-0.346056252463368,-0.0859698612847331,0.061525764424073,-0.0651833675875556,0.0966923290367012,0.281329128024609,0.148068335799119,0.444141222769162,0.441653940735786,0.0225402147773229,0.148541446351088,0.0703861526016903,-0.265998507261641,0.042470531935509,-0.0355433264515617,-0.191011902994835,0.413078748453456,0.145485384848175,0.209054527677309,0.318410610761873,"TCGA-AK-3450","Low"
0.293694798328335,0.172513991417849,0.29610804660376,0.135730059623243,0.182213904680201,-0.261020423286824,-0.156237626467096,-0.166873676418164,-0.417131652394208,-0.072575116896284,0.06749572994468,0.046010861841035,0.0485905679114685,0.340302847478368,0.196350363260847,0.488040434610785,0.439790387309312,0.0200569593591908,0.13413608222993,0.097936695562527,-0.370341391722757,0.153073984038289,-0.13887760601086,-0.172207833448134,0.327164473813686,0.335770434320493,0.13602504271985,0.323916629831909,"TCGA-AK-3451","High"
0.03341370102607,0.101236048290424,-0.0163184268670145,0.0956076075472903,0.263088588954661,-0.121266983230791,-0.188660920305353,-0.18759499167614,-0.150587645118335,-0.117427920233834,-0.0853905328492013,-0.122292756976785,-0.0331594095672959,0.0396107213959695,0.122272241679029,0.325218641730676,0.472658701899271,0.216313177864519,0.228643730865296,-0.0587463177336389,-0.277650813358266,0.398645707477687,-0.0413864357226949,-0.199576778814304,0.384917572901157,0.206229605720918,0.100928872554364,0.0838388417975959,"TCGA-AK-3453","High"
0.221389083919059,0.110416673782859,0.115551049339946,0.143688318114648,0.16238370056403,-0.185803121775887,-0.105714953478787,-0.0544724141522331,-0.343414482252162,-0.102054426616123,0.277303193785035,-0.0869222360888363,0.202203059982779,0.252272004388707,0.24559668967538,0.445371531613407,0.427163513646911,0.0912861304570384,0.143032861945184,0.158340928118218,-0.364409265616464,0.191190278334941,-0.225682878959439,-0.332002892665583,0.289445943019145,0.0549143034579149,0.156390132699346,0.319622833620492,"TCGA-AK-3454","Low"
0.42705478991498,0.228433286949201,0.455370742656735,0.127031441715651,0.0319848936276203,-0.0994627234804594,0.0436860077264783,0.0446040939889163,-0.266557714753619,-0.098919970132215,0.250278544108636,0.0299367165310567,0.131164915875724,0.425889210209567,0.0420766290530193,0.256920688775009,0.258002001699248,-0.0667043463178499,0.0905244284371176,-0.0449102190593089,-0.397298007368293,-0.110699306309559,-0.0132848783946161,-0.0916438408058271,0.46925324235629,0.0200954250959846,0.035627888432365,0.491285255791837,"TCGA-AK-3455","Low"
0.0689007517379184,0.0733770448176407,0.0300090845492386,0.142744491659179,0.294477878563515,-0.165774192717592,-0.140464346421979,-0.208476253586474,-0.387726311292721,-0.0790694557594229,0.102973031757195,0.0289671160788623,0.148545785647935,0.155683488135914,0.195865458752513,0.439175502229569,0.471832415422649,0.116012319803685,0.180745174439596,0.162065009476789,-0.203549950775488,-0.0488050478040996,-0.0866953412253212,-0.206984911204538,0.386325724296403,0.339338170245002,0.192479812772997,0.223336158764486,"TCGA-AK-3456","Low"
0.313126090731038,0.154468632921056,0.261001028806104,0.10142849194782,0.0890270899151134,-0.177837661562237,-0.0691562709197035,-0.161311883213127,-0.327739693118778,-0.0750065410247824,0.27297091571482,0.0952374818376002,0.249517536265915,0.339790858656375,0.091786804090772,0.397991065872307,0.37808423129514,-0.0657430940459581,0.0618347492713168,0.0419785966821514,-0.357037856590726,0.197736838340409,-0.124135293409221,-0.129205683563794,0.341983331970921,0.258311505868241,0.130919158727244,0.353066945388971,"TCGA-AK-3458","High"
0.207039698424411,0.0955142551334298,0.174010418135796,0.0818535370072566,0.116422869709258,-0.181625131261385,-0.0903812492531691,-0.0909929782185863,-0.223685877070327,-0.108057191923717,0.228409941760487,0.0353021831496784,0.234397137400475,0.258760428159724,0.0876866246705938,0.385732087979286,0.497278710676264,0.0221799084421251,0.209633832233967,0.01481295422765,-0.236710395831197,0.21709164165508,-0.172843601232407,-0.21602841864282,0.276588645546575,0.111566075215995,0.226470132900798,0.285762515291452,"TCGA-AK-3460","Low"
0.177888221107901,0.0725533544419485,0.142456513026117,0.114100521196845,0.143793235299476,-0.114880957019502,-0.0899001343537952,-0.110689850989153,-0.210160650343365,-0.176281346347603,0.230654714873041,0.0739546742636474,0.255601558438986,0.238012778831365,0.186369306989188,0.449988970748425,0.467557703303355,0.102823911276118,0.177985471533945,0.124501408318714,-0.390973048590523,0.155559773459641,-0.24324015599246,-0.235230187445288,0.289529750244972,0.178822620140688,0.148845798475878,0.295879320040389,"TCGA-AK-3461","High"
0.0147692005444667,0.0698345951553878,-0.0136515918947448,0.194765376906542,0.228367542450598,-0.0722548165398572,-0.150815046505055,-0.228131505089309,-0.173174640031563,-0.0692905892675867,0.123705721798479,-0.036950012150282,0.0656155333116332,0.0722355271676062,0.130081189457998,0.370327690644691,0.462668352173272,0.0343005700062471,0.183830062812567,0.0608807234848304,-0.384523298344203,0.331366739810774,-0.135814701320015,-0.191076312349087,0.286153622529955,0.293091796021756,0.139089833058624,0.16751425500993,"TCGA-AK-3465","Low"
0.110574314530121,0.12472619520507,0.117203525785145,0.118833262739188,0.223518642330581,-0.200736222547034,-0.159084819813476,-0.0755600094200009,-0.223309986147038,-0.132531715053303,0.0121095442389677,0.0101889343090552,0.0789592858609737,0.189631926068957,0.188676680586404,0.379527929740419,0.460744360692103,0.0518494550717567,0.333971797116146,-0.00157986164420829,-0.229271102497544,0.221110739056983,-0.195260458105254,-0.252430036610225,0.348137853881652,0.11464504810559,0.132612364121593,0.25693758609747,"TCGA-AS-3777","Low"
0.175123280476042,0.132400077836146,0.145680042230885,0.142149962793321,0.173946915170393,-0.0718169171039955,-0.0799582311339665,-0.120435078150582,-0.352024930459117,-0.0583715631946044,0.105483281067167,-0.0886899054680019,0.101959770148478,0.23964663623714,0.182059429601731,0.467746887897733,0.50664024057399,0.102400089268159,0.219882555900841,0.120720761041222,-0.29381382382401,0.167127414826577,-0.206882701274677,-0.283209305868461,0.288830783153924,0.184994399522339,0.158405355261535,0.273549677369349,"TCGA-AS-3778","Low"
0.0689933674717699,0.138031582887183,0.00464689666601762,0.0977759950241956,0.233723938199706,0.106571942776177,-0.133495062725901,-0.139475825438208,-0.152068297872147,-0.406426408361169,0.275525131990467,0.0460939473201581,0.212826681292396,0.104746227828435,0.153508639156691,0.435454958492826,0.506322383491574,0.121796882377457,0.23770147432025,-0.0134786662914814,-0.308178318182654,0.1839029712186,-0.171105308010414,-0.319432009008348,0.320641171982888,0.0551528154288136,0.0713497814814313,0.173546507176432,"TCGA-B0-4688","High"
0.265371987817543,0.193923284874446,0.242209090745459,0.157564186260498,0.252909386316625,-0.0268339216082371,-0.0559291020341093,-0.0872511329137691,-0.37743309376716,-0.233937923970865,0.0570251651187144,-0.0528787139917715,0.0898391921395362,0.244899136540516,0.334144445058718,0.446890530389119,0.489997686971838,0.120264669299361,0.210542188863086,0.178086812042953,-0.292123013210458,-0.0182822636198075,-0.184390844578572,-0.177713612440286,0.339778707592514,0.09184141948336,0.0293401794502798,0.318208973617788,"TCGA-B0-4690","High"
0.327998849110255,0.190298325958402,0.327159790015688,0.219264101949836,0.15411682427834,-0.173877511707154,-0.0601444161410345,-0.0470358734841498,-0.354733388526745,-0.178407934689861,0.198505329079587,0.111655520704188,0.120155861006299,0.377880210633736,0.0227743045504861,0.359545316659855,0.310567580041202,0.0413408509377551,-0.0324766605864927,-0.119245557173069,-0.372842766470748,-0.103362641195083,0.135096760109026,-0.0278077798666648,0.478113324206784,0.0622586321959045,0.0771887143840663,0.429857380068155,"TCGA-B0-4691","High"
0.269842804957579,0.137669978579255,0.275865947310459,0.156231168976313,0.16234158144953,-0.148972938380762,-0.091814308154785,-0.0949177878999841,-0.305534892547067,-0.0198619641638074,0.142194797776516,-0.0389147271844872,0.093212506541259,0.275456590997363,0.155266783819886,0.425084745286009,0.474724597869285,0.0661655370288945,0.181054858877749,0.0842765021299901,-0.323036257769002,0.0088135352432568,-0.0558060746755998,-0.179125614242805,0.464670019788365,0.0421523054517118,0.0937478243270733,0.346243312878594,"TCGA-B0-4693","Low"
0.261244663785467,0.152903359636864,0.295090001109715,0.146690132509752,0.175485140727791,-0.0918390793693915,-0.111537072600019,-0.0800062956364688,-0.376496285122049,-0.186483722516801,0.102134040076159,0.113682560365578,0.16173552439307,0.343418147927352,0.197075220757616,0.394563383246476,0.472190858989835,-7.23729310129666e-05,0.174214286019643,0.00817217998106289,-0.223494263926805,0.0779769620778468,-0.12250276434673,-0.164508330228548,0.426515315753903,0.0690023445678446,0.083687141833646,0.396424719738695,"TCGA-B0-4694","High"
-0.0700513178309993,0.0485847821160928,-0.00737424254315768,0.159835853917086,0.223605450060556,0.0407177723578901,0.0482144035177842,-0.151685875089319,-0.171379016194477,-0.313457073708434,0.100260578608918,0.0900168283722995,0.00165420465653084,-0.0225788740211929,0.33802331107632,0.442099606799513,0.406400264840275,0.147900323289814,0.168745314798181,0.22995263593251,-0.315821956033628,0.0257671188466728,-0.238835535244523,-0.171834160068121,0.277318882405972,0.0865035555279422,0.185030235441403,0.0615124603253311,"TCGA-B0-4696","High"
0.301775139836498,0.170127904447029,0.32716680197353,0.150753653214584,0.125913628115888,-0.0928784762165785,0.0363180537500439,0.0320870116616722,-0.28161829391658,-0.277845892987752,0.0982862351256046,0.0369242144646442,0.0917604434722891,0.351787293277627,-0.0703758908012007,0.30984051175824,0.30913672033375,-0.032136228639208,0.0288372390605912,-0.165538499245398,-0.365826042635958,-0.110187037182283,0.39003521754445,0.232921379025297,0.543094562609402,0.0530835049297649,0.0477152085118901,0.401968333850442,"TCGA-B0-4697","High"
0.411748668739891,0.25993269554201,0.372632759153576,0.130171940903987,0.159240588633977,0.0680761247147104,0.0124251512848482,0.089554983505306,-0.261356694401886,-0.435871762815842,0.224172972496338,0.00666858775504977,0.143063134483739,0.380770884186142,0.228091216946398,0.373139588472894,0.497490390501881,0.0594432024936715,0.225979850336996,0.17231428040419,-0.33064865727923,-0.255170531520952,-0.203593496363352,-0.188527044452996,0.289942106732125,0.0336710181014944,0.0144853231515685,0.480348867061758,"TCGA-B0-4698","High"
0.32347172848286,0.233079363545574,0.345400137271305,0.124590918065366,0.214932882675735,-0.00136960173468305,0.0111043484706405,-0.0046182790803896,-0.242422213691286,-0.218004720801374,0.256956487105149,0.143492135731695,0.202442837640566,0.287337319209619,0.082780269590518,0.388397737677553,0.451927942674246,0.0993006040486245,0.181496050212944,-0.0371630967666512,-0.310454002786183,0.0178320284050666,-0.283383949967323,-0.204228032582121,0.206960169873567,0.0430014064559113,0.0365659178492191,0.385385795294266,"TCGA-B0-4699","High"
0.334303131622954,0.178402180954818,0.3550773049225,0.176250231641525,0.112866402286893,-0.0800181584407769,-0.0619475120079494,-0.0363386915945312,-0.378632241826574,-0.1818692011714,0.214551991628144,0.144363093150297,0.234049689941059,0.396647774509774,0.171258923248406,0.417208805829522,0.426737637547422,0.0253125562039947,0.129485438738842,-0.0629335621081311,-0.395951234968051,-0.132548746521511,-0.0306569820010585,-0.110524629317006,0.393480445821065,0.0444373489718616,0.121993111697354,0.446626740243626,"TCGA-B0-4700","High"
0.187243798726019,0.192105603100014,0.222222032911283,0.248358762364537,0.174292052747377,-0.0405356799472053,-0.0376435754404995,-0.117896186846538,-0.290658976861645,-0.121072195860332,-0.0203839525941426,-0.0291627987732936,-0.011483299792264,0.258541939418234,0.0334648502320755,0.395208534996258,0.466274496005356,0.0424920061787131,0.160657826255578,-0.0248122510044685,-0.306929307520353,0.238548841295102,-0.158525386225713,-0.114982687401676,0.331663462935157,0.199439701136822,0.10608885531005,0.314278352111248,"TCGA-B0-4701","High"
0.280514119359068,0.19521922361404,0.300227366408968,0.212255194917012,0.147547810357482,-0.114843328333102,-0.0519484316937583,-0.0430110852280811,-0.335252517472543,-0.255191429914714,0.166215953346631,0.130951180497342,0.170733947719606,0.3160975581292,-0.031353784160336,0.335216948730281,0.474942097142176,0.0981340975259855,0.170332018084158,-0.141206791073811,-0.324407233820872,0.121277630311575,-0.20813813527026,-0.162977046404854,0.322070477678725,0.0771128802877759,0.193932391672065,0.396362836350516,"TCGA-B0-4703","High"
0.327444990232035,0.140968417379659,0.281696438024268,0.0731585610659404,0.118261448737132,-0.149864419443756,-0.0552483509548695,0.0451773172682718,-0.322899135009614,-0.0480431568010741,0.333859659672277,0.0610876087519871,0.231284266198308,0.350561208289086,0.0349479712318607,0.362164637505196,0.243479936643226,-0.0245004539300642,-0.097287812755999,-0.0282780007032708,-0.389551234191345,0.173507527292056,-0.173408989033415,-0.193502143975899,0.306805382338562,0.0888333664006851,0.187497126424392,0.402214549374374,"TCGA-B0-4706","High"
0.30194333864465,0.124468124491477,0.303036087853772,0.227254022620848,-0.0392323791658884,-0.0489779573039943,0.0567669101923084,-0.0377309446473927,-0.167955498208157,0.000448555315646053,0.264565290099951,0.152184560448199,0.20688519434892,0.352088538242659,0.085697240022419,0.329969767916297,0.198830900523397,-0.142342457555682,-0.141837237947532,-0.0749399301215635,-0.426963918357125,0.0924481312951302,0.0567919359968834,-0.0584473463571245,0.479538700420843,0.00167190536167245,-0.0107363887541833,0.430036969009288,"TCGA-B0-4707","High"
0.188647066237419,0.0773289797019481,0.20263178860616,0.129304272953912,0.120210073657355,-0.233120810969874,-0.0766477389143427,-0.108484274551921,-0.396922305263468,-0.0591391311066663,0.115119629627337,-0.0350499684678598,0.0830108463390268,0.229881989942537,0.270535146433398,0.506465243731839,0.391836687258419,0.0133823218562039,0.0851466095333852,0.203637682223633,-0.220179245842368,0.1814382665768,0.0675812823727351,-0.0779777294140668,0.411276972600847,0.0692548026145217,0.15376446670566,0.307112180222919,"TCGA-B0-4710","High"
0.275269139387343,0.165068309025645,0.278317779740702,0.138354527173428,0.201032640468184,-0.0971743702447453,-0.054193013269082,-0.0112836267842034,-0.409160171243465,-0.133214628144751,0.231716988221538,0.194195732583995,0.232575687757512,0.301123133159956,0.163115417884756,0.410605095532029,0.408344057128342,0.101453362189461,0.0851977346278824,-0.0767869551252219,-0.343270702887279,-0.296106449599031,-0.00135481161108501,-0.0791306506230752,0.360126137768273,0.0601955286832405,0.13565165041727,0.379639176292683,"TCGA-B0-4712","High"
0.278068101356054,0.164151312554791,0.305205471500231,0.0984582671305215,0.113405301120196,-0.115105615060871,-0.0452722622009977,-0.0444229444057616,-0.248824048826469,0.002687888921682,0.253476622188386,0.0699572101234323,0.158517898179621,0.362236900448189,0.0798537393193395,0.368912721217527,0.317335313433754,-0.0202613195850976,-0.0265336688854141,-0.043082691648055,-0.43140051691358,-0.00523683729989279,-0.046984335321141,-0.106609616782375,0.43600644078465,0.068990953330004,0.127718030617862,0.379733611884956,"TCGA-B0-4713","High"
0.39570923585295,0.165406185657503,0.392023688295506,0.0899998652477293,0.178812353603281,-0.112382789972575,-0.0431842022858739,0.118136078161974,-0.297337502358692,-0.11811526060221,0.310335511687831,0.0863347877474811,0.25443645867905,0.391351719617704,0.018353110780229,0.352244616715951,0.328485755318786,0.0413345794998473,-0.0165079629932646,-0.0381903047083632,-0.314317997100706,-0.0210711816735712,-0.276121679461,-0.160238077372937,0.183297621180201,0.112874703811488,0.129875964866817,0.469648331102209,"TCGA-B0-4714","High"
0.256494565391873,0.148382506067236,0.273226518502259,0.0691497753431887,0.170275226156084,-0.12476480192382,-0.0327185334710415,-0.081732810452335,-0.243002036020739,-0.100683256219156,0.206858130155138,0.124055712090198,0.205022796156782,0.304093815914762,-0.0627458363183278,0.315196486332688,0.324123163678048,0.0662831948891553,0.00052042441823061,-0.165951590268161,-0.29226602799004,0.26212628052052,-0.114353725069929,-0.157211726755006,0.315647658611466,0.0669688609360235,0.207815525181429,0.357406710581568,"TCGA-B0-4718","High"
0.313495820568504,0.180804187181419,0.323169372613372,0.106228422587774,0.0884098411482213,-0.0759304911173197,-0.0389704261547394,0.00125817296226291,-0.369466137455081,-0.165980434507747,0.208712770780078,0.0170598771879757,0.148331860752903,0.33247907188214,0.117494524382361,0.432895014443309,0.41607778117274,0.0161250223346782,0.107719482048622,-0.0170865047463412,-0.314347099465334,0.143656584755189,-0.14373872380957,-0.161362662116704,0.354498583991494,0.0151342272764272,0.146970219271208,0.424297522502892,"TCGA-B0-4810","High"
0.206554305817765,0.133226012600439,0.176835836877382,0.0336483120973019,0.191810924049358,-0.166306960596334,-0.139289876137192,-0.0669046119650566,-0.302505653982151,0.0629982181569605,0.193110269170418,-0.00183408164865384,0.148089041549586,0.230984006922357,0.086581256617123,0.414852163310405,0.380463874165822,0.0649911355829823,0.0656296708352556,0.0117990164412773,-0.298227408980102,0.136103579866407,-0.105342733723401,-0.182666092930531,0.395705817212124,0.189015372336154,0.195490833828193,0.346145503117962,"TCGA-B0-4811","High"
0.0730666958572222,0.111938207968257,0.0659071761336035,0.0726686862788846,0.187022910209424,-0.0770193596353254,-0.027626010976235,-0.149098015240487,-0.224951706699759,-0.000580421273189378,0.134189902997153,0.0973829771065759,0.192166122680488,0.139954088599639,0.2077207705676,0.435141784419916,0.411462585370214,0.173473713704291,0.12234390014895,0.0993147696586965,-0.244104354416198,0.248402921639877,-0.267227571578862,-0.293482027021952,0.235933820053776,0.0777789889654138,0.190563742880449,0.15647256637514,"TCGA-B0-4813","High"
0.174414889995984,0.11281755537785,0.180488434000107,0.117309019860448,0.166364178189195,-0.105506064971455,-0.118235306242476,-0.13212645586213,-0.334466477785363,-0.00253455640003789,0.131324124394818,0.085657793191259,0.170027100901809,0.256456359099023,0.130223549255864,0.426648414313926,0.40706552065288,0.0787178468010039,0.089542400346358,0.067129139480308,-0.347856055961278,0.133804116912603,0.0450455829661191,-0.138471538917404,0.466891059574412,0.0982755401849225,0.136877928399855,0.318410610761873,"TCGA-B0-4814","Low"
0.29076101164067,0.150407047555146,0.345256758938896,0.166328112658102,0.108394233195572,-0.0902297631224711,-0.0274001003339157,0.0268276072197779,-0.393805973859934,-0.14189423259422,0.169909776003243,0.128163200632106,0.171840282526725,0.303471917314741,0.0477100596446146,0.323147283976122,0.404618037090758,0.00345271490010209,0.099309841621887,-0.0753016132827041,-0.307164388951343,-0.173651223701511,0.255150757273308,0.0753051737302934,0.545319621720694,0.0222514900388237,0.0310206178369175,0.401968333850442,"TCGA-B0-4815","High"
0.191851729970178,0.1274302301412,0.14766900136149,0.0860969228803466,0.221000252740941,-0.161682802088919,-0.111907644704683,-0.0586665031965457,-0.362706738471708,-0.129880114553804,0.243688966140942,0.0679219308365863,0.236149330454697,0.256789288109435,0.26606821329982,0.445718639519287,0.417601490921716,0.161338823203594,0.0922869466600259,0.129669740612477,-0.217742900525024,0.052288522392069,-0.29902736820496,-0.338176650090786,0.211287092923446,0.183459664731189,0.158939725846439,0.318208973617788,"TCGA-B0-4816","High"
0.175831983089761,0.117801171407892,0.167912751316049,0.0879140873929455,0.133905446298097,-0.0475120468051717,-0.0482998000067478,-0.0745401823563013,-0.303429219776134,-0.119858909091311,0.1988528116592,0.108119721640641,0.17445378256817,0.224381636007844,0.490947990220495,0.505155741963661,0.310082988238232,0.0623382877549963,0.0176690402572424,0.432315786678112,-0.316979355042884,-0.254703530131527,-0.0457654229782751,-0.183477232982198,0.365392459206271,0.0923693394110647,0.0784464443295802,0.284923845302414,"TCGA-B0-4817","High"
0.229069525199856,0.131882916768784,0.221933905769117,0.117177685779097,0.10801295587385,-0.135807806532587,-0.10481951648687,-0.0821859293570321,-0.356324750560669,-0.134262709045476,0.146766850830997,-0.0472806110119774,0.121751772780034,0.293899281908533,0.153242963506168,0.426087393376191,0.424972327692471,0.0182608748504478,0.112030644653187,0.0882943035979503,-0.365296011237395,0.0803311043551232,0.123036469911276,-0.0756613394534004,0.516044507581884,0.0403600346013482,0.150494968951384,0.36306050888259,"TCGA-B0-4818","Low"
0.350350896503782,0.214664762651647,0.36210354020591,0.255615680286687,0.153522993039564,-0.0695720162903197,-0.00262558939780146,-0.0363276788578363,-0.280888470417166,-0.300320074703127,0.183152861942605,0.0795475379961763,0.118255433158911,0.393968100329272,0.0912115645279087,0.393429610915998,0.313876151811445,0.0127733722927787,0.00890226322998973,-0.0217395748562569,-0.341834028732036,-0.232637368599825,0.0840925034375441,-0.00503029440547469,0.459854796463865,0.0828942882140048,0.0477405494209139,0.441022231629668,"TCGA-B0-4819","High"
0.316358914192916,0.140481658181084,0.298892248275839,0.0540433507214969,0.0869377551271046,-0.0474233431356736,0.0158812428219964,0.00897195667320551,-0.348957868757386,-0.167629858298467,0.389411353745287,0.185241987563432,0.29372453830421,0.388865653694962,0.103269011048925,0.332575813733002,0.300922424393528,-0.0340233582746774,-0.0164759164910983,-0.0725698827425336,-0.346799125626874,-0.024969329039796,-0.0905646042953116,-0.109431334569173,0.331383781592192,0.0668272647730811,0.184723276144481,0.441238117562613,"TCGA-B0-4821","High"
0.213444968875942,0.119911722014261,0.231397930157494,0.0152747628934391,0.162746599868867,-0.118920108947527,-0.0906588622448233,-0.04774993903355,-0.358588350119205,-0.0754985255636587,0.217488544969089,0.0974672066609914,0.183853927801264,0.261170404218747,0.130965345450625,0.357903269000211,0.416986331507068,0.0241972618932653,0.116741220255693,-0.0691375124221422,-0.259397105131637,0.0862159188902207,-0.0419394194076601,-0.190859588399919,0.397066924804339,0.0496995012927581,0.219439378647593,0.318208973617788,"TCGA-B0-4822","High"
0.262186398907767,0.171933617413787,0.27175454171117,0.109729282351072,0.146715972288816,-0.140482435496555,-0.117624372024696,-0.141085811882596,-0.313034788151007,-0.10315473494528,0.0646557760460442,0.0071091169498636,0.1101954048731,0.30781136037156,0.0986362032722594,0.408566923105013,0.482021093102299,0.0616888702702575,0.21964227855639,-0.0361815295959122,-0.242961507420726,0.218704365125993,-0.097573274253809,-0.198624817737882,0.373826961212563,0.0797604579067002,0.131855826487483,0.351897947017068,"TCGA-B0-4823","Low"
0.338917489705002,0.191225598044983,0.360942655476968,0.111671057132884,0.170149707413453,-0.176154474977447,-0.00105270229813458,0.0502402517285264,-0.279964173145136,-0.141127675514055,0.159052752410774,0.00476702829378292,0.113513172371537,0.317754651092517,0.0220278998477653,0.326628192485178,0.46452252651332,0.103664861473807,0.175735225853391,-0.0418236774272396,-0.349467187194624,0.0692631893827589,-0.210684053372534,-0.145528833646884,0.249697401696482,0.0786407518579002,0.121103439548977,0.407588874185317,"TCGA-B0-4824","Low"
0.215761373172106,0.107040429087914,0.239546037663157,0.173616108127502,0.140624649205449,-0.169123391847078,-0.0890356388783894,-0.114781007106169,-0.376727397550717,-0.0297355056407455,0.123090113184132,0.116864138074123,0.164626983790766,0.274747682197025,0.13460872323328,0.444777031572051,0.44951778049318,0.0709540584702969,0.145697983077743,0.0194781136541846,-0.286420756871908,0.0200225221646656,0.0865457066132987,-0.0948657950586482,0.486231175373954,0.0279445484997536,0.085882622157703,0.351703472739199,"TCGA-B0-4827","High"
0.257019721001911,0.166407330454653,0.257395643988235,0.102491906073221,0.142090129163942,-0.108433689213035,-0.0739742475869478,-0.0266224568769588,-0.213306285069644,-0.0593031062793902,0.234124487803354,0.100290480467613,0.183898175712433,0.312410722858265,0.142021821817852,0.439956027907094,0.323648000639283,0.0588715672203756,-0.00804202114683578,0.05251535722567,-0.397997627215847,0.0458638580965983,-0.230224523200137,-0.193242386923907,0.320402480711655,0.116384574375875,0.129049187748741,0.396548516160264,"TCGA-B0-4828","High"
0.301841766434652,0.14321745817034,0.316466114019874,0.082212527127785,0.129657269683121,-0.0953040832111518,-0.055800256626993,-0.0412799759864142,-0.303009612200641,-0.149981595130687,0.182222193553417,-0.00581673914253378,0.113113266927809,0.327304953371245,0.0500991652101127,0.397717340498433,0.37497686626997,0.0454845191948796,0.0613081583347882,-0.0171836492232974,-0.368193003502096,0.238793031940075,-0.172049125185282,-0.182070779436312,0.374420033010386,0.0920442958130566,0.114533168591515,0.396362836350516,"TCGA-B0-4833","High"
0.152255253145563,0.10535078481497,0.0922517706654291,0.195879961379743,0.245132225924802,-0.115780200308591,-0.172316791078239,-0.0863776451454713,-0.259574641652296,-0.0462492707080926,0.308370428761826,0.0597997081281368,0.225867501367447,0.19040609744963,-0.00982035510344476,0.285044616544475,0.416691377556771,0.145507949599781,0.186962896216712,-0.0713255883983387,-0.276641964843268,-0.125088284582093,-0.110939522709562,-0.267509178036113,0.259560350995189,0.148022131166077,0.224646913696264,0.229636365917309,"TCGA-B0-4834","Low"
0.233017178986839,0.149519050810179,0.273959486518647,0.254246802139503,0.0924591723572855,-0.0603244543903082,-0.0500162317140762,-0.138569882350699,-0.331212444265065,-0.0802675830131192,0.146520424581568,0.157000863161858,0.211169282993792,0.331287721034491,0.131080023705107,0.318034113996293,0.402286156075169,-0.0485408027655026,0.101427468256316,-0.122626315952927,-0.34133786864956,0.182224327691507,0.00511020993154564,-0.0940956932918872,0.437244493913988,0.0463637853931517,0.0615263288566185,0.368570143994424,"TCGA-B0-4836","High"
0.158564739735486,0.134311550370792,0.114009668988675,0.16395509582492,0.0936772793814555,-0.0881738944177405,-0.116625690703531,-0.0610911179740349,-0.312877759936442,-0.0205997334947118,0.204096610818748,0.0691386370123222,0.259976058123904,0.247109176594425,0.200455982107309,0.437518746206189,0.439530328630365,0.0396620302381213,0.166861736445464,0.083869851429364,-0.290307897754442,0.210215470898045,-0.203594023694618,-0.302137165192804,0.29005207385875,0.0676877533572618,0.210651535031555,0.312651913224756,"TCGA-B0-4837","High"
0.316016133272812,0.178833931058202,0.416869445526416,0.125281034422047,0.15003739534073,-0.0534123140255992,0.0280081244996353,-0.0297294339393433,-0.170626190849709,-0.207771237290352,0.060424453786329,0.038467008905363,0.0241235331501526,0.355925971710697,-0.000297708704578328,0.336538016914467,0.378297153446958,0.107599942476564,0.0641838412945226,-0.060064410457835,-0.296079004366922,0.108218513852311,-0.158719938623853,-0.145406883389422,0.37138981926619,0.0351017629049871,0.0668925972573515,0.429917234107621,"TCGA-B0-4838","High"
0.20566641501188,0.109197492041128,0.161310070348704,0.0579252347142421,0.170605219017008,-0.228221008445268,-0.139345313220927,-0.0698736863897386,-0.330441360027822,-0.127915996654988,0.255965239538527,-0.0302456441874407,0.221529786538014,0.286455146430326,0.173361924392442,0.461897327132061,0.454375210267109,0.057748503873,0.135259603790716,0.0572673536246417,-0.251814781871702,0.17847442361781,-0.130279390540322,-0.285421090090624,0.331005189416336,0.10552767918647,0.155209448860327,0.35209252355654,"TCGA-B0-4839","High"
0.253890106814183,0.0990184162977955,0.189808848513897,0.0421453176746946,0.153005800701441,-0.212761400503168,-0.0981324944463428,-0.0718372205996763,-0.1956209025426,-0.229980274648614,0.248487078812487,-0.0144954780850816,0.215930670402025,0.26680709853885,0.1358746454388,0.459221392303784,0.372112414190604,0.107169605534111,0.0730727162308644,0.0381467541876747,-0.293093086039802,0.22146300716792,-0.144927107311498,-0.27110071924982,0.266360229710635,0.0405327259241605,0.240646773922581,0.31478815109851,"TCGA-B0-4841","High"
0.230349397334412,0.150710166501653,0.27046804816632,0.109629512095838,0.204887239414645,-0.117170218570798,0.00118255529375626,-0.0254761324522059,-0.389801409594404,-0.0936927823353112,0.134237253713214,0.0298518855435005,0.141549455900663,0.347757395762579,0.250548163064527,0.447023951510668,0.29554088263925,0.0484164364028074,-0.0753110011832215,0.195980421563415,-0.364722094295749,-0.167114453870896,0.0397060688816972,-0.103183754166734,0.46511965940973,0.0644217539168194,0.0868595358983611,0.424297522502892,"TCGA-B0-4842","High"
0.0925437195026803,0.0848457227484505,0.0511604871243956,0.0481978529821482,0.175586904191119,-0.153191114153997,-0.128224587339935,-0.113357140272434,-0.273210767330256,-0.0848327542604201,0.144912654603578,0.0499339553829245,0.242019210278348,0.218882504433816,0.253363751584145,0.473083876820534,0.362832450677537,0.115916128350394,0.0430907268048261,0.148342831544292,-0.342729495375814,0.325523100206743,-0.164262832420562,-0.226339843573064,0.222928852318382,0.218575335452498,0.219645594972515,0.284784265798282,"TCGA-B0-4843","High"
0.238251580261637,0.134500848862049,0.27879113481769,0.119032632105445,0.157085508296412,-0.0489561026643589,-0.0445346463466994,-0.0886294468538461,-0.256440859018846,-0.0268990141534752,0.170089812721978,0.188548299280526,0.213494422373105,0.284177410011405,0.17811776643779,0.374157044002326,0.366685834804542,0.0250650636966465,0.0492025354999004,-0.0100447402066749,-0.265189032195979,-0.0726349499989916,-0.0102687104933349,-0.0975143915708407,0.400967912358335,0.0411807207894245,0.115714093219052,0.346145503117962,"TCGA-B0-4844","High"
0.0489934369567894,0.110847662701786,0.0479358262081938,0.143053420815514,0.194698962238462,-0.154525978329967,-0.0634822332077717,-0.119694543172067,-0.221719130683501,0.0142672598220338,0.00083326764376775,-0.0538284544678095,0.137879468925467,0.156915493761685,0.184920653735084,0.436596552061605,0.465678538137706,0.134572995113653,0.16000507027728,0.115578611927237,-0.286948827236767,0.269070671282582,-0.200583190189336,-0.310948611185694,0.227707886641071,0.158259799998697,0.207401602943945,0.18859625951049,"TCGA-B0-4845","High"
0.287299200288986,0.184233747097615,0.311532165301784,0.141896114679754,0.222407977835153,-0.106774579091888,-0.0473995545378407,-0.081707588636104,-0.299962823567956,-0.103893091305127,0.0482852538121926,-0.0280732205166703,0.0783259133670868,0.27751518469364,0.054928691453935,0.36349101919066,0.483863160883587,0.123325447452912,0.195015268261671,-0.0269330682958794,-0.301765248306438,0.0933624802199931,-0.278421240806451,-0.201540527735386,0.302919874713406,0.13949845952703,0.129859665744915,0.346145503117962,"TCGA-B0-4846","Low"
0.345345165197008,0.217708851474141,0.383457965465329,0.161789780772213,0.191416164537942,-0.0241552816058279,-0.0152332552834774,0.0487082364440853,-0.355211617440098,-0.0997901023340448,0.13109118079661,0.0733461443245005,0.110430588157338,0.356606530203198,0.0580518314626333,0.406985979117812,0.28628762756972,0.0879831922687606,-0.0855086237356661,0.0244947148520392,-0.356785238279318,-0.178585022577941,-0.137408973151781,-0.106809033690406,0.355279022209546,0.118355832655539,0.0935154387436683,0.430036969009288,"TCGA-B0-4847","High"
0.193967653792147,0.0947329614436633,0.239221549854919,0.173654230361276,0.202196898810945,-0.176444975684779,-0.114628155342459,-0.101322832802244,-0.285075122951771,-0.169066926054539,0.150360348940808,0.154723487216066,0.18881961295338,0.304286509079836,0.16542645272592,0.454602360173913,0.447702048782681,0.0822262521174416,0.157490071267414,0.0652437915432186,-0.245171688154721,-0.058583208433971,-0.0819202092994309,-0.1720112221024,0.407008048626349,0.0826093829851964,0.143141190898544,0.35209252355654,"TCGA-B0-4848","High"
0.161965116659329,0.0757377289260681,0.172818901224245,0.0366355477569627,0.206833711339533,-0.0420259149769642,-0.0626584971546885,-0.080991607388885,-0.255599171256107,-0.148156738160787,0.108276240955111,-0.0673842041120858,0.109381179349506,0.188004310409952,0.167054920804841,0.459608738126703,0.447766955384803,0.13240118989764,0.148555926303953,0.112863975497216,-0.261625802278741,0.265890649511311,-0.272319137446007,-0.246027332503008,0.243603277841839,0.160825795661666,0.179694399444232,0.245665023266192,"TCGA-B0-4849","High"
0.208947087036544,0.125599839347963,0.210426662123912,0.148155723837601,0.193080389391852,-0.242890542790361,-0.0997870007365457,-0.14865403526235,-0.388758909358146,-0.0299752729597948,0.120299380107662,-0.000515142935272718,0.104526148798181,0.252013133598622,0.218286239982043,0.465593193126964,0.426548720006854,0.0425581926112521,0.124324309703186,0.137042698722853,-0.263205084334369,0.158473162013604,-0.0487954934895717,-0.148290390104941,0.384980504039584,0.124594882539994,0.133775763071119,0.284714497289471,"TCGA-B0-4852","Low"
0.188279204110837,0.126569903294782,0.20015979215974,0.154424352833595,0.2224708497213,-0.133049209131937,-0.100498263754935,-0.0617383196506744,-0.310933120315964,-0.0356901262037718,0.113767642053002,-0.0570392085484908,0.0736947730226937,0.247316477500071,-0.0324703413115922,0.299596662871219,0.451587328648693,0.0547562153425499,0.15972621635482,-0.136316046741319,-0.229002810152413,0.1527703515979,-0.0725413182780587,-0.180552115475494,0.380974142601382,0.0846172723516668,0.22098048102009,0.312753347264567,"TCGA-B0-4945","Low"
0.20058303303337,0.153768044297681,0.271536081546204,0.0803506651087177,0.256964908508144,-0.164737734575171,-0.0142616534268165,-0.0955453214106251,-0.365621309802483,0.0146157026477651,-0.0173111550372198,-0.0598549692713306,0.0166722142131953,0.257120254140154,0.159251804595166,0.409755605267413,0.485678700599601,0.115000597340875,0.230845175286825,0.0892450378171022,-0.217531111252841,0.0555271321330535,-0.309839869938693,-0.205814155812334,0.301936623303453,0.186390177989224,0.12795334237585,0.307112180222919,"TCGA-B0-5075","Low"
0.227841281810704,0.155302638958717,0.230566780672925,0.11321580450871,0.203230594337513,-0.156518899472357,-0.0479073330943808,-0.0471778566424424,-0.341123052394448,-0.0476893112040036,0.222649526280185,0.0313969953689146,0.189519371388298,0.312377082794485,0.0807236281737538,0.324944159695629,0.432768414682124,0.0529472454415627,0.135382218572092,-0.0964471498872031,-0.278845044983656,0.144038610373622,-0.233209596687065,-0.256831622480296,0.325782126961062,0.0672051303527838,0.185193689106587,0.368474609852361,"TCGA-B0-5077","Low"
0.179078734004316,0.14325302356654,0.191817789493412,0.326426804021479,0.0310245157768123,-0.226800613911373,-0.0724738422747724,-0.108715415363511,-0.335394848876594,-0.216708546965425,0.0200643299781603,-0.0147647673617727,0.0489209696644196,0.280683313227619,0.100993116745001,0.393316517971026,0.414642689548138,0.0696963520860997,0.102768160944469,-0.136394547424764,-0.399525498759785,0.179037423270397,0.245467191219195,0.00277013934215103,0.484966341287381,-0.0139691872220934,0.160848291473536,0.319622833620492,"TCGA-B0-5080","High"
0.284145151270355,0.218010099810202,0.335501695216455,0.244298298336986,0.17534213787922,-0.0753574715676962,-0.0408956720058001,-0.0308906462957298,-0.327036347477595,-0.193992215201851,0.00915807637956783,-0.00113048831630588,0.087288714241508,0.345695784776139,-0.05460846693852,0.302139812801991,0.383141917474579,0.0363779929059107,0.0553084927063805,-0.158937076450301,-0.373825337462258,0.094316175172563,0.0958315862317225,-0.0577184303868624,0.477523738150985,0.0626557675089979,0.088205283808134,0.408140030912798,"TCGA-B0-5081","High"
0.161724692440496,0.1700104082538,0.216333021059432,0.231082558517175,0.25085246312242,-0.188266393844988,-0.122970941288407,-0.0650675844631265,-0.232662661502787,-0.162075642830593,0.071116694364714,0.0242732049868085,0.107088575499354,0.250551236359929,0.0114377451080436,0.387957655738577,0.493216373809243,0.0355329390954976,0.203257118676548,-0.0492716632044986,-0.218738840459889,0.0655814689702345,-0.195898517032122,-0.232020221803833,0.364678070275206,0.227829881453859,0.159675919933049,0.259107221680285,"TCGA-B0-5083","Low"
0.178146811623278,0.101991555307358,0.19231523460602,0.207685372761124,0.255033772401858,-0.064478044824533,-0.00138843973090916,0.0380848431199502,-0.342097860910453,-0.129278834169903,0.0707675887224119,-0.0347571385706123,0.0756261159098513,0.214952798594012,0.33241743059363,0.461763384143839,0.418625842282433,0.100949121281579,0.103463106520769,0.284113493657353,-0.222733439928204,-0.25115822772267,-0.165478722987711,-0.236183446090167,0.343417283737436,0.102883661570961,0.104085169559882,0.301487403387026,"TCGA-B0-5084","High"
0.259124510250121,0.157369315102753,0.236971450486319,0.0305541382531959,0.194795252612969,-0.136608515164262,-0.106875649618993,0.0540704247808961,-0.359915265491088,-0.0752525660097382,0.220308284501464,-0.0669863441475401,0.176453205240618,0.300861357401516,0.0144214251312303,0.305283888285114,0.416626997173415,0.111571345278363,0.104915536419369,-0.0879083162970973,-0.248247183176852,0.134381969622415,-0.191895944495671,-0.221961925432312,0.250633829179903,0.122326704145932,0.22220096496779,0.363509356059766,"TCGA-B0-5085","High"
0.20020762647656,0.182636363226869,0.187428294880674,0.126450007956833,0.195045305369287,-0.151165018404055,-0.0858917629012726,-0.0905012682964822,-0.380042646857751,-0.041121265534383,0.073361363392694,-0.101956976777922,0.063992581397072,0.25479252194915,-0.0104258459207727,0.352645026391889,0.450336417535085,0.065380661476491,0.170303781601421,-0.0916593592931329,-0.237724761275156,0.211000227510671,-0.0604618794495031,-0.143816086290087,0.295076732721221,0.160026133137276,0.255263434816342,0.335476176902022,"TCGA-B0-5088","High"
0.382195316470803,0.216439373169756,0.446831165227604,0.199524943493172,0.133775462577835,-0.0170524275129896,0.00772550841782176,0.0938805630181984,-0.272783373852723,-0.175959711546535,0.162556315289672,0.0673785031707396,0.102189468337072,0.413578948502414,-0.117944922563566,0.266927529526963,0.31204713580361,-0.00456897543613322,-0.0252219322731619,-0.18235054734557,-0.312669107267521,0.0506989105550272,-0.216285335668536,-0.10732810154351,0.319190828391729,0.0877071194329435,0.064971612582038,0.496846514323573,"TCGA-B0-5092","High"
0.184465693952386,0.0959157927069043,0.229445648201572,0.0309585333127865,0.140892946685453,-0.129960902041754,-0.0692690531453861,-0.0932260161937296,-0.38062616950498,0.0128206808862109,0.273512793673732,0.173561631829523,0.216489702842603,0.273697789668635,0.209680081232638,0.39194741792633,0.402147906533015,0.0107608689350234,0.0757747622005158,0.0572386301790465,-0.253811551475325,0.149622271913046,-0.239970690682252,-0.233731008497137,0.354176576837079,0.0697166522708974,0.108811785112493,0.307112180222919,"TCGA-B0-5094","High"
0.234151089114264,0.12760337323838,0.218711371646251,0.15982029843084,0.101260255938708,-0.133174092803055,-0.0853423671929253,-0.0965341405726147,-0.404226168289305,-0.0364187358448849,0.180304965033781,0.0666763328032186,0.182836332489866,0.259234067907756,0.191250393916565,0.431681875349302,0.464428666133734,0.0834327021657602,0.169193422071406,0.00897859087006967,-0.349501322411695,0.103455205824739,-0.086575106783585,-0.0887970872259394,0.279683759537753,0.136901189548105,0.154191018273583,0.312651913224756,"TCGA-B0-5095","High"
0.126228424160473,0.149478792160944,0.170144322525075,0.145091149641064,0.249840962187657,-0.0183402109935248,-0.0544544615716431,-0.158314960171623,-0.375102529458414,-0.173261528023122,0.0240754669109443,0.0777662134253027,0.109896327576102,0.176535212760192,0.265294948334205,0.472013897316342,0.482547806906141,0.11515963449587,0.214634848023398,0.155094624611075,-0.270082674605087,-0.0488361688202439,0.0925768175924462,-0.163462726996456,0.456533941479351,0.0311574701586706,0.114021579190013,0.212476160579051,"TCGA-B0-5096","High"
0.0649401277273154,0.186083266231792,0.0816591611086377,0.249120496065142,0.225946223138852,-0.0059914418106615,-0.070657951098453,-0.13675145121986,-0.246797228168137,-0.0114389500554376,-0.0467975741873837,0.0151637081466079,0.116643184536211,0.120783920614609,0.159302727580878,0.424028306972054,0.513458926894092,0.0987753866124172,0.265908566142899,0.0474135479282103,-0.308614958357253,0.270998081116683,-0.257496427713684,-0.258684280222839,0.268033495241478,0.104622538967226,0.139866690394081,0.125204232032464,"TCGA-B0-5097","High"
0.15231246579064,0.0794637416578026,0.114636237467026,0.226874521193338,0.280497451195887,0.00686726730729068,-0.0599377757500057,-0.0481102100600817,-0.29416220937252,-0.175530261828742,0.193824180449568,0.015369051882523,0.17374761300689,0.220716562404144,0.171083575224505,0.439586893389851,0.344059097200264,0.13787562337217,0.0372159301500375,0.124387030333375,-0.349266228970312,-0.00530983805984827,-0.0753076843592661,-0.27168749234949,0.39641988949484,0.0699555326506093,0.143366542320185,0.284714497289471,"TCGA-B0-5098","High"
0.130758171462847,0.103564511064641,0.0948359856033857,0.124298494016612,0.221743931452188,-0.119276059049115,-0.0998735721870808,-0.0732389454478059,-0.352505384322819,0.0605461829987617,0.16626779033937,-0.0838421743127204,0.116366306992673,0.152884598775911,1.52837886865189e-05,0.349706606296809,0.422429627858219,0.151066348760765,0.141328675523083,-0.103353442962604,-0.277464420812468,0.275406823810181,-0.0635962163062476,-0.273536437589259,0.295062200343455,0.0322531847272711,0.212436822101738,0.251437718768823,"TCGA-B0-5099","Low"
0.15373186759232,0.0517245760471817,0.102381513687781,0.036835593615924,0.107997181322582,-0.1128527630928,-0.115232066349709,-0.06382012802861,-0.225046506695897,-0.116933775154687,0.280327817369509,0.098315856176594,0.249255024618209,0.194626763165578,0.280572137730827,0.434594623446757,0.284112389037282,0.0514094533647264,-0.022950960460877,0.113256101756354,-0.319219922345313,0.330163855167801,-0.115102537574988,-0.268224444462452,0.280234725469638,0.0366647482600877,0.210826610393186,0.285762515291452,"TCGA-B0-5100","High"
0.24632377171615,0.132187234803114,0.267458276336475,0.180521391041519,0.208746986078958,-0.229712759901285,-0.0923638667983539,-0.0264219988986544,-0.391289046393933,-0.141706478161987,0.235519672483338,0.153235771831819,0.211183718007073,0.283769045279594,0.0160235474448345,0.332466817142492,0.441902941297367,0.0540515855355951,0.154611005071222,-0.123865443890191,-0.279348175275017,-0.0202323726204816,-0.135606713701914,-0.16353948169106,0.395249411507526,0.0906691040981585,0.177137904795681,0.362868310430095,"TCGA-B0-5102","Low"
0.140223872763493,0.10978294580531,0.125407766945842,0.195573935157168,0.233138897492857,-0.11194678363024,-0.115499270568705,-0.0727477416554239,-0.348588064463079,-0.0513300456066991,0.0832249612450009,-0.00571883214074314,0.11883594713262,0.173459116055387,0.213347019896096,0.502115947562496,0.448198739187958,0.155028254445287,0.133783105933888,0.159523901631945,-0.392035835968183,0.0895688254904149,-0.206663395952901,-0.288934540533523,0.286601214195796,0.225973733222069,0.155029772422642,0.207020711242137,"TCGA-B0-5104","Low"
0.243608341746648,0.11744973572498,0.215885223678116,0.0734517667226684,0.20639477144946,-0.177712671017878,-0.100396627290036,-0.088752996916435,-0.391558313941351,-0.128972942747956,0.12925295985078,-0.0148126188132211,0.0903504895511669,0.258577325132654,0.126617068276022,0.389540824655443,0.402081993401321,0.0506973195936763,0.0687734949170868,0.0205344068563922,-0.195512948191975,0.25314470636213,-0.117962364958677,-0.203731448812545,0.32838873703697,0.110839562054045,0.194179363568188,0.318208973617788,"TCGA-B0-5106","High"
0.324674647937326,0.204493887920412,0.403865111284084,0.196205465177705,0.232131162620389,-0.00569007409925564,0.0534678046810822,0.115807851446321,-0.273821661950595,-0.100331482645569,0.061503022182261,0.0982279226323258,0.0703514083171511,0.3800765875931,-0.0821997069293668,0.224876549005002,0.369144648491048,0.153490150158346,0.0430821231435709,-0.150279507416506,-0.261000242617627,-0.348959639828963,-0.185471518920709,-0.120550884847905,0.323077190224429,0.0913472740378465,0.0475967308730712,0.446626740243626,"TCGA-B0-5107","High"
0.163128418312475,0.198494532415315,0.167576273072226,0.158649147180519,0.203645230077141,0.0154138187792583,-0.102099977479597,-0.104738748454197,-0.34876085524987,-0.172537007075461,0.133335330840381,0.0531235710776515,0.221295720348085,0.202202345881093,0.200590430632914,0.473900072072418,0.489378771741152,0.136738903678814,0.201151633453092,0.0707085470277059,-0.291072958348029,0.089169884487902,-0.179554051891144,-0.242537056144177,0.375324914631562,0.0625171055333774,0.0886724467585795,0.273761728463967,"TCGA-B0-5108","High"
0.314775527210781,0.124701661001323,0.2377277918113,0.226009689560054,0.123538593897706,-0.120584558196591,-0.0509722483463975,-0.0569223570073027,-0.352969444053649,-0.29143982647276,0.232511797809181,-0.05089853117171,0.173196633677309,0.334123494567638,0.237960319905013,0.409922825536308,0.317741669863485,0.00482526443758674,0.0192378209425366,0.125564310184527,-0.403339601015962,0.007414322607549,0.178200915649917,-0.0821657263440001,0.533888827275403,0.0444703395210843,0.0307966227512597,0.402060646447365,"TCGA-B0-5109","High"
0.140511864884578,0.130594092027892,0.186926061365622,0.140193510226522,0.234491550029681,-0.106236829662602,-0.115173338789014,-0.10793486098161,-0.369988777413206,-0.0382981016861669,0.0747491146779988,-0.0255341945260188,0.07956780604926,0.222521293785495,0.13693411059792,0.411553810674165,0.501991077471458,0.176043523105485,0.19699761821573,0.0666608187506475,-0.340493060515738,0.277250297849519,-0.232622658684156,-0.265366259597811,0.265637529699149,0.162292723646105,0.150220291065927,0.251292587984506,"TCGA-B0-5110","Low"
0.179955062755785,0.17149736052594,0.259937066227982,0.16036480671568,0.198059278570611,-0.0628215027593283,-0.0784537179045181,-0.087429922969634,-0.326240295901904,-0.089543271918864,-0.0526278867571495,-0.0514632511486237,0.00976282166556443,0.236207279233301,-0.00543975803734707,0.316125781239893,0.481865183259089,0.0771294840892065,0.184373824238954,-0.100872552604215,-0.285164497572481,0.345290531251002,-0.0490425321996789,-0.0777692410018857,0.352136283976867,0.0706960170438633,0.0751206094672713,0.29199072375269,"TCGA-B0-5113","Low"
0.158754520029281,0.171635271546571,0.117804457209419,0.141894409592711,0.270775036383503,-0.0771575319992114,-0.111896254835021,-0.0385112472754092,-0.299673648218278,-0.00594148059770845,0.151325435573283,-0.0906170329212686,0.148229066535078,0.236060700611174,-0.0134388967485683,0.330783067994761,0.454518770771891,0.102334477103844,0.155196381639198,-0.091397423781663,-0.377609270286183,0.153319185620799,-0.183371474901402,-0.290955445424419,0.310291143323436,0.145586913504094,0.193842227320014,0.312651913224756,"TCGA-B0-5115","Low"
0.201095051129949,0.129038475793206,0.234480944629992,0.137435001080149,0.160696913064793,-0.154610458748189,-0.0916546592457774,-0.121411761551774,-0.340187700141309,0.0384681706084101,0.190195246346946,0.115367344077642,0.209790436495452,0.281641311857384,0.0711238752014381,0.282943433671901,0.414565506270046,0.095320772612871,0.130819727603336,-0.19150357728047,-0.257134381612776,0.193514889093123,-0.214872833684631,-0.255439352219873,0.235351554390754,0.0798021670789101,0.193008062314232,0.318276173344787,"TCGA-B0-5116","Low"
0.0900220312562041,0.100010198357775,0.110693954646562,0.0851080114958306,0.251788063843889,-0.11611377153554,-0.108569514827502,-0.180243444571026,-0.19037446489497,-0.110173234911187,0.179065498211652,0.00731964398637402,0.139421092058203,0.111849595490129,0.116794984417813,0.322117637237236,0.319695635731952,0.127651354812389,0.0304388649499691,-0.0437383533805608,-0.31349606449829,0.289687155012801,-0.107152134788892,-0.266755350228886,0.252559522477028,0.103928373146505,0.216530129237164,0.150984038790155,"TCGA-B0-5117","Low"
0.305199865686567,0.168717527830831,0.313325797175202,0.0766146460353474,0.132766980018662,-0.113239732674857,-0.0419170388887098,-0.0257164860857384,-0.283365980236124,-0.134110947920153,0.189389269780573,-0.0243752350190927,0.157207093516732,0.307101018969753,0.0388446898766399,0.346614474943332,0.493246162671406,0.0748199738793478,0.208098373247298,-0.021038329080688,-0.289995552493511,0.161624912456168,-0.224421363433099,-0.198975950959416,0.203527631146437,0.0431531090549025,0.161358069794649,0.374096464825246,"TCGA-B0-5119","Low"
0.091543541463618,0.167643268025339,0.0931631719027989,0.118067260961743,0.180815863538935,-0.103870097896229,-0.153922021139125,-0.118761512543659,-0.344837743261811,-0.130862195630953,0.125373399040414,0.0296585879448928,0.16889671628183,0.189950942441283,0.0295869482559682,0.394542446177509,0.509301534158277,0.215547800414626,0.276468395189266,-0.0803379560808163,-0.178045425286081,0.223007870753135,-0.181133694054322,-0.284754700720892,0.329683885050177,0.177087733647199,0.132734879458622,0.251946178989343,"TCGA-B0-5120","High"
0.222530028584379,0.144718431636483,0.212735559757481,0.15719389098768,0.12498120056211,-0.201746491287822,-0.0973140458786246,-0.0449399029603889,-0.371790799467622,-0.0900659071550206,0.206664043800213,0.0131794064281551,0.189182186868233,0.285952070510102,0.201986441086828,0.46771734295242,0.379329916437588,0.0170109613940034,0.0492947835679713,0.0972183375029416,-0.342566539698103,0.329281514309753,-0.186317716446652,-0.221453617674656,0.178241565715729,0.0719824384815783,0.208218019293741,0.340538637317821,"TCGA-B0-5121","High"
0.201375098190385,0.174714753191763,0.211066493673781,0.216839940205207,0.213043428478152,-0.170918230189145,-0.120753890092033,-0.0738250215103229,-0.359829304695683,-0.0541566140539918,0.088964126889016,-0.0618547616481021,0.0997211737870493,0.323448850325012,-0.0790559321361927,0.304985060464085,0.429939850398581,0.0463473738737536,0.128965832836531,-0.211064644823641,-0.413365261408749,0.220758067366048,-0.16318413604058,-0.133181181032227,0.295554424740428,0.305738685317716,0.198541808825147,0.364666014806753,"TCGA-B0-5399","Low"
0.230523440924938,0.14900679688415,0.216276496842766,0.082484404333471,0.152810982109377,-0.166848655200866,-0.0698160539927116,-0.0984184866062258,-0.398277647572035,-0.150282950487522,0.231969986501912,0.144098960664668,0.207250752777374,0.311130556291091,0.324155557731177,0.490853663931841,0.406289263258389,0.0419206129293905,0.0896799317520941,0.264467485650649,-0.315703841319143,0.0165204057119102,-0.147499800142389,-0.278527976411267,0.384084282635364,0.0622715892297082,0.0714277552644942,0.346145503117962,"TCGA-B0-5400","High"
0.167133166206215,0.151164632968203,0.133235016521742,0.138183455396742,0.141920719324826,-0.0953035694679876,-0.110246540846164,-0.0595819220070293,-0.360089702674163,0.022355782715808,0.158026176273258,-0.00471392390816864,0.146408895892724,0.236154268189951,0.0974085056669662,0.377330489772436,0.500260919943383,0.070135012898031,0.204426189934775,-0.0195883678250637,-0.354649435519195,0.23479985776454,-0.218164394243844,-0.274256092910864,0.329684139641111,0.0420668257691769,0.205899529069374,0.323816433371316,"TCGA-B0-5402","Low"
0.13904813075119,0.0901090347283088,0.0739691496380879,0.156858071167415,0.199510138374282,-0.226663756868105,-0.119213830417165,-0.143694410488943,-0.323658106994684,-0.0743580157344549,0.161572939036456,-0.0720076009124213,0.164579414366292,0.184820059926009,0.108462483381701,0.447501567073564,0.448230201647888,0.0928888719032149,0.129744960743603,0.0328261590465474,-0.3429843256291,0.29635845114837,-0.0212673008893551,-0.172766741218408,0.225372837404251,0.194512928434004,0.210392997233314,0.268100645794801,"TCGA-B0-5690","Low"
0.123867806735469,0.0889731047768909,0.126512103126095,0.233646577200931,0.178266226440998,-0.153410056887754,-0.109654619198346,-0.232362922667915,-0.180686191561177,-0.106363998990857,0.0318164150271873,0.0247299510566498,0.106444184216177,0.190888007745337,0.0951740585313242,0.420324676779295,0.490558581741841,0.0705253003348394,0.187088743406893,0.0161161389677647,-0.408623903246604,0.31591091461328,-0.0156466245046524,-0.128176546550722,0.368231357869129,0.227571761183576,0.12265010497006,0.252309844766566,"TCGA-B0-5691","Low"
0.39919282594738,0.204813521851724,0.446250873616258,0.125455342993831,0.135111348413498,-0.136913255153523,0.0234450977159854,0.0843285191236661,-0.267108722595319,-0.130690819037505,0.178963601176553,0.111484472811484,0.115846287321142,0.399776733682414,-0.0806628927676878,0.255364182532239,0.307069667183217,0.0458378580878616,-0.0104878363343927,-0.154241962519203,-0.300033236469305,0.0274560028091712,-0.158806262365189,-0.0912280915148134,0.305824399695762,0.0388663847155556,0.110709872924631,0.508066975227437,"TCGA-B0-5692","High"
0.112161415491837,0.0767560689665689,0.0378040956740226,0.103740207345995,0.189022786848584,-0.142392314769975,-0.131733890293176,-0.129259343495775,-0.335343851652463,-0.107778418068709,0.114423230177944,-0.106782435753205,0.132725001629288,0.135541916778806,0.214247725807083,0.420157125265019,0.467781262787111,0.145515803575038,0.173974116987249,0.116641612753364,-0.349338511620861,0.35704052236482,-0.150462736531468,-0.353355401495271,0.304832983217372,0.151317031300657,0.19745905039836,0.185415474512203,"TCGA-B0-5693","Low"
0.132174329683706,0.079698060425689,0.0602950635825995,-0.033680601596996,0.21935619398586,-0.16012979756786,-0.157211357562401,-0.0654854972330605,-0.277824633289047,-0.0793713159373712,0.249198811402052,-0.0475054340152074,0.254037752638468,0.188550069410642,0.258750769494688,0.438668531247493,0.45059672976284,0.145787312352061,0.138117875950726,0.091861307671382,-0.350571452771974,0.0848383680930983,-0.181011940523,-0.323555991266823,0.305574910772498,0.217050253560823,0.177039656733876,0.269705306207402,"TCGA-B0-5694","High"
0.212095426834341,0.103486462748789,0.180818831138514,0.095910589521578,0.131969767571686,-0.212078196206979,-0.0735381116344035,-0.145966982595994,-0.290277612482606,-0.0599553284515294,0.175616760380155,0.0109263494895043,0.166886753477994,0.278905531660183,0.128284104432958,0.405037274238677,0.404175793016036,0.0218535478110885,0.100824899678698,0.0358137510961109,-0.372205391567798,0.391475796792098,-0.0712202883526912,-0.20242804132795,0.291487543165549,0.0633557657496157,0.155348440416253,0.324317695511565,"TCGA-B0-5695","Low"
0.208474911491988,0.0886965358330855,0.205584522581538,0.0597215727264591,0.1737063748875,-0.217637510002795,-0.0798633480511809,-0.119908144837795,-0.349647238251084,-0.0683358621255383,0.203452689888296,0.0970426490443448,0.213258350623777,0.269633168156888,0.179600592621421,0.424931668454775,0.452436813558655,0.0570620756265806,0.152854790323824,0.0173771860464552,-0.277829787235314,0.246934417347971,-0.163738728383363,-0.26341721090328,0.271013646464144,0.101795416401567,0.205090829462634,0.340735441978971,"TCGA-B0-5696","Low"
0.30139132443036,0.144215271286073,0.345343387071603,0.158885629561736,0.205062866167076,-0.166468431442792,-0.0664874729678953,-0.104801392973222,-0.311049206272824,-0.197536602565616,0.0778871901016591,-0.013715121559096,0.10317029494518,0.341548441506519,0.0894997749248048,0.404798998224412,0.433497139338457,0.126077323295674,0.112384138009156,0.020792399420353,-0.278814021879986,0.16889002446097,-0.241265031111017,-0.164269067506969,0.331861399083852,0.178804396299793,0.0799446666553692,0.424297522502892,"TCGA-B0-5697","High"
0.173827205533015,0.13933457774712,0.223300877785626,0.227018242594626,0.248789958184699,-0.0849734104296396,-0.0396833181349203,-0.113314339495334,-0.324356096051204,-0.113496860631262,-0.00555481533112668,-0.0358320264717808,0.0274453804755001,0.210605408345032,0.216800869646075,0.481196875899318,0.430874860581024,0.119329627923234,0.11497063269439,0.168968783062215,-0.342594174969577,0.000713031792981424,-0.119342452398559,-0.199303044607993,0.411879524003619,0.145965093384288,0.133746045259274,0.307452550840812,"TCGA-B0-5698","Low"
0.160084988983469,0.0841091028632814,0.1164217590988,0.152879710715514,0.23773945885078,-0.130488828829671,-0.114491522269196,-0.0853879099128804,-0.307235932985587,0.0285784617228249,0.204950505467903,-0.05253742612761,0.195466863679172,0.258302333643662,0.0944318798249864,0.380007125187805,0.477273714965444,0.0975570855691384,0.161570416877055,0.042201429489031,-0.298387011266167,-0.0333394761803214,-0.251312166193139,-0.266094026004345,0.288910116261841,0.229293725931522,0.241751950258596,0.318612361893957,"TCGA-B0-5699","Low"
0.237964451525038,0.138304491203576,0.249033078280472,0.124819244161448,0.179981540150962,-0.00755332041460848,-0.0440487386791197,-0.0519064376212696,-0.330527157919926,-0.0301529726184367,0.0689497574752062,-0.028634432395207,0.0769928381413479,0.240613910213525,0.150058803194093,0.368746334538561,0.47959803556575,0.0399345104215726,0.180520751614244,-0.0134189737988534,-0.245346622833095,-0.0225254121925228,-0.169218943864223,-0.183532984538371,0.398410302500276,0.138530249412277,0.0811243835255466,0.3464063869575,"TCGA-B0-5701","Low"
0.140344814001238,0.0436134027555616,0.114116861930186,-0.0647208573339898,0.0754111092905702,-0.158031276502045,-0.118545636323437,-0.129767403943171,-0.172314440524967,-0.114612727112148,0.203792531571542,-0.0983047854399365,0.202798905417767,0.222620058367636,0.229112145191338,0.435204395481076,0.419066447085092,-0.0179141848797715,0.159417969083373,0.0469834268606549,-0.190572012942904,0.26357979762131,0.0578435223576555,-0.0869040366221729,0.400023293147162,0.106928068547831,0.241937027768249,0.310118805924439,"TCGA-B0-5702","High"
0.353696814918727,0.189165112370201,0.314780299051763,0.223477743953858,0.0302555772936477,-0.133933053338229,-0.0829285385693555,-0.0183081060981354,-0.31062306496593,-0.0558652859698764,0.344499540346975,0.0951995011981848,0.270730262616937,0.411105530967502,0.103619755043062,0.341284285841999,0.178833973896382,-0.06573873800896,-0.143265996369771,0.0564842585318475,-0.445484434438774,0.22089886814834,-0.216608961353947,-0.182892832114702,0.322105254715947,-0.0240197077828503,0.116510070598489,0.452362830581992,"TCGA-B0-5703","High"
0.246023323347789,0.124599070134308,0.289586580706468,0.145237310441815,0.168817619025445,-0.164941114103356,-0.0370809480230055,-0.0797357093771121,-0.279996402930173,-0.104015180633883,0.0782000887498263,0.00103419848400442,0.0755809382108022,0.295841423745629,0.0760835974743001,0.356251461898293,0.480016520942545,0.0759826964575347,0.175594844914103,-0.00384422774092137,-0.318176989871246,0.196650305559685,-0.164372314696401,-0.17274501142589,0.363984174813367,0.066175392096456,0.11643468095215,0.37403315031179,"TCGA-B0-5705","Low"
0.29472774396647,0.136340632331015,0.297501870435453,0.169515299594976,0.092191991118143,-0.0801030720504502,-0.0232182453478397,-0.109284217842864,-0.365070729384828,-0.0665010385842538,0.212712787473864,0.167459971340531,0.228063841641367,0.290677634154771,-0.064504122488349,0.240007437989912,0.332141503359818,-0.0186115298007643,0.0373876399662568,-0.199973953806608,-0.271962108705826,0.0738584840603072,0.265453110032798,0.0401238516855063,0.554515565561226,-0.0221933228923403,0.0601730097247123,0.36306050888259,"TCGA-B0-5706","High"
0.0384704002404054,0.0781261502191154,0.0171813964473383,0.174743369487649,0.242148958698201,-0.139822834011971,-0.0455935051070216,-0.256375902122293,-0.360425590918737,-0.147960757561034,-0.0575061926054815,-0.0461642322373493,0.0660374562602437,0.148905077186255,0.187291194389921,0.471359977740701,0.420455048389288,0.0826455433854303,0.11244447750629,0.131056299713316,-0.237557462569865,0.352425834362258,-0.0559038446279374,-0.186647470738555,0.386669066389922,0.33835972501459,0.0989997974715877,0.152471409239942,"TCGA-B0-5707","High"
0.221678636612252,0.13753363281603,0.248359519377359,0.286688744044003,0.174355093736804,-0.223704613303843,-0.0766736162553365,-0.160779777124634,-0.319566076133635,-0.161311618431384,0.0234467928640401,0.0128021919441324,0.105531570444375,0.290432090181307,-0.0250544736675493,0.363414305790695,0.511143384013414,0.0985342877278129,0.207627262625085,-0.105543111474024,-0.318734315818435,0.188367037195117,0.0268291446403978,-0.0494249582826114,0.395465987075133,0.173191409099022,0.0631865304441121,0.330370862755361,"TCGA-B0-5709","Low"
0.230921661476037,0.169118854800135,0.201831930861858,0.154318026568862,0.176862142073564,-0.140849656782368,-0.113966226037708,-0.120372600685011,-0.270462218878434,-0.130975618150585,0.136705271556046,-0.0142363849554728,0.120456505144118,0.290436727957121,0.00748675086457525,0.353456864130846,0.434391432642551,0.0528565710310112,0.136634441132894,-0.121332221874228,-0.31768581833184,0.31903153141629,-0.160653024515377,-0.225219268689047,0.256053901753959,0.129875115702822,0.205328637342734,0.351703472739199,"TCGA-B0-5710","Low"
0.175859216727658,0.11997217912055,0.191445553995942,0.107184356362604,0.204587731922647,-0.175996819994961,-0.150124516828278,-0.125839773423449,-0.329479347432261,-0.0753288434053621,0.0831380281760103,-0.0455279818606699,0.113106490912141,0.26987403376765,0.0533347282890562,0.391418798492976,0.447780181396383,0.00871563052924787,0.133012828202754,-0.0231044327420123,-0.331975686474323,0.373400218751962,-0.0861166182653874,-0.211170855502456,0.385065527692753,0.205653688998646,0.147232124331282,0.312651913224756,"TCGA-B0-5711","Low"
0.27263613499712,0.191726883865469,0.306842768681775,0.0504659636729073,0.170911832920021,-0.113179356899042,-0.0172665063909788,-0.0276404202267992,-0.295717075837255,0.00394228349588402,0.150933205824755,0.139400205381478,0.163243935408175,0.326312306274153,-0.0253326761424989,0.321468861510814,0.421833660370325,0.0933654179179629,0.111827280379168,-0.150437101170205,-0.342234697116536,0.111204154340678,-0.231040307377144,-0.180982558429879,0.248365691682173,0.0880837055412372,0.179360820999687,0.368570143994424,"TCGA-B0-5712","Low"
0.2616519564799,0.142209723466693,0.241338718654711,0.116820854004783,0.171303342034376,-0.181128151512572,-0.0794121066655163,-0.0432686131199587,-0.326505605255063,-0.0794745118143267,0.218189324363182,0.0197866308392511,0.147508357383385,0.283615727451381,0.0794452405234166,0.384694108954571,0.439656573977805,0.0715246798897577,0.138953200229715,-0.0132817362286719,-0.350445167480265,0.111847079542466,-0.201846077261348,-0.237268279798204,0.33634846162117,0.0545831798427352,0.214396440268057,0.341195065286422,"TCGA-B0-5713","Low"
0.175005182551227,0.101038878549113,0.206517531829192,0.110282314594441,0.168758758369617,-0.21023647122267,-0.140246422413875,-0.0952008353479678,-0.305112685320613,-0.126242399266311,0.214219290070749,0.0519013632323471,0.216533152111661,0.263430943850663,0.107654057518436,0.425061922647563,0.479100490807983,0.108871579018133,0.180519540238579,0.0067138860241373,-0.356939580352123,0.267838297976828,-0.188546872187796,-0.252263238301092,0.368992580901071,0.179207100199967,0.124577968110168,0.307044145516602,"TCGA-B0-5812","Low"
0.0501506678964636,0.103048489700502,0.0580622417791817,0.152104166789707,0.228812998246069,-0.161713488471858,-0.143896580859466,-0.160358383579508,-0.137752574323255,-0.102078021972391,0.113818177525447,0.0491468074703299,0.107296854447075,0.0498680822313946,0.156793559609012,0.331236427589631,0.453444453927216,0.119012978150097,0.19327175790597,0.115721561348178,-0.263109986832438,0.275822947714498,-0.152121619780171,-0.304537520058478,0.337947230891823,0.100214895959368,0.176107368300087,0.106165446332491,"TCGA-B2-3923","Low"
0.34627432577169,0.194699166851364,0.386121795155238,0.195647926166455,0.165515583934005,-0.106680750364148,0.00287362442815508,-0.0118388125848108,-0.295518071868135,-0.189699290771815,0.124693068035961,0.00818892465784066,0.0964221620269278,0.327158557112742,-0.0338740735108695,0.246831389561345,0.464089508758579,0.0548313616683604,0.188357516546015,-0.101244449566382,-0.304948013112807,0.0680981764084514,-0.106188515765889,-0.136439787171591,0.41536216086485,0.027690806405741,0.0733040984599635,0.424387805476994,"TCGA-B2-3924","High"
0.0561834001366829,0.113165784010356,0.0680786178784143,0.170436540779335,0.246129246466942,-0.0614676782829556,-0.129392209888756,-0.222616546693561,-0.335792978752939,-0.125553267590641,-0.0212651134693283,-0.0297757848056636,0.0905231906835067,0.137902579496135,0.252642401036378,0.458949777001574,0.493617440330281,0.123180935799576,0.219695035309072,0.196004330819116,-0.231297182712613,0.103768553878154,0.132936814581943,-0.0485340918350019,0.488428418240698,0.14904730530755,0.0247543379583506,0.170753543423254,"TCGA-B2-4098","High"
0.187934210582363,0.15711080617283,0.141320465814714,0.048223214223044,0.229872811814132,-0.228990730002248,-0.158142023034649,-0.0382593198076235,-0.379124939048308,-0.127301698049802,0.178735550504963,0.0615386884809697,0.185099735897384,0.21732846544498,0.129444221352099,0.439280699334731,0.474334657068153,0.139787554222571,0.17391290227269,0.0549583928416849,-0.310813647998548,0.17796754420794,-0.2409076716047,-0.33068699634837,0.372739012906097,0.167112711552006,0.141639092491747,0.262814648088147,"TCGA-B2-4099","High"
0.209944865093252,0.11431477901358,0.212105813536211,0.172825859724882,0.0997320829717733,-0.163886994402032,-0.0943301019745107,-0.122720626385162,-0.314402052277903,-0.111172781289519,0.164020298408063,-0.052711966071034,0.114712927900554,0.258264108596957,0.150611601860542,0.401933353931328,0.472649279130553,-0.0399351429827487,0.164860921601607,0.0264144549066241,-0.340415251531199,0.218358364440444,-0.0230697555375602,-0.196043225442668,0.431706218088066,0.163344382044086,0.140115085716861,0.329373804248489,"TCGA-B2-4101","Low"
0.110240828818367,0.105911730785321,0.130938169718256,0.144781152996886,0.23520431272761,-0.157543065600393,-0.131419108404183,-0.0659150221420121,-0.36528997022088,-0.065376918276469,0.0297372543297677,-0.102913615267754,0.0690421077348853,0.16937031070526,0.125188290663783,0.360308422667285,0.483124879250717,0.115031569672636,0.16788897536268,0.0928533199953882,-0.277124275959267,0.254764918448723,-0.195897136109006,-0.239073354285998,0.361130052830291,0.190905674151154,0.15523846073745,0.257117848895128,"TCGA-B2-4102","Low"
0.156775147350108,0.112512900613313,0.200292941844176,0.158846724732208,0.211966741936956,-0.131222947616281,-0.12737225452936,-0.0929200638587007,-0.33236353038228,-0.0553307767233089,0.0384407991429666,-0.0954347815369635,0.0847207103082491,0.217354508145801,0.0796482289893577,0.315843099244547,0.508901057658165,0.0826983516385651,0.211548564683658,-0.094059922565718,-0.225057969380876,0.273280713324494,-0.209122112132482,-0.224551420288767,0.326063529899804,0.143297708083191,0.144775751302119,0.257695347260124,"TCGA-B2-5633","Low"
0.260185787228248,0.149497725884486,0.294716382186388,0.116637936624643,0.15947186163175,-0.149443219307918,-0.0535515659011765,-0.035903945290536,-0.333811093292467,-0.0366346635728316,0.0945414887483559,-0.0264730542366338,0.0774112547152804,0.288345349325333,0.0611505839652916,0.344617107604378,0.456253662263316,0.0991502180629069,0.133786266551225,-0.0445687695611746,-0.250792040150448,0.160580867057307,-0.213636876036106,-0.172770858543888,0.292623546445724,0.0788362220776995,0.149652433519347,0.379733611884956,"TCGA-B2-5635","Low"
0.107290484932798,0.110901911239817,0.160658590312523,0.15898844200707,0.270369063233607,-0.156306555260103,-0.159693715459546,-0.130544051292379,-0.326116138480731,-0.0165833941679751,0.0543098533900526,0.0475393751211591,0.0716991189230747,0.241830246107713,0.081022559936447,0.384775175041328,0.46268707578339,0.120971074155756,0.173961778003668,0.017477911753369,-0.319783005664489,-0.0807984887753511,-0.0714149287416922,-0.137121120782364,0.420017233278695,0.305718358399536,0.0988289986223028,0.314278352111248,"TCGA-B2-5639","Low"
0.296807604500175,0.161054302987148,0.374134039305005,0.187460774826466,0.167093345650837,-0.0995881433642396,0.00386109668953324,-0.000713702503656706,-0.273481199712158,-0.167046465505394,0.0730490360581527,0.0329735425778198,0.067849070083136,0.317754651092517,0.140444311687622,0.387744650473966,0.436662147334507,0.0634393931787858,0.101840422035715,0.0381855272171149,-0.257167104103549,-0.00222246511523678,-0.179852628543141,-0.113491533823507,0.294658401729691,0.0509964934194692,0.0755623169718748,0.407588874185317,"TCGA-B2-5641","Low"
0.184017949352234,0.122855667752852,0.187623138201761,0.222285248341492,0.193730435627698,-0.121148904426387,-0.0549613726341231,-0.126977584704774,-0.353822119820973,-0.0779567912931976,0.212704840835605,0.131942290782761,0.217890975514624,0.214392414003837,0.0174194675445262,0.331305976025588,0.463055223985539,-0.0148576761787097,0.163356991238889,-0.0980148177802616,-0.367915929774049,0.276154340727054,-0.214032736254669,-0.215885772344108,0.310308978239254,0.22254649741954,0.18644148650349,0.268278564283662,"TCGA-B2-A4SR","Low"
0.239815891947284,0.157645343822216,0.27336437324413,0.18819435104997,0.216512378511398,-0.113209847338307,-0.050713319487297,-0.0822542315174558,-0.333258712824126,-0.136761783621112,0.133914331493808,0.0814821684255355,0.151638756134361,0.27029579542362,0.0899220625982717,0.389650358723537,0.511396108140432,0.0797057743169108,0.211796326515041,0.0177111615250949,-0.259466556533392,0.0609917764205842,-0.221305308958242,-0.193211813784301,0.292870800322935,0.0563470352976948,0.14561361351478,0.330370862755361,"TCGA-B4-5377","Low"
0.102721367011582,0.0685604749565103,0.0371596819260177,0.0719314492244903,0.118065139892695,-0.102476302016623,-0.122418072971278,-0.125467702293086,-0.205828321703908,-0.119714043222063,0.191710272349943,-0.0739846876748287,0.156734522182992,0.150636925570854,0.21652531136488,0.374448922418351,0.467425082765598,0.146706371148701,0.194224090169524,0.0707128403072142,-0.259608211039022,0.390690775632797,-0.202671395649832,-0.414530014553501,0.281872362367221,0.0811716879196299,0.163206895987422,0.202360210553308,"TCGA-B4-5378","Low"
0.137460254221952,0.204971997758025,0.207802060400147,0.155476357469646,0.202801505957769,-0.00913994965604856,-0.0666544117096911,-0.126418315388821,-0.336923332863968,-0.156191620575567,0.120519338310797,0.186981648751346,0.175824272415519,0.220181585013952,0.135520313059041,0.268033091820533,0.444713645538763,0.0737641835214064,0.199004774817563,-0.0457217351991888,-0.24992076502745,0.132123822476692,-0.189094351673836,-0.186551932119804,0.390622202869865,0.109418873286009,0.0482746779623452,0.124052613141655,"TCGA-B4-5832","Low"
0.19091915959393,0.119994161117398,0.150055668092681,0.108293447094619,0.184499319515059,-0.124595254467809,-0.108886599791477,-0.086758782585016,-0.342605297938681,-0.11630102102593,0.210247435443153,0.00816378671760623,0.173467002147034,0.264785370758577,0.0170471655580646,0.355466675570984,0.456856299754727,0.0849676204679004,0.148837662351198,-0.0946966597259867,-0.310424875513253,0.332448410835639,-0.19001869106745,-0.276553899640611,0.272527600977209,0.134945062313523,0.20089790260298,0.335244993310012,"TCGA-B4-5834","Low"
0.194941034775754,0.171524181191619,0.241988146109275,0.205430355790074,0.338264779598007,-0.116684431885292,-0.0642655629828273,0.00951908591488474,-0.347050374345414,-0.17010846701507,0.0782387792708719,0.0498603634798449,0.0886156418341304,0.297734318115467,0.0725704579490125,0.314798413210967,0.43413601268577,0.101037058234435,0.108863924205931,-0.0469864630818216,-0.241519261401184,-0.108417874128531,-0.213109326510407,-0.221932952921983,0.344786576947206,0.198378904812652,0.131223769022557,0.330370862755361,"TCGA-B4-5835","Low"
0.21524081345865,0.119111051867379,0.162309274872143,0.102310262864213,0.0618921643888299,-0.187520174887826,-0.106083450916407,-0.097400328813008,-0.372075428653481,-0.122820530789954,0.305070550817748,0.106741548178134,0.270243320118546,0.252461663987009,0.211026397636777,0.440709900238557,0.468272711415724,0.0790585297813666,0.15529108185085,0.118678580994508,-0.335231193174932,0.229944440702836,-0.155036828157299,-0.274349571694408,0.35180029895314,-0.0030356462315258,0.14732308345026,0.335773629338919,"TCGA-B4-5836","Low"
0.206938446883469,0.132664849220761,0.238765644706682,0.180907165556712,0.170193214142155,-0.142101285900802,-0.0856408977885747,-0.130755577653313,-0.389191408879405,-0.0775780853025449,0.0869625748753368,-0.0303365410131118,0.0859417011361324,0.279630342635227,0.0859938346152458,0.361907016583209,0.463076111944972,0.0644489499866127,0.178557122352461,-0.055019429916368,-0.368033727704214,0.281304474414678,-0.173511607887481,-0.155920235879817,0.347097007137756,0.168125259144208,0.112756737269682,0.334980963454027,"TCGA-B4-5838","Low"
0.136072605684726,0.113563428243131,0.0846303687955096,0.106058004214602,0.229350195782168,-0.102439467276119,-0.163975770870069,-0.134870070429337,-0.400507408157352,-0.0801305651402133,0.129955541982782,-0.0598070326355144,0.166602630699393,0.21366618813987,0.0824348805692744,0.377329970492249,0.494957432366937,0.12346380444986,0.240570789477593,0.00965574835978618,-0.182970144389338,0.168919539947759,-0.147089069257254,-0.302638707150519,0.291478205157871,0.191453623989754,0.207993676162977,0.228964944303134,"TCGA-B4-5843","Low"
0.132114006146187,0.0624679486048826,0.0619244959763566,0.109315799277086,0.166388752569467,-0.205089064343252,-0.11848566226948,-0.105158172482144,-0.31032266684857,-0.0837558109561397,0.267062145843005,0.0348158122877774,0.255825338198539,0.176322918914494,0.202597738578252,0.461569983115672,0.397395657912532,0.0852153722160925,0.0732085161425562,0.132064077497714,-0.30317764461517,0.359964736478241,-0.180424085309806,-0.319736425239543,0.269304629467559,0.0924878398928963,0.199996948679165,0.251946178989343,"TCGA-B4-5844","Low"
0.332685916158412,0.19376510694322,0.316588081946187,0.133721325322225,0.170415661137929,0.00212182225308608,0.0432977095089727,-0.0134664701151104,-0.404798712783727,-0.218943430634942,0.151134526327464,-0.018657180722428,0.101432734054842,0.289970055367528,0.11681298801121,0.334388742500125,0.423589642121682,0.049319580524885,0.122306796255344,-0.0724536538214249,-0.309561205338491,0.055130354385766,-0.0601733064898443,-0.113895166544503,0.433478364181342,0.0245646715478259,0.0825151429102675,0.396734284971016,"TCGA-B8-4143","High"
0.2839822159976,0.206483834706885,0.272976539840209,0.184078279116616,0.23240778249303,-0.0504099683251058,-0.0645598507551126,-0.104905975112816,-0.310295820489042,-0.102811868775213,0.137661615903162,0.0202144244670536,0.152176386278941,0.289900277438002,0.0297810660728266,0.273511073702103,0.497796891182597,0.114236876927916,0.306250521830105,-0.100570860809222,-0.392393586206285,0.0874127047421694,-0.261747520316064,-0.184944051448948,0.356919845922656,0.0860652895516979,0.041444825729098,0.262814648088147,"TCGA-B8-4146","Low"
0.329190802158175,0.178898445683045,0.376152515188624,0.196467627451583,0.167043774686894,-0.114298398016785,0.036982983591977,0.03434579707098,-0.267568297415543,-0.195269808351565,0.194798367663054,0.0410720829985383,0.11205929061905,0.320215423229503,-0.097735547802337,0.271238809402577,0.453623869051554,0.0686097092734917,0.131182964331553,-0.138483862936512,-0.289117648088462,0.0180668807327907,-0.195369420268566,-0.136332617204353,0.334424201634002,0.0601858931497115,0.0936778024753502,0.396424719738695,"TCGA-B8-4148","Low"
0.166625801009576,0.13199998849095,0.11733576392175,0.103892962837068,0.211438572579664,-0.092798820884136,-0.0932393356982258,-0.116134523712682,-0.337066951023768,-0.0893253570141384,0.0909372748276908,-0.0478470060928188,0.105863426494744,0.190473467655155,0.155331898883969,0.38011205135655,0.469050790665982,0.081186793379319,0.162743169661419,0.103857046823473,-0.255716973794173,0.19980384156043,-0.18577430404706,-0.275053934694042,0.311380672962339,0.140960035582152,0.217507010399631,0.245665023266192,"TCGA-B8-4151","Low"
0.210439047500621,0.10316404299063,0.164899026356022,0.0787284880202242,0.225196307713496,-0.184793945811767,-0.12865971052222,-0.114675337183301,-0.323684207563151,-0.0639754557359455,0.18791274895475,-0.0603792576351048,0.142637085193447,0.243387323066749,0.142477130955648,0.420251279189451,0.395844972067306,0.0862307354109696,0.0652402248041496,0.076874912287946,-0.262992587566452,0.243668031481141,-0.156804503282057,-0.295253970188416,0.209296867870817,0.16736338768643,0.25181224265807,0.312753347264567,"TCGA-B8-4153","High"
0.324898402426272,0.180289874428871,0.291745044841978,0.108706801024192,0.199857630437899,-0.190298341633786,-0.117186357586154,-0.0614230277557976,-0.343929941965597,-0.096823507648778,0.235675799499452,-0.00722512348061523,0.172481006060309,0.311904487450399,0.105413807566015,0.376527138050061,0.455543651998174,0.057029513455911,0.160521792597879,0.0412453988218123,-0.348987469712524,0.0129024216532072,-0.217408174909384,-0.240135334643025,0.349105754732045,0.184285844778227,0.126737464584745,0.353522557012141,"TCGA-B8-4154","Low"
0.0488706284783834,0.110016868511916,0.0139177631513094,0.189394938946901,0.237773465558938,-0.0433164806255923,-0.126975028923831,-0.192081692368108,-0.184415656033897,-0.083582856581514,0.161346264397173,0.0362554898664473,0.130199640466834,0.108608092216481,0.136899287115507,0.404786956139806,0.437495713824307,0.116402461928629,0.196895045297701,0.00168056944415338,-0.414367587886327,0.166859062042929,-0.0425848426195626,-0.228963462732842,0.375331703570215,0.12756500692621,0.149225055542916,0.130794740438469,"TCGA-B8-4619","Low"
0.0386659040506227,0.13699760620769,-0.0220870815720633,0.0957875005700825,0.2614692550462,0.0206661377212959,-0.07861890207208,-0.11125508832284,-0.363421184960585,-0.0985603294920997,0.122715394619724,0.081348281882411,0.200687981152241,0.0848833525142866,0.40660630523849,0.497256272870889,0.475972498080849,0.170913055025831,0.218257248680365,0.302103426194359,-0.238536124017941,0.133319973555069,-0.314660554840041,-0.36160101318613,0.115943594617405,0.068502213901554,0.172045196123096,0.146183134511015,"TCGA-B8-4620","High"
0.0823907259444582,0.114816293997518,0.103124812350406,0.11398445785509,0.251926782876736,-0.116590174571032,-0.150684074056824,-0.141874853398964,-0.413457374034339,-0.113184510832516,0.0823794888986084,-0.00709778255342598,0.0725552500680936,0.152344075795375,0.306835293478597,0.463268109191851,0.477896066786066,0.084497842763753,0.182769583292588,0.251926612940978,-0.187319194825075,0.195275997872732,-0.242514480038359,-0.296534191649639,0.377492624699115,0.212417993289416,0.124396098344318,0.190156090912035,"TCGA-B8-4621","Low"
0.146636729036942,0.119131504715713,0.115560625881359,0.0862477788177637,0.184813994688826,-0.14015686689477,-0.129457604853505,-0.0678010389890957,-0.298477314357206,-0.0922406353321267,0.176574933980886,-0.102651969960242,0.172517799179419,0.250983831674829,0.235945480930249,0.424554266588732,0.482227806589491,0.05364794741775,0.169302479649017,0.0931740436908821,-0.229891691693011,0.123152138620105,-0.258633968578419,-0.311482522550181,0.329687242580244,0.14401103796256,0.171712094053144,0.284784265798282,"TCGA-B8-4622","Low"
0.175496583825975,0.103352663004612,0.229298902864351,0.0990481433514724,0.208908217813385,-0.147537382092602,-0.116392142169905,-0.104602972325521,-0.387902529878001,-0.0168917526342984,0.0819867108468073,0.108575339050187,0.155884994116219,0.220821383916158,0.295137830328869,0.429821726727398,0.50008903389149,0.119899535467924,0.200879620483827,0.141639212103449,-0.24389241522348,-0.102046498346469,-0.179081710166302,-0.226933566167743,0.414443472054421,0.272921208912809,0.0883954561874951,0.284923845302414,"TCGA-B8-5158","High"
0.273999970510114,0.152105088958304,0.297430046960612,0.167623686722442,0.147785971264653,-0.0996504767996359,-0.023717037925464,-0.0948755077073567,-0.307835649616678,-0.0243262586099249,0.0596094567505508,-0.0512589003107439,0.0748725988881402,0.304586856438933,0.0804596681408002,0.374577858060945,0.479812417182425,0.0555964687186289,0.168852953837431,0.0221356343280987,-0.272463442741951,0.172016098921837,-0.155621167252121,-0.144060224039308,0.32166760028117,0.0829963484864025,0.095403859402829,0.390803751052199,"TCGA-B8-5159","Low"
0.221677446992378,0.187976977158327,0.304081646766431,0.221902261766899,0.151912277951289,-0.0797950033438142,-0.069732196340783,-0.0478314582247073,-0.33822528323265,-0.23521218718234,0.0518547011400052,-0.0225541958664117,0.088851792546851,0.314871176131515,0.0608451829012808,0.39337754693299,0.502343471258203,0.0715553657926007,0.23720229227711,-0.0052719940086516,-0.211873506872073,-0.245026779627717,0.21300377633118,0.0269971640072882,0.4930410685704,0.0257927478287228,0.0253963447475568,0.324317695511565,"TCGA-B8-5162","High"
0.224515892408511,0.207306057994443,0.295002540200095,0.206805294297026,0.132721411070947,-0.0429890207422863,-0.104175989141891,-0.0602317663560299,-0.293972020972836,-0.113536196486636,0.106592078729157,0.128391898092766,0.149587306778376,0.277349503915211,0.0864454491832433,0.33576576168493,0.506669227911139,0.0634799344949875,0.216921977090281,-0.124212423588991,-0.268592861830069,0.0226152780986261,-0.103404668172567,-0.198755762393816,0.412857705659684,-0.0279697002024168,0.12045850768388,0.341918501135205,"TCGA-B8-5163","High"
0.325405650672249,0.189398265685254,0.375247166065082,0.220968190308595,0.162247086771267,-0.155030255720338,-0.0315815915295018,0.00139259813152354,-0.209250176340247,-0.164739708097038,0.102420110053978,0.0214493716308614,0.0821354074821856,0.331840433974264,-0.0296604675645314,0.33142339413229,0.463295652506991,0.066367264439542,0.180859051967055,-0.0720425816840078,-0.257733788703533,-0.0236421278003285,-0.215471027471293,-0.0853994733729373,0.333993718174006,0.0661903610848754,0.0649002414153524,0.429857380068155,"TCGA-B8-5164","Low"
0.15165180967774,0.126433459853151,0.166876228177301,0.188516087661806,0.17554896970458,-0.190572851108479,-0.133068407579296,-0.211264961000255,-0.226903549755062,-0.0719168525171921,0.0499076028257518,-0.0186743870549287,0.0844354772426805,0.203200083825629,0.0748777813795146,0.348882252976309,0.494860565127215,0.102023848540175,0.213881121706412,-0.0402587512149311,-0.272570004367243,0.322776717071092,-0.120163980097799,-0.239309846558078,0.389901473808776,0.15236684242159,0.148134837505957,0.241159712328409,"TCGA-B8-5165","Low"
0.100259010475764,0.121239994959165,0.135191144748915,0.133098369883176,0.185955314959168,-0.107766881863137,-0.154560934605124,-0.137121837095777,-0.374052609719144,-0.128955151093106,0.126361060645028,0.0954583636790923,0.189764535732779,0.177428253712539,0.151019403474841,0.422521191711313,0.506596808968103,0.160161673395563,0.226585749422329,0.0499091275439293,-0.275563810024245,0.266965167480166,-0.123886992097224,-0.249580183884957,0.365619707443173,0.0922729799046027,0.153430111707911,0.201316056649494,"TCGA-B8-5545","Low"
0.207064048914303,0.148337352721211,0.19650675372201,0.269180359892109,0.202966987759628,-0.145868924869379,-0.134524052957222,-0.0954361632976243,-0.250170825085544,-0.0752389818003891,0.229621982130465,0.162714593050731,0.231625952152975,0.29970575381576,0.0971584518373754,0.389498508109196,0.412191738880879,-0.0261574751984133,0.11751622341395,-0.0115401926607051,-0.2296309109807,-0.0189879479556592,-0.0843210528642267,-0.188597385227186,0.267924814233765,0.119648696105218,0.142606005412225,0.323816433371316,"TCGA-B8-5546","Low"
0.251852056346428,0.120759098391758,0.279362021114562,0.101342710531315,0.174308919792362,-0.150063211873166,-0.051410139398902,-0.122334744120593,-0.300507086487369,0.0199970234916142,0.06987323574978,0.0302582300408068,0.0925475695378165,0.26116979781503,0.142308212606661,0.372860859161197,0.491087533122222,0.137211772962642,0.208303783256169,0.0127801985166937,-0.267562526371652,0.150307676731413,-0.238238829548756,-0.193450375474798,0.322752479506283,0.0338176303603679,0.118080018156174,0.340604227105287,"TCGA-B8-5549","Low"
0.184020890816317,0.150907478690554,0.204394732056215,0.246581030624025,0.225385360941029,-0.082053134554974,-0.100002891549458,-0.118091695234967,-0.336629478254555,-0.159204006877909,0.111998152058069,0.0691648568925173,0.188289811807874,0.271191570196619,0.0782539090797535,0.398222664309485,0.506414408284104,0.109042141675151,0.218944287631289,-0.00180572612762182,-0.267418653673879,0.210151389158705,-0.306568955371035,-0.280102906725077,0.234235260965312,0.17794123725297,0.120420696462224,0.296568841352072,"TCGA-B8-5550","Low"
0.242782417014409,0.188587870872028,0.305912634892364,0.183621098681816,0.213326001472043,-0.00546074724159367,-0.0170816189469664,0.00565931045117339,-0.34922156956607,-0.229934538484892,0.072862914322875,0.0682804843243794,0.102917838682866,0.285415384269697,0.0847685618198721,0.413083662156541,0.534089447556661,0.101103063096219,0.250814461237255,-0.00235769983107035,-0.327429745278724,-0.260894960708625,0.127188083513774,-0.0488142565885205,0.462686569081064,0.0582130500301475,0.0052470642695253,0.379639176292683,"TCGA-B8-5551","High"
0.161326306629865,0.129759850986539,0.183218132176447,0.269921177485972,0.19268724920408,-0.217693472995241,-0.10474473358878,-0.155962288107113,-0.338823693986709,-0.114261827026317,-0.0563797357982684,-0.0672085406948997,0.0283968662065328,0.240444450779592,0.0595997690396587,0.391018201388384,0.522522456183957,0.165115454418255,0.275820675113056,-0.0293413361213148,-0.277192919788705,0.151409326114142,-0.00362646222828046,-0.105368524796022,0.30980398193671,0.161291499573733,0.157774500396525,0.276744470531958,"TCGA-B8-5552","Low"
0.244755540497308,0.147157473010448,0.275677814887803,0.147921006858172,0.154539354436987,-0.128178229039139,-0.050573057671962,-0.113212767967041,-0.350280342381744,-0.131901286560577,0.0714159963669856,-0.0442173388190872,0.0766540018127106,0.246772581419689,0.137562761725845,0.34569953379269,0.514455594866247,0.140239039286231,0.207706357699578,0.0456468250990763,-0.222668831467587,0.204395824621036,-0.212484989777489,-0.21195433583103,0.326608954200614,0.0981212488727062,0.0948162464093419,0.301487403387026,"TCGA-B8-5553","Low"
0.35251087545029,0.197837698040406,0.39277591409944,0.157251536351286,0.136791530877026,-0.106173634693354,0.0301650015530115,0.0523761943807133,-0.276423132578278,-0.12629921958851,0.123803382554675,-0.00223686474934961,0.0859143693273868,0.371775177486072,0.0322101714885146,0.322579853783075,0.459456925245473,0.0523632541006122,0.138645814410795,0.0110362196318877,-0.273496711940485,-0.153019661202545,-0.202229458075307,-0.133154509580589,0.322758525247628,0.110739506242772,0.142414408746434,0.45218708492125,"TCGA-B8-A54D","High"
0.189212243133437,0.170925131928933,0.180466339128817,0.209234640084211,0.281579982973035,0.0101776784432129,-0.0772659374102539,-0.0298094804735782,-0.351140676402254,-0.0985076644872572,0.0457408100946866,-0.0307855685650681,0.0440579098644364,0.206195299011148,0.0330495471771794,0.286536950950707,0.471784506504278,0.0685369488661637,0.161108952744207,-0.0390503335300001,-0.415396816365076,0.0567486179049873,-0.138134924981603,-0.182892832114702,0.407541194662993,0.19218483493977,0.122271348955043,0.274257030364261,"TCGA-B8-A54E","High"
0.105192980959651,0.161007771944037,0.0736244432535374,0.0145268779141222,0.146766784388439,0.0310389888369097,-0.105237711110584,-0.108640274050024,-0.418676126555344,-0.112671908412475,0.118904358066588,-0.0121180529806558,0.166434713563228,0.111268092742076,0.215880477843849,0.451343689309337,0.520417075896643,0.160518932302682,0.221889929704953,0.0706747394332283,-0.264458153051025,0.216743636631422,-0.191159051758918,-0.306483181149474,0.287472169524659,0.216106481075606,0.145233387563052,0.139823040453569,"TCGA-B8-A54F","High"
0.338599066165459,0.241510127044732,0.41590954786864,0.168231075211322,0.270271699525913,0.0289543525309197,0.0516076073699031,0.0499503476006719,-0.248871241890866,-0.188699373260371,0.0668661880811212,0.0199447267864267,0.0614217130577639,0.341018484275103,-0.0343125268660624,0.349982124093206,0.368282904692131,0.120758815423986,0.0362080795432629,-0.0766430275863092,-0.263555013941361,-0.20148994904241,-0.282941445081697,-0.139053118230189,0.224517777141484,0.235750703266757,0.101682284213859,0.435462127855808,"TCGA-B8-A54G","High"
0.30296633615525,0.144862776893563,0.367320772539105,0.10605362660377,0.136710516267466,-0.226568637941877,-0.0457282118868775,-0.0210782802309039,-0.287501078396044,-0.14761172558437,0.217112930296035,0.0701673017531046,0.131105181769418,0.312780918496088,0.073213433019035,0.395194691639905,0.450435454736131,0.0790438884899356,0.135939585367553,0.0129985323536279,-0.330244595258264,0.0816721405517942,-0.166941915238256,-0.124661625099406,0.273685875721179,0.0684874907876332,0.183203480865068,0.396362836350516,"TCGA-B8-A54H","Low"
0.114322325781826,0.0989430563375102,0.105094383901816,-0.0250043851078345,0.138727716191492,-0.011609705697396,-0.112357949052445,-0.117696798328027,-0.423422893986862,-0.150333749344776,0.0814451154262306,-0.0158447373907412,0.116654774025558,0.172191138329986,0.158180870669215,0.393147073007249,0.440884245049535,-0.00314823826450287,0.153280174775093,-0.0482279438054995,-0.271361606517893,0.163655579618691,0.298636202541724,0.0683736355704896,0.545614096395734,0.127406292704072,0.130669025231992,0.228964944303134,"TCGA-B8-A54I","High"
0.252352610429121,0.103742916577678,0.25118926880123,0.0807831081540426,0.113107941460815,-0.0886517920008376,-0.0276897954156402,-0.0587218539888642,-0.340593375950044,-0.15616692042095,0.170443314618136,-0.0552907731478931,0.110084305086945,0.273766757156416,0.155532868584464,0.459916945383473,0.461577795948592,0.0834691616264251,0.149283538588516,0.0662089588067169,-0.323202627281997,0.206513265597095,-0.158618345542275,-0.210548785675068,0.279460807171138,0.0955529109518876,0.203117219964718,0.330038203844993,"TCGA-B8-A54J","High"
0.114609576599437,0.100987341867123,0.0469772186872493,0.0960145155453794,0.179579252023032,-0.218400125912055,-0.133985584674598,-0.111518970415758,-0.419716750756441,-0.0851229323265614,0.0988618901544524,-0.164489813793251,0.0938918079718271,0.16033299292144,0.221828350111705,0.441777344527503,0.458233659196836,0.150702528504303,0.184426549048007,0.0723622441532891,-0.372237367347047,0.324585775226018,0.000324495057198402,-0.236451175544651,0.346189106286322,0.133067552700827,0.204607754127659,0.201123079471418,"TCGA-B8-A7U6","Low"
0.0359505711688351,0.135587761992987,0.00539012937600184,0.295166720884209,0.132566514891563,-0.143227518870025,-0.104064043281795,-0.137988179891926,-0.301007264775555,-0.231256573982448,0.00842458307360491,-0.0715615557552397,0.0901984578182396,0.155908843613864,0.107794743048716,0.420833318284213,0.47994140746418,0.0350477380705523,0.244989510139089,0.000277448658463862,-0.332100423604846,0.383038426044393,0.147341479707971,-0.0621971859156929,0.401154381391504,0.0992237416983564,0.133672445241283,0.18779791867355,"TCGA-B8-A8YJ","High"
0.181859485465302,0.102352230311337,0.16645158934371,0.0777813836782024,0.187016445868347,-0.192177714504584,-0.130512505620238,-0.045408116676783,-0.277538774796035,-0.0354222860811972,0.19444932698915,-0.0580467572231333,0.162752530967185,0.271600208703685,0.00369646761078166,0.344420917188976,0.441020452638961,0.0659992579516057,0.133816915329957,-0.0526251670630635,-0.26508176747482,0.315346268048859,-0.200163814454203,-0.280997432448513,0.276487322619713,0.133188872402999,0.235405298238567,0.307452550840812,"TCGA-BP-4158","High"
0.207009837916181,0.11342782919175,0.151927935583306,0.0557966406838554,0.151082859441342,-0.224808206043575,-0.135541809733258,-0.0927155691368088,-0.273354097872307,-0.140127320373593,0.282103047458098,0.0961025688016519,0.285414244489807,0.225434956596941,0.168995451278632,0.461423138141158,0.391560127393972,0.0561629264452448,0.0793796239032407,0.0416352694331202,-0.324688565794594,0.189159547637807,-0.158415303539187,-0.259337904935044,0.286730134014637,0.16226377061083,0.230331222000833,0.278245786525735,"TCGA-BP-4159","High"
0.347590585000884,0.207917686160029,0.372030337759997,0.16348500027457,0.160664854186292,-0.131154568043135,-0.0199577388892126,-0.0693767590664078,-0.271564920611574,-0.207296373731278,0.129371535082775,0.0753292669451163,0.130459803641815,0.326177291393957,0.074894257014952,0.386394579705188,0.460193087557144,0.0600522801192793,0.206655017897846,-0.0442010749490347,-0.298099332960166,0.0486196627469052,-0.181252625848691,-0.141456687335024,0.391210874512952,0.031173145874462,0.0674164221801236,0.396362836350516,"TCGA-BP-4160","Low"
0.258297075187731,0.151226085976494,0.314672045770973,0.139771471064464,0.204853525800595,-0.116780863138256,-0.0753134480566292,-0.0349042949079144,-0.355191965817298,-0.0973440540804156,0.203237022635805,0.0990915983045758,0.167116983898532,0.305715562589092,0.059603549978684,0.35019774005244,0.448878353166708,0.0600524573309596,0.13320329483188,-0.0408029127059896,-0.318432296103814,-0.1174445847266,-0.110287352052444,-0.135849109725729,0.41372833799595,0.127543671129431,0.0787335309504028,0.37403315031179,"TCGA-BP-4161","Low"
0.315480514303276,0.1715511001153,0.346455212852294,0.132372005049248,0.196315931611487,-0.106977999250688,-0.0159442965306424,-0.0667000991731993,-0.277870662740148,-0.159045260760172,0.12610043799349,-0.0143904753535764,0.0779290220425332,0.278074019979211,0.0820291948584045,0.326224277788088,0.464711636400065,0.0535817414296685,0.17813004790859,-0.0057933501855789,-0.287617865317488,0.171086730055352,-0.218520864419491,-0.127985965860939,0.303980039033534,0.0601456924351314,0.106537653765963,0.357310052024902,"TCGA-BP-4162","Low"
0.137062767110978,0.119574198004627,0.214622946830798,0.229441582443931,0.231841693615094,-0.205504289823479,-0.0994045285320088,-0.0883839597126338,-0.321513219000389,-0.102645996495329,-0.0053973784253352,-0.0262994996179092,0.0278451713769425,0.197149538265074,0.0878615996087428,0.438248092087107,0.491108268401941,0.134808865825509,0.180719383388877,0.0225930530931233,-0.268090455619329,0.193252714984898,-0.123090949534674,-0.174968973582969,0.337730165342351,0.164680090157436,0.126247133724236,0.253257256934325,"TCGA-BP-4163","Low"
0.211949841656141,0.149613345232646,0.271656530746196,0.104277552443865,0.251658555934818,-0.0601738292207204,-0.0247480144137423,-0.0862808273049261,-0.288507468186854,-0.0357483066801513,0.00719293409906035,-0.0409174519364133,0.0534233789914132,0.243280662627901,0.111212187184691,0.362734407819776,0.442934812682817,0.0700809011868673,0.136319586558691,0.0352051218235255,-0.27109643044324,0.172080369797874,-0.272646453399272,-0.21656352801241,0.354218465311503,0.133477103154645,0.185927745351097,0.279439387953866,"TCGA-BP-4164","Low"
0.304731773840849,0.140625467768792,0.306295550807307,0.063873691924896,0.121591238835401,-0.248816462622748,-0.054305760602519,0.00801659462083066,-0.25801743300306,-0.117596707122336,0.321184892304571,0.0328258713875343,0.240417052222825,0.346660448183554,-0.0220018259302067,0.289015820342091,0.32377154295871,0.0263973831836097,0.00726424492655475,-0.0966018717890774,-0.36540385023502,0.230160131971997,-0.11770156132696,-0.180749007984987,0.309716981144168,0.104349687642593,0.166485510385693,0.396734284971016,"TCGA-BP-4165","High"
0.197203439522027,0.127878640713126,0.175614904000954,0.131101888132397,0.173950436253821,-0.219644600948533,-0.166524133901187,-0.123046628650664,-0.370512245728289,-0.0903893031916923,0.220831273857312,0.115158587099619,0.245624338516601,0.268725316239408,0.00801152528345106,0.341406287782196,0.456090338187278,0.0449640747878259,0.177757063696116,-0.0995437626476127,-0.275424340299716,0.320114052048131,-0.0955720721787282,-0.220346241853098,0.41552870837877,0.132757048356506,0.163569154874228,0.307044145516602,"TCGA-BP-4166","High"
0.292606367719459,0.192212346483806,0.343183843452367,0.181391321254167,0.144370059517047,-0.144565079618217,-0.0744276819927239,-0.0655214384673672,-0.370446382507735,-0.331720476901607,0.0895491331605676,0.0509220276152579,0.117147796645534,0.38639211840057,0.153158349302717,0.399179353725973,0.442418941710601,-0.0034332191142068,0.153827570391558,-0.0403212272357808,-0.257919922726446,0.141846864508471,-0.121575131369375,-0.115544191116982,0.372582670515942,0.0722326211530524,0.127960197378672,0.429917234107621,"TCGA-BP-4167","High"
0.106799649217058,0.152692009586273,0.0807167760735485,0.222317654411026,0.211469466012358,-0.136326829411403,-0.0946118628636014,-0.21124254636451,-0.340737181227537,-0.215905200898348,0.0683789244270547,0.0937190080983538,0.140233985759572,0.119304077025559,0.241212008491766,0.466267129011981,0.49080581153252,0.147926850197757,0.213397757316051,0.198742254253769,-0.392069791056206,0.224380234967671,-0.00678766422295556,-0.120100219927827,0.372600029083326,0.157260902889802,0.0740985573800163,0.15197477247624,"TCGA-BP-4169","High"
0.225408234102434,0.142445127589436,0.272338139999934,0.172553333531904,0.190376166883202,-0.197889552197935,-0.080898651893053,-0.103514690661654,-0.284714302737792,-0.148593869678228,0.0667998000848418,0.0522623029854641,0.0455403932248136,0.247159984837907,0.142571532109231,0.404977127563794,0.467579860074374,0.129727169748801,0.160276877288684,0.0797441080516317,-0.300495758861489,0.134910442516335,-0.208491785289531,-0.208570798966132,0.355646462209871,0.0965539428900292,0.130883513688713,0.318612361893957,"TCGA-BP-4170","High"
0.359988351296508,0.197785932110172,0.385482945194186,0.231791914806063,0.223922870720366,-0.0664560433265548,0.0099492110241361,-0.0173170765872728,-0.20160675146998,-0.277566994859601,0.10146826607769,0.0127457581825282,0.102555644030804,0.349292512864736,0.0909373520393279,0.390260152569442,0.428879792417548,0.0966439819369854,0.12543836783357,0.0211507038265446,-0.283467056646927,-0.0740892773571332,-0.231883042911981,-0.118466392832716,0.29429882768974,0.0542277874322118,0.053426148486035,0.446626740243626,"TCGA-BP-4173","High"
0.215799732463014,0.126207128381929,0.262982238665057,0.170735628331029,0.226557954170341,-0.180757724899522,-0.109281705513702,-0.116894082045296,-0.335906727824869,-0.116930892524821,-0.0247433620198286,-0.0512372543254698,0.029571914388862,0.251030620675853,0.290674642918631,0.492627539298341,0.473526446367296,0.0408854409156062,0.202808402992297,0.204108342991538,0.0170078407027766,0.0822542576682185,-0.283636617995598,-0.19120237891778,0.285178061250784,0.0957052257599367,0.111176571501471,0.30724828903181,"TCGA-BP-4174","Low"
0.055609972564459,0.148805337767334,0.0356759258459388,0.205529548467391,0.270890364321024,-0.109895162454517,-0.113649976617582,-0.224962618328701,-0.305267146222763,-0.0774485975676639,-0.0262823458895947,0.0604339377924107,0.142620769732398,0.148044564540132,0.320642214718016,0.458071043041735,0.511329369925031,0.11822609366617,0.239236414146209,0.169390327273427,-0.24598475872997,0.0114935555007864,-0.10438825697567,-0.195300908202022,0.392595926508783,0.20313765425777,0.0607123255165719,0.128039531686632,"TCGA-BP-4176","Low"
0.0787541085897611,0.0657420183188808,0.0727998511594653,0.15492365163527,0.20633342318098,-0.160634420779213,-0.112187030628165,-0.201831056480513,-0.179626123714554,-0.0907269929911492,0.0542104967502136,-0.0186516922694718,0.118450876480131,0.182513912726417,0.119124245637561,0.345615473681241,0.456349769286246,0.141370002768089,0.15329731251811,-0.119089349370563,-0.32871283453299,0.263835852186246,-0.0291004359616447,-0.197077709464104,0.327917430552946,0.223912464247974,0.163617801835415,0.20663742493455,"TCGA-BP-4177","Low"
0.295660445106919,0.162869461692915,0.353808094131002,0.0580731367384135,0.171218248034403,-0.183694423182357,0.00658890792531283,0.0328267015325787,-0.279619067112203,-0.122220177599553,0.132349637567809,-0.00799644349301596,0.071299268321292,0.293636573212101,0.0874020048178731,0.37051742441678,0.473644338509859,0.166498442231526,0.187848594075808,0.0029936693992041,-0.29321512885654,0.0114092200762305,-0.230776163921291,-0.177966494865457,0.327301140447571,0.0641124532358278,0.085165423224708,0.368570143994424,"TCGA-BP-4325","Low"
0.101158374738597,0.148888796837501,0.0539140033992032,0.135533285381233,0.182993128804566,-0.00227215418622863,-0.10187434547486,-0.146488050289858,-0.290905001574047,-0.135172339618426,0.180491601624822,0.0756571473004656,0.216126333815186,0.0955917380082214,0.205116286073967,0.405667834523929,0.452440435167346,0.0732362922953047,0.187756858009443,0.111179826416507,-0.336245601808624,0.353177725341594,-0.167050196233564,-0.257072486342181,0.332407955939984,0.0521596351076476,0.153704595717775,0.0893873585185227,"TCGA-BP-4326","High"
0.211029936872357,0.119705951022382,0.185218259266362,0.0199298779152383,0.196824831814737,-0.116542849044144,-0.0944449924400972,-0.0583526232219075,-0.311409560884305,-0.0925340672531186,0.308060331316833,0.0673206060824187,0.242634504434159,0.241444300331995,0.0869248750175084,0.34934181132576,0.436683356971002,0.0376882202139063,0.130212722539694,-0.0687734301360706,-0.321235947022254,0.12184918508811,-0.0848091465544111,-0.248595737463775,0.373704810732289,0.112739052615185,0.178582307163616,0.334980963454027,"TCGA-BP-4327","High"
0.140822543591415,0.120980645007734,0.121288090587126,0.0937970530333384,0.226230876922731,-0.166531356505776,-0.144812017402298,-0.128239582180158,-0.276688627320548,-0.0582099354901293,0.122754233703292,0.0168518034661451,0.180683869388116,0.233610223831025,0.10100543585822,0.427832819664769,0.477053530695523,0.0900843171136717,0.174722217484292,0.0195097858576962,-0.316132390617561,0.298878359008903,-0.213897327334834,-0.317701607612313,0.330740788299537,0.207973095171491,0.186997832752733,0.251220046471446,"TCGA-BP-4329","High"
0.26400857766765,0.146771811852261,0.350852399858722,0.169094916711877,0.15137996779583,-0.13265865887595,-0.0292474935796626,-0.0439715634340509,-0.28967341352895,-0.0790342174720359,0.131417657658749,0.0309731712561954,0.0664365548675668,0.291805064279258,-0.0707158110496311,0.258205637315966,0.466856769141087,-0.0137524871040805,0.152846296739206,-0.140692094037582,-0.330683256268641,0.131833554273273,0.0769856754634362,-0.0479610967829391,0.450927137259301,0.0796041980519776,0.0397931324325151,0.357310052024902,"TCGA-BP-4330","Low"
0.180684683736185,0.100038459167214,0.17378312550523,0.113157276696939,0.184455399517022,-0.188969192415827,-0.125340808094997,-0.107245715028126,-0.257293753297005,-0.0981496194812556,0.170800376352487,-0.0356111388952987,0.133626558671953,0.248806243150805,0.117004103595256,0.39228073413781,0.476814180541142,0.164432966625368,0.198850153077531,-0.0358018643489175,-0.280170144561391,0.172460950818022,-0.197036234912129,-0.236273101890844,0.317610266363551,0.1382907710827,0.212481190817906,0.312922468478635,"TCGA-BP-4332","High"
0.0356518271643499,0.0858636881391677,-0.0515438067977435,0.0316948922196798,0.285409325640608,-0.0642910868999573,-0.102521823644876,-0.164701310261146,-0.205247326560903,-0.100146436334248,0.195293435253886,-0.00908842586196105,0.123278380543193,0.0285849629974433,0.164525022097638,0.402982766173918,0.354633416540691,0.160724623132784,0.0671513982195534,0.119199163284818,-0.288171676358637,0.3074479095353,-0.201521672314008,-0.293712387282014,0.245070366418559,0.114076818170077,0.199755259066803,0.11603018607635,"TCGA-BP-4334","High"
0.280619286598203,0.177850465724853,0.307981828227191,0.052430983362191,0.185627077745946,-0.0540932281318134,-0.0136964224844392,-0.094189723557258,-0.303587535079603,-0.131756932790005,0.0710083958640589,0.0412971442206999,0.058323135172939,0.283619683759968,-0.0412590350827767,0.317860746498944,0.378773311150183,0.0424723264039818,0.0679163766941331,-0.126451342562499,-0.306966570667392,0.114844628538588,0.0648178501757405,-0.146032397371073,0.486781554333494,0.0918983307388311,0.163641464155962,0.351768286145243,"TCGA-BP-4335","High"
0.11051515329799,0.108569509806473,0.115601809170817,0.207808526387007,0.141578830986731,-0.149324959551538,-0.0395427863471651,-0.16872880037904,-0.269897982316442,-0.0575886647238936,0.0549947558052829,0.0328309980701465,0.0938871390186438,0.183244621436173,-0.0401270106347439,0.338882693754974,0.382244672089202,0.0348195885739422,0.0568737345753207,-0.118131102130255,-0.329551569574805,0.342452199952974,0.150363042145656,-0.0228765776965149,0.420157213074748,0.143501526844745,0.169565035475438,0.216769211040912,"TCGA-BP-4337","High"
0.0930689408849379,0.137621947559626,0.13700644055864,0.067166846761223,0.214583986109357,-0.0844295415760574,-0.0883426808068483,-0.0684355659585063,-0.327287325233308,-0.00630380187532319,0.0226307688811,0.0130539878490336,0.171994502797593,0.228225225573825,0.236645532723137,0.36908000123686,0.520480992208133,0.0512885677407463,0.282658746764178,0.0435417668965473,-0.206842745390577,0.0544595356483847,0.036763044446931,-0.23509968986688,0.428567320708557,0.0765008988267544,0.0664210454329557,0.235056137140289,"TCGA-BP-4338","High"
0.170963420923686,0.116067100751472,0.124998323951932,0.0394807646000139,0.227535106952126,-0.0688732668797896,-0.0683030910208011,-0.103974172676329,-0.298787535200956,-0.0159451981044998,0.181568482651192,-0.0104782768595174,0.154387009452765,0.209486389365317,0.0458860505153914,0.353585476513353,0.429955288733171,0.0743065923934076,0.133035388137023,-0.0031720254707316,-0.388906121192552,0.253791384588172,-0.123415335917189,-0.251500375548,0.383346311933691,0.0888994731664804,0.150803423838342,0.268278564283662,"TCGA-BP-4340","Low"
0.154176804884701,0.0819365919131629,0.0757974199515905,-0.00444689972663051,0.182912497119227,-0.19903458408499,-0.111730154679531,-0.0559336288218365,-0.270217800136496,-0.0474385672568394,0.239490554587186,-0.0823098585624241,0.174787274463921,0.213319557972032,0.147489104741282,0.388538746141901,0.401237878175681,0.0790671998113691,0.093247590998467,0.0929878722203371,-0.304779952899715,0.308556882452963,-0.139502328924607,-0.28019038860487,0.251827785875041,0.133423918284145,0.221678584015799,0.324083686081688,"TCGA-BP-4341","High"
0.162232093536233,0.144100927626186,0.228111623278372,0.172151020891939,0.209967370553722,-0.145535223485352,-0.151347054459893,-0.108881875328804,-0.231893167254661,-0.0442781046413264,0.00784854401593772,0.0893751573440531,0.0551366886733678,0.270999824732543,0.0425758051621082,0.329817411007629,0.504295578011047,0.0312534591861619,0.224176028866526,-0.133323532121688,-0.211228870169638,0.162263085022087,-0.0923535475153924,-0.132750098181376,0.402912892144696,0.0581259437548019,0.138591464228149,0.279439387953866,"TCGA-BP-4343","Low"
0.175249644547004,0.209424137721406,0.18424768567956,0.141100058724597,0.214305936633872,-0.0687558953201549,-0.127826736995778,-0.110423919022571,-0.313678826937236,-0.263973771690192,0.122905942607107,0.0304140459952991,0.182414950500562,0.24413488695812,0.0744535687350786,0.434281236522636,0.461678890176647,0.103720009003914,0.187695065428646,-0.0289161646848913,-0.269187840147366,0.273241475291992,-0.206467577707159,-0.251373042174395,0.348110961012303,0.108558390552979,0.172007140897882,0.303134272044429,"TCGA-BP-4345","High"
0.343128677214919,0.201822214418161,0.427416931509898,0.209607114622398,0.190647423843282,-0.0713293922794042,0.0247039094254769,0.0336414160569533,-0.228030056334939,-0.0927624358388727,0.130075292482749,0.0611018318083594,0.0701092017832419,0.351096256080875,-0.153182695459535,0.260589401871261,0.383503130029867,0.0779750269097798,0.056165821991118,-0.214756217725145,-0.304938299378932,-0.0226144665457038,-0.164985438098775,-0.0974016731624436,0.345656446301948,0.0752509713882809,0.0236401317343911,0.45218708492125,"TCGA-BP-4346","High"
0.207080439406769,0.132583076687952,0.226660453231822,0.157877229565337,0.191089675966116,-0.122824348123938,-0.083356235564563,-0.100478313946111,-0.294870558975208,-0.0321944799989147,0.129970291022918,-0.038755289009912,0.0999622374986539,0.235856987526049,-0.047115228785357,0.312575893624724,0.425556104277287,0.0736135482991946,0.138681125204014,-0.114274579651141,-0.315810046925169,0.35053398321652,-0.213294552708922,-0.213335028798344,0.316060243536952,0.14261445915216,0.157126417198861,0.318208973617788,"TCGA-BP-4347","High"
0.228738109759782,0.146750884607648,0.203071925716782,0.142054743142063,0.162547171594337,-0.168513232623934,-0.0904902007538304,-0.0281009878116574,-0.235667387906676,-0.09686422396401,0.164020269681182,-0.0481436981849138,0.127102910313958,0.262795399581749,-0.0498866774855495,0.30819161524638,0.412862892967682,0.0449274848218843,0.105671323312217,-0.118295571963409,-0.253138657898018,0.206505378002826,-0.0863556716513256,-0.211153192417464,0.285689926055544,0.135587633314532,0.227142350782236,0.334980963454027,"TCGA-BP-4349","High"
0.242570725346891,0.156869027374107,0.195440567030584,0.0983155658101743,0.16835575033006,-0.115422633852617,-0.0569145767950889,-0.0787601201110355,-0.265091912765382,-0.0281779428825141,0.317007155801649,0.104714816671132,0.26950620401212,0.282482747856967,0.011515900163704,0.306163907033617,0.40052462561651,0.0362887778107275,0.0942285059248256,-0.104148424012762,-0.255787741172129,0.102631364101277,-0.274797683571937,-0.229716440893862,0.234134954049357,0.173407127158649,0.201248388013939,0.346243312878594,"TCGA-BP-4351","High"
0.13393880106719,0.154825363093337,0.144876386160423,0.0659089129731651,0.178963330458345,0.085588018051656,-0.0113946892555975,-0.0790091567808326,-0.234764394950007,-0.296431746376621,0.201753337295371,0.116527497461638,0.18830233422556,0.190026616212465,0.169442123838561,0.440637687581749,0.433598969852901,0.0144037047409981,0.139457196524583,0.032495882633877,-0.214254054183171,-0.104347534021252,-0.0164337784663335,-0.163631802210822,0.419927635466914,0.0702699043802311,0.11393474722711,0.290322904249675,"TCGA-BP-4352","High"
0.172594787259614,0.235205955421191,0.207960697826469,0.174407413134883,0.22902802591733,0.100324056177005,-0.0448006805508428,-0.0112428906327731,-0.324699634508624,-0.318620943614609,0.0531944788915173,-0.0206607568705439,0.0809586427054799,0.150445867738622,0.380295825523347,0.48890495338574,0.540713506424558,0.159583049917069,0.29175394148267,0.299940547904565,-0.280790812842574,-0.270055685303056,-0.24473628756567,-0.250876703952575,0.281845621570673,0.0583984716524779,0.0848737521037611,0.229337783277337,"TCGA-BP-4354","High"
0.104998723503417,0.100227396937311,0.117218400253955,0.137701734496248,0.189244208156747,-0.0998297604800962,-0.0716417613094077,-0.0634176330660621,-0.184482382043607,-0.0806976841379555,0.10846889773556,-0.00743468170887805,0.0946190470375127,0.145231183075248,0.0727185170575492,0.400139638162903,0.445223946331158,0.101126197836133,0.163937350669049,-0.0156970927293918,-0.31014204659366,0.277823161418549,-0.126664037907196,-0.254295154191135,0.272207770808864,0.129152180232227,0.211736435742221,0.229337783277337,"TCGA-BP-4355","High"
0.208985097593651,0.101912383404363,0.289663077431335,0.197279122266834,0.291581703880878,-0.172084097266383,-0.0618677744418267,-0.0187751871343709,-0.285339953550987,-0.0648602399125252,0.143839178982647,0.167578311765667,0.168013012759568,0.269228176839381,-0.0828353250747697,0.276645294521843,0.403724464346568,0.188680195215832,0.0920757287068306,-0.135111696613368,-0.272281779180189,-0.145723324174537,-0.106668504730895,-0.165684360607256,0.381051590599639,0.255444851882948,0.0600244072931322,0.346145503117962,"TCGA-BP-4756","Low"
0.34041270115422,0.189069112103228,0.390866210641032,0.187341813027069,0.147768735711501,-0.130566703551442,-0.0187279838587702,-0.00511224748559815,-0.243220631227249,-0.173581556726049,0.116195631799936,0.0870733942703052,0.102343513558066,0.368536046684347,-0.0877831243337009,0.248312790768794,0.319084629709275,0.0558959307229371,-0.00956696633437057,-0.196905582918238,-0.343994137572073,0.197287423770832,-0.12834370992159,-0.135528107975006,0.36865568804514,0.0498778667847052,0.159882560280754,0.446715080938897,"TCGA-BP-4758","High"
0.25053815602596,0.128639091519479,0.255849494494799,0.149571871866698,0.179783584328128,-0.246033819156524,-0.0877959229575272,-0.0970281540186,-0.259027445117837,0.0239081395035777,0.217995270902486,-0.0022598668146454,0.137796934717927,0.33273959341185,0.0510667943811615,0.355343163935194,0.394691046599715,0.0301494862472927,0.0781249225569922,-0.0325482449319225,-0.263021921525394,0.203750159345772,-0.206626481996996,-0.263278621196708,0.266411485396052,0.0752385722055372,0.229772676439372,0.380111588516222,"TCGA-BP-4759","High"
0.0135439015141924,0.0684582146403662,-0.0379348054907803,0.132860639720203,0.22555007643613,-0.0930564686666923,-0.14015741011946,-0.176767149623612,-0.174493247477829,-0.0784434331525007,-0.0158391564419084,-0.143309188444852,0.0444213498428505,0.0745364966351654,0.220449117950896,0.402770622847297,0.438621619517783,0.201333373037993,0.149615445259798,0.0390367313610699,-0.293475651801988,0.390872060978121,-0.165997947628269,-0.31253103716155,0.293601775998502,0.230344479541452,0.139970521833369,0.100528557918295,"TCGA-BP-4760","Low"
0.229472252522035,0.0876483136482119,0.268441919918406,0.0269453206331592,0.0953764927180646,-0.103057317356734,0.0173001296287226,-0.0398894397973522,-0.271492124032475,-0.129106674845881,0.184611636725954,0.157256605382708,0.156494216151652,0.278592622329737,0.124162610195585,0.392494235350087,0.309445628903561,-0.0202700164068102,-0.021583682107684,-0.0376272549889843,-0.388668865370738,0.199119810954092,0.111770303673491,-0.0875003945358339,0.507999960162302,0.0569439604581881,0.0691684598317654,0.368570143994424,"TCGA-BP-4761","High"
0.159402986073735,0.138377372222162,0.19724825370056,0.235554428903018,0.164123758312057,-0.194514940905271,-0.107249645045335,-0.184664863075397,-0.280113980613399,-0.130607838731126,-0.0541698383849114,-0.0326836214281973,0.0168694366000097,0.228803882203071,0.0816318038760362,0.404131341334232,0.497216406559533,0.0926330319438063,0.2098766097616,-0.0200066068133028,-0.330754593184394,0.309925951542214,0.0400790034878655,-0.0889834598366495,0.374020439275927,0.182422227283354,0.118557189398846,0.268100645794801,"TCGA-BP-4762","High"
0.18216730154762,0.134166383470365,0.197916624623851,0.102707501337513,0.150927381306219,-0.187743345565255,-0.115979508917851,-0.0906848932096438,-0.203872561623569,0.0230974357850501,0.11561770664233,-0.0297494303103467,0.126629267916748,0.271313132744106,0.159347278033794,0.352627196293137,0.458784116439071,0.0609846128031363,0.15860937209108,-0.109107988798059,-0.252353058005339,0.123256214831673,-0.172873465597075,-0.194392291467297,0.336893372152155,0.072825929303865,0.161545359204522,0.290600315786212,"TCGA-BP-4763","Low"
0.104972480971069,0.0854717722376903,0.0106272456260931,0.0588337602175804,0.180912650503204,-0.145695317910158,-0.143551543354964,-0.0848391738000589,-0.326423410025486,-0.084835765922824,0.260304996940321,-0.0591074979397185,0.242503501606333,0.118104922296575,0.0822852863329457,0.38285571673829,0.488124534394352,0.164513170287073,0.221488195755834,0.000277813956348238,-0.3537215332827,0.270716810272261,-0.119740477317348,-0.302594833021878,0.315284463766588,0.174758265397349,0.186679133653128,0.180431760095611,"TCGA-BP-4765","High"
0.0468745778734615,0.0391136500514705,0.00646250152266476,0.115167043146266,0.224197918903488,-0.214536539459806,-0.16041128832883,-0.105919331155729,-0.327279999848639,-0.0599426649230426,0.132886658263512,-0.102401855867476,0.122503872220235,0.10650014570564,0.309047163533254,0.479476710608829,0.477094618773935,0.190061386978601,0.195014949608669,0.225677769429136,-0.22042315136509,0.195002497847742,-0.198045398952511,-0.346611951347346,0.303603787434483,0.113463702072778,0.185493814178487,0.191726522417042,"TCGA-BP-4766","Low"
0.185826857932142,0.145491691165394,0.249703818099648,0.081661543580037,0.226911667859933,-0.0759524934130533,-0.0307000422268815,-0.0835389087191555,-0.257021526320979,0.0439966957344063,-0.0276744886603515,-0.0890398015997893,-0.0118437051561124,0.234579903358063,0.132267362498252,0.337363105910825,0.444198206361886,0.128380327243391,0.166382122011035,-0.0369748760050885,-0.214652034490838,0.0698565556028256,-0.200772473014869,-0.182079021234517,0.263783317972366,0.064429666333428,0.182058235177322,0.302001217673134,"TCGA-BP-4768","Low"
0.00839393888397158,0.0895130700706919,-0.0392737731320886,0.121541100192166,0.240803996454359,-0.111138017743338,-0.106732941386464,-0.143020727198378,-0.168236045491482,-0.0526938567542358,0.039585456897843,-0.00625587307276952,0.126352530397027,0.0983781399979136,0.0777252613502903,0.30732728261551,0.35853068093112,0.164260466283968,0.104998298220214,-0.151866557349001,-0.297065166578853,0.318287302236684,-0.0650649365969482,-0.25253302690426,0.353518980667941,0.125949661417227,0.20196208166193,0.135499714859986,"TCGA-BP-4769","Low"
0.238754275334847,0.215411800053519,0.237459590101185,0.152691341079256,0.195985435776148,0.0170231971164341,-0.106575309071862,-0.106212819883535,-0.298790896585462,-0.412721832277186,0.16953072302167,0.12699208785625,0.20808334630835,0.285356606234203,-0.00286237770427362,0.383937554928373,0.485845809842909,0.151182414160034,0.270255377939837,-0.0951298330134371,-0.299467577098007,0.193785187494521,-0.220200248746752,-0.236864228419276,0.306365496986947,0.0808769884040787,0.161468048175574,0.313159373766893,"TCGA-BP-4770","High"
0.386921016382958,0.230260410819285,0.440942077741222,0.23490578032689,0.126823478681189,-0.0386537271566264,0.0159162580919129,0.0607412042066065,-0.255540757403627,-0.253376292503924,0.141684450817835,0.0634457425955544,0.107302210860455,0.403843353749618,-0.0739912267826455,0.287259627945969,0.37920642966935,0.0322454167754284,0.0606780639109333,-0.124660812361492,-0.324711584610199,0.0955247682418703,-0.223201518910068,-0.105860864256343,0.289780963248138,0.0621946403479481,0.0636984237148276,0.502449900167831,"TCGA-BP-4771","High"
0.20130688992834,0.144835054995923,0.226988984747762,0.24323268366659,0.196577514890347,-0.174168881541915,-0.0525777870842032,-0.0540740506848839,-0.27589139370156,-0.0961412098580409,0.121946737594876,-0.0714817826736213,0.0711524548007085,0.258386045672664,-0.0484879860547591,0.303202189557465,0.438636713916022,0.200010461470525,0.147076050485145,-0.132281036967955,-0.323185834176334,0.125498615430556,-0.151243587358106,-0.191027055807058,0.294414076030081,0.0997382084168905,0.195294599683778,0.340735441978971,"TCGA-BP-4774","High"
0.115400663610275,0.118179571267764,0.118417196365551,0.216664181933587,0.218272941078853,-0.193404179928394,-0.0800976219491288,-0.169553269384896,-0.303655737413613,-0.0548638329870314,0.036605970023833,0.0154743425711166,0.116022463493579,0.168355516430892,0.149004428432816,0.420506831082698,0.48883847678318,0.119611568158977,0.177886769462887,0.119826899853679,-0.311647181418397,0.284284962452676,-0.133003831578387,-0.167388431501511,0.366936786051628,0.150648417690729,0.0802469109030925,0.234611618648605,"TCGA-BP-4775","Low"
0.216456495061044,0.11076496428931,0.185167366046766,0.0323693785721552,0.149399759385512,-0.190061599216185,-0.0631919757007669,-0.104933168209932,-0.362598662988985,-0.161042345860346,0.146184528238269,-0.0314745440214432,0.112085144964361,0.260868053862852,0.02804656043389,0.370756425941528,0.403117879447952,0.0915898744368651,0.096158948646203,-0.0885988256889282,-0.269616995834706,0.14685204459317,0.198245425871376,-0.0596622627245438,0.47807401752194,0.0448697099381442,0.186412497090414,0.323816433371316,"TCGA-BP-4776","High"
0.324656715531717,0.227542012055234,0.346847864077031,0.313336454128205,0.180937475736298,-0.126758442070052,-0.0494749547658656,-0.0991724232434298,-0.307508230848288,-0.161446951488433,0.0764797648943549,0.0317640190357387,0.122599828747309,0.37417890543286,-0.050025162527356,0.311909994605945,0.439554072826211,0.0404895033854176,0.153703995417465,-0.114577554272922,-0.28006669955306,-0.0663729029097296,-0.0120281728227295,-0.00180725543678478,0.370010611264758,0.0591280476432309,0.0838058288522285,0.407588874185317,"TCGA-BP-4777","Low"
0.0730777112124865,0.0874476056348909,0.109425427721784,0.097944548897726,0.235675826091475,-0.0788459049496253,-0.103360653330135,-0.14773421091431,-0.35079908461992,-0.130261079052305,0.0427824354210279,0.0812723113024453,0.130874129865329,0.150193066910303,0.233613264865263,0.443062598657268,0.493216373809243,0.236323348238546,0.2301303700938,0.0988818897149978,-0.18493742603862,0.102260642126033,-0.23130453999358,-0.314715107155678,0.315733831040707,0.116625379936866,0.19047709312773,0.178678603772648,"TCGA-BP-4781","High"
0.276447822387806,0.139351363633919,0.274610925300456,0.160985102375657,0.148999505802471,-0.108398484364803,-0.04723898249079,-0.0795454505045536,-0.338452960205373,-0.138106394700277,0.198048147841718,0.0216754205761622,0.16151789987412,0.321780030138681,0.050541413548712,0.318794472882364,0.473068392704349,0.0940643583170328,0.207743213401088,-0.118253089162608,-0.239706224496419,0.0920516858937032,-0.249557512493084,-0.195097773852375,0.307638202552569,0.0408740177662893,0.162637874946169,0.390803751052199,"TCGA-BP-4782","Low"
0.0352074230194523,0.0587619387994484,0.0181438288185772,0.138025373770998,0.160892987823495,-0.0408977538609205,-0.126249245919099,-0.169238838430581,-0.172111834444304,-0.103389449017988,0.0724729410527296,-0.067873735625548,0.104422656406789,0.110041029081295,0.0639509699614623,0.315649290900616,0.40818854140267,0.0907937838005315,0.137219254071068,-0.174667813845731,-0.33392684840795,0.384357568788506,0.0600315730473162,-0.225945380956859,0.441391725857194,0.173902101831669,0.183208301613884,0.145517735820317,"TCGA-BP-4784","Low"
0.157226456116071,0.161197125514764,0.177396471174673,0.15963625171934,0.211155038412408,-0.0404207735866891,-0.134398794698874,-0.142981813682446,-0.375483954860776,-0.0939517767091358,0.0355867880177724,0.0108329814842486,0.066885415271062,0.220479911380183,0.36023329440832,0.484708313759695,0.508778253302063,0.117212771696783,0.235299242646053,0.230610320255869,-0.173811280350658,0.0933583487899676,-0.312200871351232,-0.279989697149485,0.227078601271661,0.0968860619368847,0.061725994147486,0.25693758609747,"TCGA-BP-4787","High"
0.164064126674164,0.115878022041035,0.10683910317729,0.178630927285181,0.157539049961816,-0.151276626238919,-0.122301726226665,-0.122924492605862,-0.360117087558605,-0.0665405316226944,0.215463836670185,-0.0747499605150948,0.147209346002442,0.248476637761391,0.0640086836967554,0.350253591352192,0.43826184759121,0.0898351819019668,0.152819049484458,-0.0607990625544986,-0.321973736131823,0.407075450640374,-0.173799084792485,-0.305453410708015,0.261907083058665,0.152055824493775,0.163580226546386,0.30724828903181,"TCGA-BP-4789","Low"
0.207684305044786,0.186605085168147,0.297498657114644,0.216878095409522,0.201934861280491,-0.126804888035519,-0.0222713151571714,-0.0636660669890908,-0.228923196925609,-0.0249237900647557,-0.00624815271216328,-0.0350735723147336,0.0609502432437505,0.279390155289866,-0.129988421265199,0.256563314849135,0.467918012385601,0.0613751931580351,0.177414063961733,-0.256168780445716,-0.340543242973117,0.184390575864629,-0.139909480065928,-0.142970205935396,0.410732542910914,0.159983539848682,0.102920262931565,0.308066047926687,"TCGA-BP-4790","Low"
0.0789540812587234,0.0877906274503936,0.0592951949241532,0.236039664535623,0.164093215884654,-0.21098066112307,-0.145251770329167,-0.211964023865632,-0.218952717222426,-0.127968044191424,0.0415589245867717,0.0239370067764373,0.145716846211213,0.172857986377524,0.100561146113661,0.365172711749091,0.48135229729764,0.0544382645530609,0.199976955408813,-0.0991544402248326,-0.391044135741561,0.316776716636783,0.016683817981125,-0.143646087341092,0.375604770772154,0.274236151176487,0.196078944851845,0.224675218175486,"TCGA-BP-4795","High"
0.183402575083606,0.131408155333807,0.259489895208474,0.254725125934396,0.225316633579302,-0.167932816273942,-0.10634981044312,-0.132344870322689,-0.305800692586607,-0.0211817384059484,0.0414958062059475,0.0292943430563899,0.0791945922163033,0.284730218292093,0.119845100228174,0.377117335319563,0.484305916008017,0.0983869578885436,0.186547919808867,0.0578506019283185,-0.253849395627757,0.108039662005358,-0.266555957178633,-0.213307491357803,0.355629693707232,0.112728385128658,0.088205046431283,0.324083686081688,"TCGA-BP-4797","Low"
0.311438382623452,0.247793863202437,0.372742839919935,0.189488884069272,0.143580961272749,0.0151888724852239,0.00627452875642766,0.0704601043222838,-0.304362169092768,-0.381062062622538,0.0896123533128683,0.0449557274304421,0.0519729882646394,0.318841523708406,-0.0703144260008529,0.294918202086579,0.44765057627114,0.0647504317143184,0.128187030710079,-0.136875611927921,-0.202380298967435,0.065263279033729,-0.0670142288043234,-0.141632445010188,0.43979619575841,0.000167764467715288,0.0512304558112657,0.407588874185317,"TCGA-BP-4798","High"
0.314470323290672,0.156000943373598,0.303927580875085,0.0885974906125748,0.094247841516939,-0.20626716782204,-0.077772911710473,-0.0702065889764232,-0.329665620873944,-0.102930674566938,0.206208244143151,0.189932684629955,0.229882568141749,0.34548380021775,0.207080095093639,0.38112798793805,0.353636201089192,0.0486690243401584,0.101074949449227,-0.0493107188772995,-0.298675870030231,0.075159284215457,-0.0474016690361978,-0.149422776502552,0.423041201733894,-0.0203935106478822,0.15786950041193,0.390897113077018,"TCGA-BP-4799","High"
0.143805534976824,0.0979153313644398,0.16209076171822,0.165739576818903,0.210167226739951,-0.248198016981139,-0.167009680134383,-0.123888587219021,-0.350698287630472,-0.0460387763778301,0.057259701012825,-0.0588345790794543,0.0563446792127221,0.197246697631784,0.0836097149834998,0.422536019757394,0.527132523548438,0.152706729831187,0.272757066583198,0.00428527297394213,-0.201240788450626,0.306620555135774,-0.225890673087607,-0.221422851461492,0.261299457036743,0.160719418203042,0.185221030489545,0.234500584254869,"TCGA-BP-4801","Low"
0.160999717232641,0.111999213409562,0.172385157846346,0.0948245791589275,0.20413242369695,-0.157251339685742,-0.121347815898943,-0.0970271367937777,-0.330712737263004,-0.0998446300486853,0.230412480956656,0.0331262655758813,0.217985433914134,0.26730548972413,0.0683544116657608,0.321086354875088,0.433520015486133,0.104927272617733,0.116687920534934,-0.134861635785052,-0.235387993762445,0.179954316374322,-0.201363980263665,-0.304994049285533,0.340856643468567,0.144256578538103,0.202635216988188,0.318208973617788,"TCGA-BP-4803","Low"
0.272577905044955,0.15561179082916,0.340197489070554,0.209614540129967,0.165193425501269,-0.160307222451027,-0.0379940528897744,-0.050893279327192,-0.291456816282608,-0.0958905518436463,0.111374983576158,0.040949053867677,0.0833634505366889,0.298427871818036,-0.0101063636191306,0.297217413419943,0.424057127010753,0.0327613565486883,0.10077026914141,-0.216282734837668,-0.317870957705206,0.177522667557206,-0.100714493552934,-0.0926066524998424,0.356613598793401,0.0747101851802106,0.117129517872032,0.396362836350516,"TCGA-BP-4804","High"
0.0650832296983311,0.13240432762799,0.0445599243962482,0.035221947550248,0.212675251877318,-0.0930728338715336,-0.156638507089747,-0.115880261190034,-0.360863971523407,-0.0435105109263561,0.0397866430478203,-0.122000318783129,0.0884630610452194,0.114426126404801,0.302539497584815,0.489034049021303,0.520328440270271,0.201072156589333,0.28600190050639,0.221844849163688,-0.194429068699604,0.202036116615892,-0.229716291423627,-0.315027902682992,0.263094512536377,0.168187089992753,0.131892500244712,0.134358558897517,"TCGA-BP-4807","Low"
0.104194651293084,0.138294324706076,0.163233173754471,0.261689724208124,0.221572229350291,-0.162343224306706,-0.109646513998638,-0.0874745549521227,-0.322294178179467,0.00764007359024257,-0.0780832072831724,-0.11081877155644,0.0329204922672998,0.229922978763558,0.0647288667752287,0.399004875350666,0.531754672946971,0.0855066426305254,0.240304623187193,0.00201545692723844,-0.216137537336999,0.188186527109426,-0.178311008047831,-0.220931274644105,0.31155670725197,0.264418912852907,0.136306180365348,0.226351336113464,"TCGA-BP-4959","Low"
0.154074964816007,0.0990093637075363,0.137309892084538,0.0286969288485478,0.190827858219805,-0.0943423959357459,-0.0978987110832114,-0.0821282456997748,-0.418274357680521,-0.137032029591108,0.15792551185571,0.0672623755099541,0.201387418082252,0.19634815257155,0.260055031197548,0.473153563128841,0.394935250450597,0.109555087934906,0.0598757356903944,0.07721639951139,-0.312923298649103,0.178825662777278,0.00696383104960709,-0.151728691338165,0.397177047652589,0.112997411434974,0.142658999150227,0.245774576372827,"TCGA-BP-4960","High"
0.12028982883197,0.115443375724214,0.104509188198759,0.235712747405327,0.113474569929664,-0.0762165031095365,-0.102775741819787,-0.104955933427402,-0.360051883766216,-0.118240124887648,0.138440461468772,-0.0797424024863258,0.146587989306435,0.211961815662955,0.108843267518175,0.341847995859024,0.492825452527462,0.102367003440554,0.199951958960732,-0.0323057594475478,-0.250235900499437,0.336876836932803,-0.167424137195151,-0.263213874829153,0.278694421625518,0.0873372129403777,0.20212871260188,0.279158416224341,"TCGA-BP-4961","Low"
0.287042378111451,0.153684784282778,0.321921687573554,0.208971581142543,0.186270740612413,-0.134410286881553,-0.0875127236647499,-0.0642039285447236,-0.376531587665724,-0.140404680670876,0.0974807481113692,0.0291336181083767,0.132090658642128,0.355970248041928,0.00364220504934556,0.378240185989711,0.483484100679432,0.0114156337712375,0.174011434237971,-0.0517145327782237,-0.241318494176572,0.0380534604179652,-0.0820123366085836,-0.118569991929911,0.372010203634765,0.180152917949968,0.115594865712714,0.396424719738695,"TCGA-BP-4962","Low"
0.160060800183854,0.128158365714114,0.218159714326986,0.195195632199657,0.230017071457412,-0.0882619668189018,-0.0954650517078803,-0.0709285177875063,-0.321713871791614,-0.038672089181382,0.0220473391033462,-0.0787876551879579,0.0461154686623472,0.212536215375126,0.185569869303297,0.418607938969624,0.515750283270346,0.108530078068847,0.217860027855007,0.0427967493935883,-0.239423352783372,0.0115569454354042,-0.260403550107453,-0.232657533499392,0.278289774151016,0.199542175639421,0.173412918668739,0.257695347260124,"TCGA-BP-4963","High"
0.231349449641232,0.161976056495599,0.229393946245146,0.125129838517664,0.168368724892037,-0.102913699634449,-0.0750102885425531,-0.100326743268999,-0.349109706129168,0.00728014978786258,0.2135547839657,0.0596568521352086,0.22218325034676,0.313131163763393,0.0471403409405058,0.319974936141825,0.456651929335959,-0.00769089015631146,0.152797939862032,-0.166274626526357,-0.358942556640254,0.0978984661658492,-0.214632227300466,-0.240223454219017,0.34605610866409,0.215186005086204,0.148875868616259,0.357406710581568,"TCGA-BP-4964","Low"
0.133018078547483,0.102673323788141,0.160991227310756,0.109068532697573,0.194193104059386,-0.132960997783821,-0.125700711693208,-0.122851746905345,-0.350215589835972,-0.0923808718752173,-0.00120594713863574,-0.0749410077618847,0.039530630061644,0.152657552048251,0.144313065254816,0.383259281499948,0.497404980908566,0.172784778843517,0.212032612260643,0.0300783656146582,-0.253844394573198,0.364164009785037,-0.177341086581751,-0.232379100076458,0.293772798291883,0.109261183133766,0.192828424947361,0.190783296179859,"TCGA-BP-4965","Low"
0.139204789726465,0.0960131809732041,0.142684566597411,0.0649077310575911,0.173540606999983,-0.116289219440652,-0.102742218173004,-0.143293384848335,-0.417594822612995,-0.0384356704663119,0.126357814459757,0.0232226160723504,0.145971327021203,0.199509050291318,0.158190680769748,0.342698376420988,0.42764213828956,0.0260287938883169,0.123026972275893,-0.0327740511937692,-0.257287369697482,0.344091452083845,-0.0881570883282008,-0.239605046240366,0.40162094512886,0.105775784619142,0.172415932352923,0.240055235733741,"TCGA-BP-4967","Low"
0.339669413937761,0.189737446077354,0.365283982116846,0.127753736173892,0.156459912154907,-0.172015780874708,-0.0379304810027368,-0.0358885747728805,-0.350380682408404,-0.168298260516028,0.173834796483417,0.0912840023285722,0.142790436025966,0.349847295805081,-0.0022461693688203,0.367082257266041,0.373637890319244,0.0467860309883622,0.0741370634544532,-0.0721879095242163,-0.325650682851049,0.112686148114581,-0.19726791916021,-0.138966435513427,0.361778388188087,0.111946737573344,0.151602441506071,0.418692530294064,"TCGA-BP-4968","Low"
0.205612961550285,0.115040737258826,0.165288402062582,0.135420114403215,0.192503468075196,-0.12129840580408,-0.102412696530092,-0.0663189986378258,-0.339880011972159,-0.0666817226532435,0.177369027064249,-0.0609114841141322,0.162110688910206,0.215441014694617,-0.0629989040421825,0.263633328357966,0.4178723272543,0.086256678555163,0.135351064484586,-0.146824353386427,-0.295124050077808,0.281811833061066,-0.0999529277107411,-0.243200699718669,0.343395538897154,0.114213065823861,0.220020038081671,0.267993939744048,"TCGA-BP-4969","High"
0.264040669923674,0.162310323958997,0.281498528161361,0.15838978741181,0.194507539942334,-0.112249256430787,-0.0974351019555602,-0.0869095227679581,-0.371965300986867,-0.0925280684137113,0.0918945819831418,0.00157476582374163,0.114187900197805,0.289817934829289,0.0176887440261443,0.339061614015756,0.517958657079977,0.165438878307845,0.234591136018036,-0.0676723058112462,-0.309215655640253,0.109395882530982,-0.169170335149662,-0.180837543595259,0.330127438573392,0.199797856738238,0.0760996924981856,0.357310052024902,"TCGA-BP-4970","Low"
0.155986684862459,0.200816726036567,0.178848439926431,0.245276208431729,0.305968713046237,0.0400030909988115,-0.0997525622230202,-0.030475807174974,-0.336153130256662,-0.0970635188113427,0.0233524463164656,-0.0689030990280795,0.0666852213137655,0.303540750704837,-0.0974440545600168,0.307347355131606,0.463250267211394,0.0804044854900337,0.162519219183339,-0.129681079891907,-0.333687945217244,0.055296518196737,-0.169778303317046,-0.102239665610909,0.227535314410681,0.215244885631377,0.167290379102232,0.348204995894705,"TCGA-BP-4971","High"
0.141923307330762,0.128516885964623,0.135633613066684,0.146534287680233,0.228689999545616,-0.152088184142449,-0.150255870261471,-0.15285262345784,-0.36913322272392,-0.0624748982493889,0.0546180796608441,-0.082212874365754,0.0689647732855117,0.179777081568055,0.186473889027358,0.448791188719884,0.529348344275432,0.167153478757368,0.273853116260744,0.123221196322793,-0.206580410386573,0.193691628794133,-0.261944421813946,-0.29013849314325,0.294031999897616,0.153363327477159,0.17740352937484,0.234611618648605,"TCGA-BP-4972","Low"
0.238788034390013,0.193547946203472,0.260432024647678,0.19708121080359,0.218104015232844,-0.08559358523265,-0.0258419232126988,-0.130163889550831,-0.29051755875748,-0.0605761638141961,0.0425099223163903,0.0222712964035392,0.0733746198703286,0.275198031416121,0.0859302580905199,0.349971217344965,0.454430122551508,0.0671935137226034,0.132154709798949,0.0325652878092484,-0.271828466541767,0.204663276243419,-0.274666644517353,-0.19372395835726,0.23702156588941,0.12854679353565,0.123679282905572,0.319622833620492,"TCGA-BP-4973","Low"
0.167815973686591,0.1452807464889,0.178200011614414,0.239416437171483,0.192069201602987,-0.126048582259825,-0.0659223272398409,-0.0430068768308307,-0.288859058449216,-0.0620350366288514,0.162024238755006,0.0307817011493421,0.165471628445408,0.228523835470665,0.0119861405753861,0.274903453359087,0.460881925850314,0.130723340099989,0.16701609588358,-0.203828669541482,-0.349076211668013,0.102372981108661,-0.121306966791766,-0.199999714514686,0.278498074157665,0.116009638027627,0.203421684308174,0.297328897318388,"TCGA-BP-4974","High"
0.0927948947956206,0.0770880003413595,0.0859695084742207,0.119955065360861,0.201934480708832,-0.183829266743741,-0.148315567229734,-0.171514631031652,-0.384819363661459,-0.0566671647615568,0.107864559455519,0.0139134418955531,0.168302089682945,0.163638729715414,0.205404639184636,0.42150936471808,0.47910541691563,0.11107372851964,0.191337328661805,0.103704334532394,-0.238601523769487,0.332566704404659,-0.164363841135822,-0.298255775551994,0.363150524019651,0.165654358409025,0.13905143507318,0.212171747358552,"TCGA-BP-4975","Low"
0.12520173764468,0.15647301154431,0.191481208152796,0.137838455612715,0.205057237585018,-0.0772795227635395,-0.0916339885770515,-0.0677840293994395,-0.324756432224146,0.0772130390072668,-0.0148349344160154,-0.0329182625139609,0.0642289666480639,0.237552325137802,0.108143879301603,0.406270677826633,0.479589649987435,0.0695297083415573,0.167430621704463,0.0158932527508047,-0.22993618236931,0.214701442597757,-0.302769361031281,-0.273541675774001,0.287804355665123,0.160206976803495,0.138452193873453,0.282651855979432,"TCGA-BP-4977","Low"
0.281588150604108,0.196859748386861,0.247413238642215,0.0979037279637711,0.193942368774369,-0.1411996378137,-0.0437933395577329,-0.0433506348657748,-0.349579070483287,-0.0658395299006009,0.221477433154304,0.0516822717147025,0.207878735375589,0.320552215494369,0.010219275919241,0.362287219004848,0.340992305452991,0.0302685406108584,-0.0114090613094885,-0.0874782912597863,-0.215796834705223,-0.0313903591431505,-0.17886381382804,-0.208793603155711,0.285005178582715,0.144062368483526,0.226319779253613,0.379733611884956,"TCGA-BP-4981","High"
0.173357600059851,0.134820223302898,0.188480012145838,0.145189004638694,0.189372137150031,-0.131851613785627,-0.111170832858264,-0.121647313384937,-0.348501540312941,-0.10653341993719,0.0642504757978699,-0.0887175476262211,0.0819791909200133,0.218555435826243,0.0966789327983161,0.381021113997592,0.508807892344541,0.131972486854246,0.211029141169274,-0.00779177778524291,-0.261626209183106,0.326709853305427,-0.192379670463214,-0.247210335242207,0.299892225905445,0.106003753901728,0.163338238325501,0.262599685308852,"TCGA-BP-4982","Low"
0.310115551688745,0.204620522835955,0.376549961353501,0.103294673325058,0.228544135297749,0.0496570886990804,-0.0237962479908529,0.00223473700656902,-0.247225250765478,-0.350622231617315,0.0975238603008413,0.0604030781356571,0.126577970263508,0.279143929606469,0.147917791693992,0.415736479737854,0.479935507106849,0.0622538743117633,0.193964554654747,0.000151471215463802,-0.312824765192837,-0.296010931486257,0.0719104868470317,-0.0408313178530051,0.430895864933314,0.0873752842621817,0.00754226236495386,0.37403315031179,"TCGA-BP-4983","High"
0.062273646839462,0.152330899788642,3.89408239839079e-05,0.135615096679141,0.268867013955679,-0.100882533732314,-0.0027650452298297,-0.1198326541084,-0.279155482535333,0.0285010218596525,0.0508921388473494,-0.0622259880803222,0.112414364897961,0.0706248724102466,0.250553397905809,0.423253344363558,0.459482633071536,0.111742029840557,0.169441795617839,0.0710954364774239,-0.346039580574427,0.173589866232438,-0.186906822688213,-0.35494992019286,0.322394639306431,0.0885791091168811,0.162443870878759,0.119667902582806,"TCGA-BP-4985","High"
0.232699297599583,0.133986871716427,0.282661721641467,0.153199339754003,0.144333372448531,-0.188957084158049,-0.0560249702104907,-0.0341504165794091,-0.337398998834233,-0.13702212222118,0.146951168462966,-0.0299567696161152,0.101403386427225,0.280834505283915,0.0309856705626295,0.347804827229311,0.511268630136039,0.0992938600964142,0.208136555334523,-0.0101994753602591,-0.316161830210482,0.282348215848208,-0.180238371961834,-0.16353948169106,0.247990674175922,0.0913842987680491,0.163192981133376,0.351703472739199,"TCGA-BP-4987","Low"
0.397420176595909,0.208090311479448,0.43699341487631,0.235954258069563,0.163475423688107,-0.118672334051304,0.00959819768372431,0.0568684403495221,-0.290276905723408,-0.227839691913855,0.18561585106361,0.0502740994405964,0.138899323628977,0.387356875409927,-0.0208485973959806,0.358512784807126,0.373677226741167,0.0165198593064172,0.0664005018504441,-0.0754955157905028,-0.296656084012628,-0.160471085376421,0.0121113440758923,-0.00121076769483903,0.307913810357951,0.0960956200410696,0.0238850640936807,0.463351939887976,"TCGA-BP-4989","High"
0.090151950884561,0.0872915979893094,0.0578665835682576,0.170462932579555,0.226425087032783,-0.164608893194948,-0.118095005946653,-0.107527558995832,-0.28580167765312,-0.00474362169283193,0.196000905498924,0.0104701333707591,0.183640199193285,0.121965119546598,0.124192279793029,0.370446830972822,0.49047109645323,0.105850836090753,0.190644989149376,0.0599213723090029,-0.268056297516311,0.298810865762956,-0.212322650726832,-0.28258420566058,0.206165410353904,0.0973467292944151,0.203372955732627,0.228890428307806,"TCGA-BP-4991","Low"
0.34343998988727,0.234918300966624,0.374251160712379,0.201904163323485,0.154300273249524,0.00823416235156437,0.0579644782348529,0.0521585008623499,-0.332425744561149,-0.197666973986269,0.132334525157716,0.0333212294951127,0.139079732005608,0.398957136323342,-0.035015169093536,0.270204232211287,0.318756789858953,0.0434339610183382,-0.0220567206925313,-0.153445082573816,-0.307716044114859,-0.124380897431468,-0.111743337482925,-0.0058046855577758,0.336027828794672,0.102951327515187,0.0743145637754004,0.441377602590884,"TCGA-BP-4992","High"
0.302159313513256,0.158516852345746,0.292154955117398,0.0723331703944351,0.124502155438243,-0.194634568743141,-0.0573104655384589,-0.0511957649754545,-0.319494511977108,-0.163916923856006,0.224182185464734,-0.0454041235521541,0.18648498947504,0.311482788457937,0.028716292364956,0.346842487977187,0.434058935723233,0.106833555060449,0.132789784852202,-0.0649826200344973,-0.324650619193422,0.237031639237261,-0.173250745655825,-0.212981434315085,0.299146918821405,0.0915747096953526,0.213338360374395,0.36306050888259,"TCGA-BP-4993","High"
0.163808683304741,0.082594971168853,0.163708617612708,0.168022159313457,0.1736507516166,-0.196698123986396,-0.11778970098535,-0.160448480680715,-0.267249395711989,-0.132241445402222,0.146978366680467,0.0640333715419182,0.147992622633077,0.206516571585453,0.191810568775986,0.395957279997641,0.465327635843974,0.0977130317602941,0.200014660941805,0.0883584037882203,-0.334513288939672,0.249512484030008,-0.100033187936905,-0.232293538432339,0.399560263172002,0.0755247694024069,0.134976787406008,0.234482207814775,"TCGA-BP-4994","Low"
0.193550017805186,0.111463765381504,0.218781251461862,0.101993159646385,0.232588517133535,-0.158762727886605,-0.124663870497497,-0.0762332878233361,-0.359605173801726,-0.142350656821537,0.0535497264302409,-0.0316046999759807,0.105908554421156,0.260665295546286,0.118568183612944,0.34458166765199,0.507091752175388,0.0997891518448699,0.194696154019986,-0.0494057161770194,-0.255616377266915,0.236841564691912,-0.20557639508653,-0.207409912282803,0.324541418800577,0.231459476496102,0.133426980360049,0.296568841352072,"TCGA-BP-4998","High"
0.116184019730135,0.150333166811689,0.0597035406463067,0.118116802853866,0.151258709039576,-0.117157362921008,-0.120915638664326,-0.114733058872438,-0.285150945564669,-0.0794079198808925,0.0810748708388756,-0.0652806634970208,0.101108438236566,0.12682400277985,0.127752400747143,0.409202380977833,0.488413336913892,0.113255831773356,0.191109305508343,0.0829081981149629,-0.218411958423483,0.39297654403151,-0.251292810417661,-0.347702147360691,0.210236367790093,0.153777310082917,0.176365022929738,0.173066445931432,"TCGA-BP-4999","Low"
0.276767125092587,0.178718427277317,0.316463780969856,0.1761471414269,0.173877898738311,-0.12272737765201,-0.0480523672986526,-0.0651186691267323,-0.35957770039332,-0.121352947805927,0.157248522655152,0.0962310127155011,0.159626296724498,0.347998856875257,0.0136455417715982,0.300580220121183,0.321376295983921,0.0662857163578266,-0.0320737065979446,-0.177147853492404,-0.33140582863962,0.16029356106671,-0.207599352809832,-0.179455525131347,0.316299911925791,0.113946265174665,0.189553302978576,0.396548516160264,"TCGA-BP-5000","High"
0.332219167906547,0.193039061123055,0.360046054820544,0.187444314636434,0.158321911122686,-0.137626227029234,-0.0154191815978137,0.0383709681819463,-0.314780822203458,-0.0694174397422933,0.255480609219452,0.0737692198891215,0.178497108714544,0.369095420676904,-0.132569681398801,0.20030537066376,0.290447795955186,0.0237773307429761,-0.0385870655772423,-0.20495151018974,-0.345863365961448,0.0808657381064943,-0.17692550625312,-0.133491088773135,0.286630847886694,0.140995810485105,0.154469999113753,0.446715080938897,"TCGA-BP-5001","High"
0.156330121698408,0.161921860164134,0.20854173914711,0.249267138566895,0.208418263439358,-0.0777508547329162,-0.0631796267889681,-0.0937264950098666,-0.29729168933113,-0.0718361397161462,-0.00603240487585829,-0.0782427254320381,0.0465049263040638,0.215922185688349,0.0491772317008889,0.351297583087365,0.493417976985325,0.082824889638245,0.205875091710483,-0.0160059518418308,-0.197396161271037,0.31124999903981,-0.288019607199192,-0.239404497244944,0.256774882290082,0.117332778533397,0.175614274764714,0.231583952177445,"TCGA-BP-5004","Low"
0.26452233165928,0.151256684644638,0.29706610076112,0.168981987416171,0.161651802466965,-0.0951705624963088,-0.0028231488540385,-0.0470132085940777,-0.299514363629262,-0.066548953271981,0.141882932741136,0.00863712909513239,0.12722556450562,0.318450814293333,-0.0514870865742472,0.284754632700394,0.444375241207256,0.0325377171336362,0.141058691674469,-0.120489578984671,-0.309615855367295,0.0814456440517381,-0.151259318047289,-0.144433733500272,0.325278284982541,0.0718344197942577,0.188217336764246,0.362932365621579,"TCGA-BP-5007","Low"
0.194604808180732,0.178323669551397,0.21110787010644,0.26969605949169,0.191311916496023,-0.182173224274894,-0.0400124638372478,-0.171853149824592,-0.32985782090297,-0.0732468861487876,-0.0281674740164948,-0.0184738051360541,0.0668557882792845,0.285347505057536,0.197197380931437,0.426926816708144,0.459807475252216,0.111176248478383,0.169189881076123,0.10469070992838,-0.338292657381495,0.265378086735137,-0.163117347825645,-0.177948741611109,0.301286198781165,0.110621617774755,0.0753085085564558,0.275533998956908,"TCGA-BP-5008","Low"
0.273072544817411,0.200406067761641,0.287616500573831,0.128484951585835,0.176347471545683,-0.0269182017794104,-0.0582430918589554,-0.0346676738387578,-0.337222717088593,-0.0754227103282833,0.163399930699314,0.116932455254957,0.160653386478209,0.32256259430616,0.134241605484427,0.388788026963361,0.362060843069173,0.0958159458594866,0.0527929420617659,-0.0258629637820774,-0.341838123853122,-0.157904409658195,-0.167634137424063,-0.197731656107697,0.323230073329485,0.0824998060126223,0.228271940366998,0.385573690369751,"TCGA-BP-5010","High"
0.21095715466132,0.135742317917574,0.248101563333908,0.152208306678858,0.223982481110959,-0.187613697164253,-0.0740718039934968,-0.0949338041242878,-0.321271972176085,-0.0793816866267323,0.144319559500105,0.0809959548399939,0.155139035321878,0.277844778455853,-0.0927531682780762,0.29030018832866,0.423974896242803,0.110880579865823,0.135808137387565,-0.166790001026473,-0.317585203389155,0.329979560487949,-0.205330908841579,-0.238211083194436,0.281838248854628,0.124758194630142,0.223522100026925,0.313159373766893,"TCGA-BP-5168","Low"
0.197229628934007,0.0921951894991138,0.217485988742596,0.174279966781884,0.13742221171486,-0.117189065809812,0.00716206842003533,-0.0731642081149399,-0.386819478359813,-0.103783567042125,0.0869808295611271,-0.00172444405138057,0.134597799815829,0.291496953897436,0.101866766501599,0.309514852716618,0.373742531799572,-0.0459045750001397,0.0545733457886252,-0.12234147949711,-0.291199645673285,-0.102584456938771,0.33811114456878,0.151848174128128,0.536516330937429,0.0901182419254744,0.0936448767570296,0.324317695511565,"TCGA-BP-5169","High"
0.139521613525798,0.105148549397082,0.120913522042991,0.0622700221046674,0.21340832651137,-0.220602525092577,-0.146022921303547,-0.147828828911212,-0.409343893975132,-0.0850349041877844,0.108205607923418,0.0638546018621384,0.202924891715269,0.259820188541292,0.0615278378587147,0.349774523768298,0.462395432360224,0.122997255676472,0.149077156416818,-0.127833137490929,-0.213774587856291,0.297950551624095,-0.0583554845146519,-0.225124758656354,0.326333639701422,0.156168865361695,0.200763885718454,0.296086033040181,"TCGA-BP-5170","High"
0.28182353679935,0.167674992074896,0.36838145312452,0.105848178740658,0.156451341326857,-0.168338269630859,-0.0469819799955495,-0.0444838363512857,-0.331929713133354,-0.135232778088784,0.168581714886006,0.20961553165382,0.145309865407544,0.322787905654529,-0.0537412961138899,0.307421795192214,0.427921169456733,0.0363268022847427,0.14763475345169,-0.157504281188384,-0.352877297268975,0.303679879705527,-0.231009152992921,-0.151476229874892,0.30954978322127,0.0817113627915469,0.0799913056669172,0.413132924419412,"TCGA-BP-5173","High"
0.199991807597312,0.114039672687124,0.26614907498345,0.119401814136674,0.178623204507393,-0.203694863942663,-0.0678479443534925,-0.0588071102288541,-0.308055311808265,-0.0937737700167797,0.0441748236862582,-0.00364219872993555,0.0585301123788693,0.273378731469571,0.113886241176831,0.431633573061122,0.46143712546153,0.100352225467695,0.159423553989774,0.050648070786453,-0.361202329428252,0.239849464797015,-0.189945274230203,-0.219764286957993,0.295319929980116,0.180649730080361,0.189846215307939,0.318612361893957,"TCGA-BP-5174","High"
0.233091202520014,0.146951059664104,0.305601239183477,0.101026713741381,0.0876450205723066,-0.0511285217287654,-0.0515428250214705,-0.0438462024839162,-0.339806958114206,-0.0826167364619557,0.224253123582057,0.184636128476144,0.20652602850785,0.333708961970542,0.324246128745916,0.459874610869784,0.350397139582379,0.0138367791772839,0.0187751278202601,0.14672953184934,-0.34583244848952,0.0842764426545901,-0.259778800504781,-0.164913222145032,0.185440733908586,0.0354748141992363,0.155340716375211,0.401968333850442,"TCGA-BP-5175","High"
0.232150295123459,0.131066350266737,0.224964801605369,0.159206702798502,0.144446801191721,-0.23514439868011,-0.124626808797341,-0.0301212809176693,-0.35264563109735,-0.13619857583385,0.28883747080909,0.068630584265214,0.268398591219347,0.315087007110824,0.0280534925855969,0.338289758658382,0.413902216114727,0.0598493067550876,0.112334743277337,-0.11433692958431,-0.346374419451917,0.200464385672341,-0.11838561253444,-0.260443378362313,0.378392815543092,0.0576267739067609,0.186477498764124,0.379733611884956,"TCGA-BP-5176","High"
0.263430049347968,0.137156105784653,0.271319221780628,0.142145702854336,0.100770907359701,-0.206983997684611,-0.121396898729952,-0.0442363822602824,-0.274645471965054,-0.0933370664426553,0.210931920163026,0.0656034907073868,0.145883922179533,0.308084438700278,0.00821636306205255,0.349318804929088,0.363328425060108,0.0200799920767832,0.0462189674456953,-0.132839705395684,-0.365528572954921,0.242231194693606,-0.0485914738363306,-0.136020510752808,0.342370141571424,0.122343522949664,0.190467892151374,0.385197992309171,"TCGA-BP-5177","High"
0.116246297014442,0.157174656182695,0.137683610461793,0.211369025112255,0.160409038701937,-0.0108160758736968,-0.0607176595925891,-0.0757224133480556,-0.387598206593405,-0.0983395823587674,0.0967885646336984,0.0340875095198838,0.166935725656513,0.244567076267783,0.196793819966998,0.436397999692637,0.498909014532141,0.0550109650981342,0.190248758377523,0.0208913626541641,-0.329145451826841,-0.17367286012848,0.0817643057561852,-0.0903905162142703,0.359362107646697,0.126449801570596,0.141818909107313,0.244943271902054,"TCGA-BP-5178","High"
0.210117232375035,0.176975218274814,0.244713830079998,0.158084220335562,0.243553395307797,-0.0657976864569639,-0.0928487695198673,-0.0193509125952511,-0.320460523020787,-0.101338705780672,0.158192111753157,0.123947392687697,0.213384331745303,0.288954696743994,0.115897180259364,0.347367653845171,0.333867452361979,0.118343238439156,-0.0194798214946242,-0.0784985882194609,-0.287942389376329,-0.175238426728256,-0.187573699076148,-0.191787155454151,0.368406308105984,0.1633310709841,0.137565434659316,0.313464199147035,"TCGA-BP-5180","High"
0.189220847694102,0.161936706973258,0.238141447659813,0.21070450820589,0.232708853633221,-0.217872530988526,-0.133688271513441,-0.129813956546641,-0.339977919362816,-0.10639710889273,0.000370557828820365,-0.0519859291359022,0.0670684675721846,0.264996046495485,0.0438233486711853,0.404297217279492,0.513672002718988,0.097039724336539,0.249271701127498,-0.0433955200277634,-0.246376538200072,0.205152587551688,-0.170432587075595,-0.211734697463468,0.378165820072938,0.208173314256723,0.0928510683611679,0.302687478811549,"TCGA-BP-5182","Low"
0.286362025100041,0.169373754818312,0.349114724414901,0.203935039153079,0.19551907749776,-0.108159501997115,-0.00940430013279888,0.00963272325196497,-0.264783664515379,-0.112656198059357,0.150685826855842,0.00682227940592647,0.124801786906872,0.316115316139886,0.0199954863057834,0.322885111824674,0.396517381198424,0.0334417847361116,0.0676523518717491,-0.105334294421896,-0.27196950372635,-0.0648765385783613,-0.215317368347905,-0.178265791301165,0.335562823005393,0.0740763931390643,0.157816621499802,0.379639176292683,"TCGA-BP-5183","High"
0.247865099008128,0.162349702012312,0.249613474411184,0.245151178824366,0.181549458438127,-0.218308380911488,-0.0893858761184489,-0.0897294152760947,-0.378457247816477,-0.106217938124286,0.109603711304919,-0.0453428682201283,0.121703325925896,0.323450049586252,-0.01869391745991,0.33989468972313,0.490646046144318,0.123540735813756,0.215517512379988,-0.100379486480519,-0.36897460048562,0.140308139428357,-0.0466917857776109,-0.184396855128059,0.339144967638803,0.12430172717179,0.12301037603315,0.362932365621579,"TCGA-BP-5184","Low"
0.294228930739651,0.15149703433028,0.311365856313376,0.08808493806282,0.149511350301252,-0.197150210413492,-0.0557744393152298,-0.0124486271007553,-0.358243426601966,-0.111460277729502,0.193056595574894,0.0523845151026157,0.184697220331754,0.366021549975123,-0.0239710513441816,0.33035105550895,0.384052763913089,0.0269814705219199,0.0741462659619349,-0.128996314574074,-0.289146561131305,0.199753614160953,-0.149020374393318,-0.148234436039072,0.282938355775011,0.121023754383201,0.215300856889132,0.413132924419412,"TCGA-BP-5185","High"
0.203729213138636,0.0979396928215019,0.258286423103229,0.0892651309723025,0.151715048981585,-0.221041045943286,-0.104446173963522,-0.0594337425663676,-0.336969683272011,-0.104293401729291,0.11876392631548,-0.0573810638709638,0.10261739968444,0.264285940628563,-0.0452543510199541,0.285890080464346,0.451921954981232,0.126432171515429,0.156360440664079,-0.135588702741057,-0.377011433876071,0.347820911280546,-0.0305826930085116,-0.200139622444045,0.424784523353064,0.153256830728965,0.135030618214112,0.307044145516602,"TCGA-BP-5186","Low"
0.255332135766846,0.179883617401877,0.280814625210344,0.218987536987933,0.122178659237186,-0.0733734599775941,-0.0545924365876635,-0.0833938824093205,-0.295618372603061,-0.0202988777771649,0.130429592135026,0.11484881409591,0.188335151832958,0.314170557563602,-0.0439932735134954,0.22491595719297,0.43849611018866,0.0729467225679891,0.150325797787092,-0.320262930606368,-0.319293659753724,0.108805852513958,-0.159979436649112,-0.139480256768111,0.283926552318739,0.0390113999315483,0.167559326400843,0.347288239280274,"TCGA-BP-5187","Low"
0.0966027464633546,0.141544787591114,0.129158246067024,0.199638825071458,0.229225363163549,-0.0204441388319048,-0.0956554909619242,-0.163554658369447,-0.33017307953907,-0.0802201171782737,0.0147533487790334,0.0329668049665669,0.145513136302636,0.165723990867299,0.200933697725441,0.404797963078115,0.511525139424199,0.0835239925468386,0.203549469019007,0.0562207860506066,-0.277512075628377,0.251074051648975,-0.234737409170062,-0.279759998493345,0.281005881467352,0.137101694524786,0.151299336517869,0.19374061830388,"TCGA-BP-5189","Low"
0.24068996306258,0.153448696630042,0.242188251866751,0.202084888742123,0.176619855715011,-0.214146551934198,-0.0712360021789222,-0.0658878999206247,-0.363619838766651,-0.0757150736134805,0.189902241926732,0.0518287971754295,0.185878700261947,0.356463692435007,-0.0105465177570129,0.33605581808628,0.440820753719245,0.0322826815636456,0.12849744107927,-0.0857303584841163,-0.292522957745523,0.122316611792941,-0.206291868447853,-0.181963862430273,0.274296238532441,0.224200801979165,0.178221883479419,0.385260583079626,"TCGA-BP-5190","Low"
0.227887831585766,0.231681341220519,0.26899709452433,0.157936908846404,0.179047021729445,-0.101363280046231,-0.0235994379483276,0.028211100248227,-0.353830519194819,-0.133044467520468,0.158475363023428,0.0679675312828181,0.1550300132143,0.39385119311867,0.0208279758091975,0.314467201986156,0.315912262848202,0.0047717747791222,-0.0276168291784695,-0.170495842977347,-0.282376315039485,-0.186452780946226,0.126619404091968,-0.0557107713582265,0.494970230215939,0.0668752738377751,0.0468476661167951,0.424749142053721,"TCGA-BP-5191","High"
0.205199350222695,0.11830823281802,0.186457501767434,0.174314759895382,0.155463261965106,-0.178936971389088,-0.107731822837743,-0.0848221364303517,-0.302749526099008,-0.0516316330073331,0.135469811810884,-0.0785465413010019,0.114292560115603,0.233863360552522,-0.0382973809769501,0.251597207464054,0.443516019834102,0.063961323534647,0.158715853987975,-0.178831146154605,-0.283830174139326,0.344391253350104,-0.115016463023546,-0.195317651635688,0.311734351495705,0.121914354840853,0.19958607590315,0.30724828903181,"TCGA-BP-5192","Low"
0.177620917445221,0.135283701401054,0.156079342627947,0.167032763836424,0.194216026674064,-0.185446591406645,-0.14061446132581,-0.0943576430468027,-0.373914424902633,-0.103362265012894,0.109694110742703,-0.0765816624164198,0.121682522447655,0.246182456324123,0.0025324022681531,0.295031403626723,0.474684033535209,0.0971772469433639,0.178627238898248,-0.0919412997285389,-0.32741927795661,0.340330311779392,-0.0851116855118803,-0.262822480422819,0.404149819377162,0.124286372965269,0.178689998595593,0.284705777221066,"TCGA-BP-5194","Low"
0.160873100860322,0.0942730935374638,0.198299054669099,0.177239245608018,0.220503076737313,-0.190427813909295,-0.100863977744576,-0.096192747409314,-0.334909111641127,-0.129249861775444,0.195776888676036,0.0830269465418456,0.202122139788635,0.234540892353811,0.0651659250902161,0.348703912367981,0.469307304959703,0.119834433635873,0.161064048726471,0.0167395222040123,-0.293066879598242,0.156716649301045,-0.172195176141387,-0.214291294396884,0.315597076102549,0.146797325999735,0.185862256618373,0.312922468478635,"TCGA-BP-5195","High"
0.328640659588666,0.222358407292426,0.363572524272233,0.190419563978556,0.176225810554941,-0.0794439625915422,0.0417482084519453,-0.0212338344675608,-0.300218907001884,-0.17385599688631,0.11713752917586,0.0607542222852853,0.131341505574367,0.335068057660658,-0.0811567930105699,0.270313113846029,0.344034423726094,0.132344071068401,0.0349877697638845,-0.248917191402828,-0.319205074994834,-0.00661175362389502,-0.101614839817685,-0.100914485140547,0.356813161362617,0.0378889962256064,0.147145504550226,0.424297522502892,"TCGA-BP-5196","High"
0.138013022996549,0.169512361981579,0.105148662468677,0.252501172290156,0.177591204611678,-0.0830290068577052,-0.0914410218947474,-0.125634144713258,-0.310382298685214,-0.0695175555958679,0.0763261571219816,0.0201261642347074,0.212182637979395,0.26457429861278,0.168250631590135,0.412465591012733,0.480250682547301,0.0631467301231409,0.208690647468136,0.0270425014420951,-0.318127337982647,0.106384170319068,-0.0195072063623996,-0.216724946180852,0.424819244358589,0.112958567844796,0.035576339259794,0.260415853803858,"TCGA-BP-5198","High"
0.228215492579256,0.15538821660758,0.24532331355703,0.16970954564412,0.203837499002758,-0.144622785096718,-0.0641145598979196,-0.127213438502569,-0.291723673613097,-0.169409584834655,0.0212221435130229,-0.0186449390945046,0.048192267250302,0.26110733748708,0.187594042504331,0.4111085494058,0.490867074531196,0.10856494137418,0.211702892667911,0.0853821337728752,-0.280993789597892,0.242972143298495,-0.180981486943806,-0.210861067728051,0.319625267068131,0.0418407117080673,0.119145379779563,0.346243312878594,"TCGA-BP-5200","Low"
0.360243585476209,0.199968654692239,0.392803847296657,0.159093188762276,0.160460678911737,-0.0147220704250073,0.0450036144757524,0.0250161205398014,-0.243471171357348,-0.147591535954592,0.17573449990888,0.0695376972084228,0.148114969296516,0.373030071142343,-0.0798298727839409,0.258164021719925,0.31254279924062,0.0120475729156292,-0.000780544208334401,-0.219805723408502,-0.314516992130192,0.0453578256780883,-0.223501044992706,-0.127520241124396,0.340420218877369,0.0495260765057433,0.145394664974412,0.457791359441796,"TCGA-BP-5201","Low"
0.183126407157375,0.12270440758388,0.16099826258463,0.0848229737485388,0.198736305065746,-0.198236906809307,-0.140998403230026,-0.0335631359012945,-0.358653376055224,-0.0406611630781876,0.229431119544142,-0.0405626396368165,0.16077154068312,0.238207556657523,0.0545554551059124,0.376081768251032,0.504389503999036,0.138533571011362,0.211090885141562,0.008693976189794,-0.289063532622674,0.109291370761885,-0.167408586609513,-0.368208866996803,0.334876452355279,0.104962138610345,0.215248515319761,0.318276173344787,"TCGA-BP-5202","Low"
0.0964696804465092,0.0878758258602132,0.145026693270273,0.163952623518084,0.187031680000062,-0.154619454323373,-0.140614941979658,-0.0729728489582347,-0.407727289281666,-0.13766628511215,0.0828626724251628,-0.0247293902038986,0.0962751336178128,0.182982457309762,0.111251728655379,0.422111959552729,0.50430022671939,0.150482756987556,0.224866748873499,0.0374838041313287,-0.286422442192954,0.337301794080506,-0.204288928165796,-0.309287248988603,0.276393352276577,0.178885202144048,0.201519616424578,0.229114028060186,"TCGA-CJ-4634","Low"
0.270605328575644,0.176392101266027,0.366755939437933,0.129310101970352,0.206784903992484,-0.0511025505411588,-0.0301715184215996,0.0146267210135026,-0.271053023429473,-0.0796276571725308,0.168024530247365,0.133416697542795,0.197078392871494,0.299106648286318,0.0119332163006069,0.279888450832629,0.409310263355432,0.050067103785744,0.115431766381226,-0.149127637377104,-0.243168252841036,0.00587070582769804,-0.220426457968567,-0.140500811547428,0.34147529781759,0.0587145444330801,0.129795979455128,0.357406710581568,"TCGA-CJ-4635","Low"
0.283247797745838,0.141605869920405,0.323145285281619,0.141660091495587,0.201782163898614,-0.12972753852421,-0.0787129225419807,-0.02793090326575,-0.276243215818866,-0.165767372231138,0.11467233281374,0.00234720145381053,0.0936075645146277,0.319783322005938,0.0871115665795168,0.415765587064621,0.492944830532628,0.0825569810596201,0.219448615381234,0.00922564681291786,-0.250231799412499,0.0566792229066693,-0.192122954969294,-0.08382881418094,0.280696598335335,0.0653027349841352,0.154938709945607,0.390803751052199,"TCGA-CJ-4636","High"
0.367295323124926,0.217152507129158,0.430028959597773,0.254252343657108,0.164863189570622,-0.0394899422190654,0.0204771098538013,0.0802076699182304,-0.275911774257515,-0.205248392342185,0.0907451725717724,0.0608825573245507,0.0894651752293757,0.343153073826065,-0.0918223223812637,0.301416884142391,0.402680251533642,0.0682412330958828,0.111328997234401,-0.193966234611477,-0.301416799971125,-0.117143028101638,0.0246988630995094,-0.0396974421416444,0.402357579256808,0.0460915155114179,-0.0357638090888266,0.441022231629668,"TCGA-CJ-4637","High"
0.263062531321572,0.153939606636168,0.278606514133817,0.0953937459994862,0.179411474631778,-0.0730563017323029,-0.0122533092189384,-0.087664919223705,-0.352343919697612,-0.00156080124200183,0.143617618458321,0.029494796262695,0.0702826068131882,0.294498193079874,0.00464483703362401,0.339898504918005,0.327338192377805,0.0306156465561841,-0.0097760834424517,-0.0555155007862812,-0.432577986029651,0.187589496910013,-0.0860632676844449,-0.136031174777986,0.417845238553144,0.167748090004312,0.125232203669296,0.385197992309171,"TCGA-CJ-4638","High"
0.352497870625381,0.203786928718874,0.389926264921101,0.167342445252205,0.141750136951937,-0.164301852625997,-0.0404847106972275,0.0189215589330158,-0.262089984367238,-0.107182961014746,0.185148277365982,-0.0116893182764144,0.120183518042222,0.325454538659356,-0.0518721201112568,0.277551913724686,0.415857568831599,0.0426678005553432,0.129245794802451,-0.138737520701462,-0.35491647425086,0.119606276939209,-0.209329929378344,-0.157703804105709,0.345519442375093,0.0756684883028203,0.121465994167598,0.390897113077018,"TCGA-CJ-4639","Low"
0.313215726471751,0.209221342771976,0.33229351853083,0.185982459316784,0.211708301814868,-0.127039178013367,-0.0629050419258357,-0.00761507345413667,-0.375113398001425,-0.131137087421706,0.14022662413178,0.0728312062324578,0.124451670713494,0.348006791127942,-0.0704504115162308,0.319448128777224,0.425297622557442,0.107052099902637,0.123141676936246,-0.157220081563713,-0.268573288399927,0.0281218842649935,-0.250668948264016,-0.168177878900828,0.330512704694504,0.104796740154539,0.132260624994186,0.407588874185317,"TCGA-CJ-4640","Low"
0.279315875786605,0.185629199928882,0.363235812394898,0.290369127129013,0.190911458065436,-0.144982233184195,-0.0778370690053028,-0.0541912390429458,-0.335686919999375,-0.122958991837783,0.051278957362196,0.0780827794872282,0.0428749071691476,0.366859660726032,-0.0319170661455787,0.308489300789428,0.436647580659325,0.0319247153531096,0.114300805461286,-0.167099235103093,-0.379259370913932,-0.0126078348283707,-0.109180492139962,-0.0262513281171946,0.357734873915196,0.288626195030882,-0.0209587598281915,0.413589568521911,"TCGA-CJ-4641","Low"
0.171519916411825,0.130253746528116,0.180300340212575,0.155704771755793,0.212779386288807,-0.158697259316684,-0.105090150778113,-0.0958533832696457,-0.257995237986252,-0.076203741756073,0.120989588688988,0.0134733949572413,0.13770620488526,0.213693345049642,0.105963881468362,0.456342412864524,0.488286024758856,0.0897477773276159,0.18235953170107,0.0295549808046468,-0.30327588574869,0.149267963203745,-0.211800037110429,-0.212689861474627,0.335150026222412,0.139111363005473,0.179165684475272,0.275036827401549,"TCGA-CJ-4643","Low"
0.287123096665343,0.149705201628308,0.312680738094311,0.141746783854129,0.146473287535953,-0.165138615489176,-0.0850892025104289,-0.0248475345960921,-0.34578075807789,-0.154141392356665,0.129936735578101,0.031049629096295,0.102502306083065,0.299517600553096,0.130966351048699,0.465020790368151,0.454775337112246,0.0745596108206999,0.140761508385236,0.0707446305754996,-0.282113495752439,0.11908563447873,-0.187296076477663,-0.181699114385735,0.378172878128977,0.0446143719300506,0.141696527670649,0.368538852281673,"TCGA-CJ-4644","High"
0.246731124506785,0.161000376626518,0.25552705861633,0.168602499886584,0.171387014661358,-0.0633666970995973,-0.0848049442132877,-0.128280897034028,-0.334417225230286,-0.153822570308201,0.171759111920381,0.0898700370278348,0.176792991431431,0.279393127918767,0.143024128187442,0.444820162560349,0.504367301526326,0.0503438778979887,0.203663153805161,0.00654179132616714,-0.308266636440817,0.089272653860958,-0.20381513437516,-0.172754808004609,0.363528299674998,0.101955066421605,0.124929145698804,0.340604227105287,"TCGA-CJ-4868","High"
0.368421058522573,0.214188418170686,0.404086745656415,0.254636833067436,0.136649419099525,-0.107413180184764,-0.0639567820694466,-0.0165234611534506,-0.336032348950345,-0.195348208069621,0.139769441542583,0.0792240240554126,0.163936990203275,0.447579924330258,-0.105863388791158,0.2522408631881,0.358829469871843,0.0625954690629276,0.0136815455339484,-0.211628199549088,-0.293725612589855,0.0364896781254427,-0.127169205767405,-0.0608192096588958,0.31357144521239,0.0802078681492722,0.140884800754686,0.48573840689776,"TCGA-CJ-4869","High"
0.0901168457347484,0.0758510677038671,0.0480553966886053,0.0846852920978456,0.166196961863225,-0.205312784925883,-0.135282609652909,-0.110835546683101,-0.373611168086352,-0.100127377812953,0.115089642709402,-0.102314379385458,0.134256024162452,0.16442073775639,0.257827995577799,0.448905904215991,0.429495261616457,0.114781415473687,0.135851187949306,0.155364962998664,-0.295875464400904,0.412834364247747,-0.153086014578735,-0.32076501082557,0.290405702748834,0.146995445098551,0.202146152932818,0.228890428307806,"TCGA-CJ-4870","Low"
0.189628592288126,0.128239632356559,0.179136072996529,0.169664206784673,0.170161194221283,-0.149089757980042,-0.114891674940698,-0.111203832299369,-0.329848335822126,-0.119541152626703,0.175990473470263,0.10138906326162,0.255871382292202,0.286296387528281,0.239015305581892,0.440561727113858,0.426946053469254,0.101376220090167,0.120119424661666,0.0440269648918214,-0.309455551385205,0.1420860167052,-0.230857490161657,-0.261677543711043,0.295742946725461,0.087299526603626,0.182669982596706,0.30724828903181,"TCGA-CJ-4871","Low"
0.22012763275447,0.144635277621523,0.194312390200153,0.159416745477214,0.109221470781053,-0.164026396292483,-0.146903123949698,-0.106703512084346,-0.324642627553834,-0.100987569175919,0.231966818311826,0.0844512295787428,0.251801160189129,0.287297986566844,0.127537618208508,0.426310827200529,0.456261228528713,0.0379899136635453,0.1744354421931,-0.0363590489572472,-0.377681347183469,0.264804615474318,-0.149971284702572,-0.226821085036153,0.37018626767937,0.12263284217629,0.145273738860283,0.3464063869575,"TCGA-CJ-4872","High"
0.253923187881621,0.150749463786157,0.302019520377809,0.153638193914515,0.230413784290208,-0.136263480317555,-0.078289970025443,-0.0159902445824689,-0.274361938672614,-0.167722193799345,0.139067755855444,0.0227499951003305,0.150773671737918,0.360178480138659,0.0797916397518396,0.391925288253833,0.426980077366461,0.0429387403626843,0.0995123503701994,-0.0276005699373264,-0.256148713301065,-0.09644635944608,-0.0861778880681388,-0.149192563004724,0.396946722189239,0.12668187088162,0.118366474155539,0.401968333850442,"TCGA-CJ-4873","High"
0.333223051403259,0.169616624254298,0.339523285456038,0.13988675618074,0.152282177382366,-0.173414520032526,-0.0887355411162238,-0.0648540062373731,-0.302438652560603,-0.128779643695129,0.150263073902724,0.023815970445017,0.114923837133687,0.334123494567638,0.000792354447820187,0.323004047298891,0.44343042546439,0.0612929546479905,0.140096715800081,-0.105268345162394,-0.293867180309255,0.196102043905919,-0.226841978346976,-0.159272892788494,0.326623977002135,0.0702233088844923,0.156322175898102,0.402060646447365,"TCGA-CJ-4874","Low"
0.372273273310606,0.17703030538865,0.415657850024906,0.0274253557615234,0.130254171046315,-0.215457747471868,-0.051951302854987,0.0470827911823078,-0.263479178059628,-0.119108683560705,0.226925375400367,0.0275885106791901,0.122810560788898,0.373614011647163,0.0729425178213286,0.380988916257966,0.32989922974115,0.0044075928312499,0.0244669894888201,-0.0106187603923876,-0.317669703758801,0.123627404619109,-0.251214390254037,-0.158342296038173,0.299925063806026,0.0760776003161822,0.188450066113219,0.457791359441796,"TCGA-CJ-4875","High"
0.383886309734795,0.158935580610809,0.393014159077695,0.18143449307612,0.146100253506313,-0.0890361386303838,0.0407815226897666,0.0401120059534644,-0.276856878411027,-0.097179429497071,0.192177541585674,0.0490573016731342,0.138968016728611,0.415821369069968,-0.0967223324011297,0.219500210968524,0.223323385220305,-0.032423161022569,-0.0991491091736048,-0.228666930870333,-0.340382607653305,0.06762053521001,-0.0330842376242356,-0.0532096288199043,0.428857957183914,0.0438562046879253,0.148351698157397,0.474516796477222,"TCGA-CJ-4876","High"
0.0445059698379939,0.086988694050783,-0.034774345294083,0.0571523775469499,0.208966015054864,-0.128978203748068,-0.111144596933748,-0.132983927791653,-0.265855801584258,-0.119588852963603,0.117767693254389,-0.0490940288069727,0.143803486057673,0.0730844769689569,0.230381175378871,0.456586732488287,0.458528104098323,0.191564940064409,0.170126421357136,0.144080986590468,-0.285560521240623,0.256922603258379,-0.14956676897547,-0.341414595283585,0.322306764674705,0.188791240180367,0.218081035267586,0.139572106327342,"TCGA-CJ-4878","Low"
0.150194241936055,0.123978575066804,0.194745738666606,0.0939696564232552,0.186761745653386,-0.124170954961909,-0.0952064743828694,-0.101239282254978,-0.325783131697457,-0.160905090816189,0.0641673088769744,0.0784390365126207,0.136991024889834,0.259353736263381,0.279967211050129,0.460138266813647,0.383763011212293,0.0762267845865804,0.0627059046390996,0.19120826857121,-0.302755174787235,0.0936640353439878,-0.0155501848325834,-0.213713116878509,0.463177390971055,0.121462254789856,0.132440901066077,0.286182620069723,"TCGA-CJ-4881","High"
0.235519981783148,0.180689124591208,0.2038504573153,0.303540587771181,0.15177673863814,-0.115458770493124,-0.0486401868579293,-0.167803215962936,-0.355337385289701,-0.164262029873907,0.135187367009113,0.144432597290886,0.152530804254318,0.30283140313232,-0.0506176924137948,0.289475041138627,0.337440174688673,0.0560133027634518,0.00160575439617311,-0.220637974777733,-0.426940141099929,0.225569178153256,0.119444692700536,0.0163852153878335,0.401038084648206,0.123750557641015,0.155567484189774,0.391551281478336,"TCGA-CJ-4882","High"
0.23846020632629,0.184572543362455,0.301558120126135,0.207849319006653,0.213112709987105,-0.16078613990214,-0.102740825420505,-0.0804169298112473,-0.285532186588723,-0.0118602421641429,0.0879373464033058,0.0175629002188166,0.0659177623456,0.314320781996491,-9.17193067177606e-05,0.350535131018232,0.434894609308061,0.0310384169673771,0.124746980969738,-0.0487572954844402,-0.294596271708163,-0.0246386357311667,-0.0921521649024794,-0.118733262979814,0.411621678997596,0.128930827009874,0.133251289549552,0.34663481222013,"TCGA-CJ-4884","Low"
0.237413532933539,0.148760933964789,0.204063905878193,0.0332812760015361,0.199687849775731,-0.208304649346594,-0.121857629386401,-0.127536619486824,-0.293363450557872,-0.0707799468292434,0.125510409043651,0.0146943728565212,0.125970224715116,0.277203910882942,0.110327451078997,0.396205521523995,0.37595717367615,0.0855773077773188,0.0557360573864713,-0.00795412938446235,-0.233516959864218,0.285558378634612,-0.186915094520769,-0.276255782247669,0.296815023199666,0.14087074412972,0.222362407648776,0.302401726417192,"TCGA-CJ-4885","Low"
0.270162724174729,0.173533994127519,0.295268379423139,0.202486314402647,0.141052813501825,-0.129771122888961,-0.0639677657087296,-0.045419388026039,-0.290006253745405,-0.135280042663713,0.190637400287428,0.111879596163413,0.223623301447762,0.330290372722615,-0.0486209502379415,0.292452389174672,0.466600226835736,0.00744892681749985,0.157054688287845,-0.213736321093317,-0.313581755015062,0.232327488379812,-0.17226220305998,-0.178058023372315,0.333492699126875,0.075343108938287,0.11596247157498,0.37403315031179,"TCGA-CJ-4886","Low"
0.336354649993748,0.177152252350137,0.368522077299265,0.165063963147736,0.175587147459999,-0.114702395708129,-0.0302127728570708,0.0416191014863895,-0.306220181597147,-0.144967126163929,0.137185084661238,0.0542113438263227,0.149182170558073,0.39559562123545,0.0315115818724936,0.342194813158556,0.376711662991783,0.0357212655496898,0.0431712415743535,-0.0801604977032314,-0.261172660969959,-0.0468281512554569,-0.260373368522271,-0.153730899705515,0.296377236147234,0.129097288210565,0.169938743194476,0.457791359441796,"TCGA-CJ-4887","High"
0.31489714684177,0.191892143664957,0.315274217157853,0.240773536401421,0.140856028382512,-0.0916668420362186,-0.038784101826943,-0.0602343539923962,-0.367697176964666,-0.259683402028016,0.19334550319295,0.13251638221182,0.182786909450187,0.322787905654529,0.0231495342793679,0.373139697976999,0.404891330611072,0.0715188544457709,0.0766423343979566,-0.0471061684696331,-0.311473364450054,0.0196741519013063,0.023368947318731,-0.120879029794911,0.484326021103832,0.030035382355063,0.0245465796330081,0.413132924419412,"TCGA-CJ-4888","High"
0.165797396107027,0.120693672875133,0.2295649109096,0.282161548357712,0.159484346890073,-0.199096134771732,-0.0200823443508001,-0.121566668511476,-0.341615280190372,-0.113146303412625,0.0134147258857502,0.0386905732650288,0.0695167512147861,0.235599538463666,-0.101624324369889,0.300016910180166,0.463886288351126,0.0254195084115108,0.163965149401312,-0.2123796606807,-0.374998963323556,0.0514114123150001,0.362608652981773,0.205608470127807,0.513691917144097,0.107120782905664,0.045272242621857,0.285762515291452,"TCGA-CJ-4889","High"
0.275318746706561,0.200783238034078,0.301517073195001,0.243506927736661,0.185881882680221,-0.11848067801857,-0.0971782522136445,-0.0968450577633826,-0.363760968868959,-0.211047859373459,0.110237839242254,0.0605808732327511,0.0998440895065549,0.278758349339001,0.0340209794525631,0.322778729021941,0.48704986768105,0.0268543190433236,0.197933756099704,-0.137121417949743,-0.245621787208838,0.0771781461692244,0.0218111165774243,-0.101526591534308,0.434989584655498,0.123545213780711,0.0720679197608463,0.34663481222013,"TCGA-CJ-4890","High"
0.154949421106521,0.146686084417057,0.143767699628693,0.162997389608465,0.249191109731278,-0.0568832978024545,-0.0851283162355332,-0.114848136258847,-0.331179348355743,-0.169023566519018,0.0672680852012748,0.0164488874961181,0.0983603067339275,0.185187828454058,0.37831406176901,0.529325293738933,0.461105851466962,0.103156843566813,0.188551442167224,0.260024263942497,-0.288196552125723,-0.142325996951318,-0.10249666667138,-0.250360339121401,0.362859135915314,0.105147155118011,0.113031243992788,0.240496577413027,"TCGA-CJ-4891","High"
0.372713933500662,0.193350159485404,0.406527656791239,0.0490668025299555,0.112705171922885,-0.16667711452653,0.0330827234566422,0.0553679815521449,-0.281852542966565,-0.13250462208466,0.225706681495529,0.014633978295587,0.138168530677327,0.401581467951456,0.058551152197322,0.341761712538473,0.348327217433495,0.0298434966986697,0.036300254505555,0.0202021862874963,-0.315640081707327,0.1058441243559,-0.257713411049577,-0.145094196344554,0.290129107891103,0.0779669239302866,0.0935199300372743,0.480120617417781,"TCGA-CJ-4892","High"
0.313931314244342,0.165622229781029,0.31425069570495,0.171567421197317,0.17317375988346,-0.145080283335967,-0.0929295631344651,-0.0763814293854169,-0.297399097935435,-0.0728502874612963,0.152861627916525,-0.040250244023578,0.111031089407611,0.338695453598774,0.00604149890362224,0.341157885618424,0.416880004830171,0.051369018232207,0.122838825640537,-0.0895731308765142,-0.338935841237036,0.222970808691875,-0.204503180984696,-0.186986829954871,0.342573317439803,0.120204976031029,0.0745204355766449,0.402060646447365,"TCGA-CJ-4893","Low"
0.287800113306683,0.132234684267634,0.384055596088118,0.139196927892661,0.1738004648849,-0.139806421799919,-0.0244150122081841,0.0363387079829171,-0.271727115778902,-0.117670453603908,0.0779256459637858,0.027389725423672,0.0198410888463733,0.288315577909642,-0.0600584860460552,0.300799005564507,0.439795491098168,0.140373566659421,0.132264373059163,-0.139749856959134,-0.305799423306739,0.00765813277263785,-0.0462275670983541,-0.141327429451443,0.449034856345616,0.0703374118754265,0.0780002051559864,0.396548516160264,"TCGA-CJ-4894","Low"
0.234216665859841,0.203520131587111,0.242886596739855,0.148977261382917,0.182869601683226,-0.0873437697458787,-0.0821071295406993,-0.066219609873034,-0.362734660250097,-0.0774879786988418,0.145424250741298,0.0651278584117264,0.154545024120085,0.280906454527816,0.1746139465125,0.468388381891616,0.484388344748666,0.103786129050919,0.209399404804137,0.0344811260601284,-0.294433111060672,-0.00489177706234856,-0.257643853368963,-0.277237177220004,0.313495978658825,0.0573392076920885,0.161560000800688,0.346243312878594,"TCGA-CJ-4895","High"
0.213193080969643,0.103885686066292,0.212394822887083,0.132325000805189,0.166400600372099,-0.161244477382716,-0.128971128050756,-0.132464340256079,-0.334278439609396,-0.119631948799614,0.158780347602369,0.0375293583487547,0.169908053633012,0.248704494759987,0.0484283423394828,0.380000063622437,0.46752565238491,0.0308091220380408,0.186343975901821,-0.0543273016122685,-0.324289833012202,0.271234803785689,-0.000717677476107026,-0.208429148548448,0.431701464268442,0.0865341036559904,0.142109622862329,0.307044145516602,"TCGA-CJ-4897","Low"
0.122629391241805,0.130668112052401,0.146003494337545,0.171295998597431,0.154783810450054,-0.102316701048962,-0.13648907114158,-0.100311453149709,-0.354061250410451,-0.136838341386136,0.0388241808965447,-0.026082173065028,0.0917705916798854,0.178849933967283,0.0363827449395511,0.374205688538482,0.504482188339206,0.0946670748692444,0.224500291987044,-0.062921989384812,-0.218323535080706,0.363056762873159,-0.0623316393046833,-0.199578076966619,0.376628120869158,0.0988044061074627,0.200778364147695,0.20771181235648,"TCGA-CJ-4899","Low"
0.248871334788779,0.159422561344227,0.266333075972127,0.0769585009448213,0.161173097039028,-0.0597981328596563,-0.0589289535493115,-0.0709296315176047,-0.388435438622608,-0.100358643062692,0.114537764091512,-0.0350225953372785,0.0941928445674991,0.256507065721368,0.111224471081983,0.404350633168487,0.463849328828858,0.0534248359356815,0.177959231420702,-0.0276240811074441,-0.347703298131827,0.0269111488333784,0.201531311685854,-0.0453614054028722,0.520505479377724,0.0596586570644104,0.0528662901744537,0.318410610761873,"TCGA-CJ-4900","High"
0.289669182542667,0.205900800054159,0.360464200737823,0.191450413974553,0.189137578670607,-0.024029070934016,-0.0925640556796661,0.00613835676940846,-0.353123318825125,-0.285856213307045,0.180586052013749,0.0730201288565109,0.0998406628965451,0.362740198009775,-0.00125089296846171,0.319915234896563,0.411009678142665,0.0422457397878207,0.0903438066204664,-0.151415710302325,-0.333670487424371,-0.13398089174267,0.0237941963258778,-0.061935911684579,0.459720054479041,0.0422403931888485,0.118498631277323,0.401968333850442,"TCGA-CJ-4901","High"
0.198152347873386,0.132495222926845,0.187935055303988,0.183464149935844,0.173789621012623,-0.15695883411971,-0.133508613616719,-0.114821923879831,-0.35484564709669,-0.00154607755882786,0.148801137505214,-0.0324425222766571,0.130480911874376,0.26771275853822,0.0330321616459071,0.357712157649876,0.45989112201178,0.0128678359213461,0.15185284285593,-0.0985268286466264,-0.294651934391957,0.277412363786126,-0.102088371290282,-0.146884412819135,0.344330309566546,0.116346814080065,0.175648994839305,0.323816433371316,"TCGA-CJ-4902","High"
0.253586048453653,0.15608892539247,0.272891779813984,0.146821204960299,0.20780035159433,-0.170875365305626,-0.0944875298303584,-0.112764190901414,-0.315433793281801,-0.125761273066118,0.152055150927217,0.0889323970074837,0.178704077061026,0.289253832262982,0.0561268354450807,0.38784950457365,0.462168396968529,0.104645470480077,0.173738074006707,-0.0680521305332975,-0.293443822136436,0.103481643832884,-0.182519183070893,-0.180367826453027,0.385971982882859,0.146881170921699,0.0834554373347214,0.351897947017068,"TCGA-CJ-4903","Low"
0.211046849504292,0.135352009647356,0.206134380578619,0.145361974095896,0.19458393133215,-0.215972976925642,-0.117820305780219,-0.114385865353634,-0.328788151615512,-0.16699915774955,0.178999148420408,0.110288907231764,0.203365205461137,0.225724311029663,0.0934271313605796,0.399446525983819,0.492633435745006,0.0944384656933389,0.216273197694694,-0.0522053043163042,-0.288147280984888,0.290152488127837,-0.240974999507586,-0.269035950587519,0.285531925103019,0.109974963525695,0.211213289343731,0.267993939744048,"TCGA-CJ-4904","Low"
0.193003262650832,0.116528817250644,0.144599438906815,0.112672405496261,0.169029846968657,-0.178820749139391,-0.139706381674319,-0.0950545557386887,-0.405184889282724,-0.117744853586044,0.23964257205921,-0.0223083711602494,0.213164483430834,0.262323461118004,0.141005970847639,0.450611243849893,0.47721671952123,0.0886206248618394,0.164636062761246,0.0406367736105813,-0.324400595425244,0.319268308338842,-0.19811033402834,-0.327331295261375,0.242213549933878,0.14970492230637,0.171275779734916,0.323916629831909,"TCGA-CJ-4905","Low"
0.173698838135406,0.0824558367261951,0.116500267701975,0.0426179084236365,0.258886684645836,-0.156419533700701,-0.144069454940388,-0.122713160206602,-0.349509157309456,-0.0495417287560478,0.166461946065851,-0.0479348087116801,0.181729830081655,0.216844660656511,0.10132690804686,0.409140293422516,0.476704707460235,0.110398356271775,0.174871860870382,0.0359739394259643,-0.250465508299881,0.227801158859053,-0.268909613773537,-0.296213317760401,0.303333220456665,0.217292568012086,0.170620335121792,0.275036827401549,"TCGA-CJ-4907","Low"
0.193921456848521,0.120292192814903,0.223887452393879,0.115219398054398,0.179063295507016,-0.154808368430662,-0.101460411215103,-0.104559702547794,-0.327486541627701,-0.0171329283337579,0.0670182244049218,-0.0791838348630165,0.0818382150644191,0.227014214384596,0.059620466986083,0.342844425471084,0.45955498417036,0.0904164412169934,0.153756292867838,-0.1171438139885,-0.257181708842972,0.309124127640797,-0.162251976063021,-0.20240604159086,0.319232302834057,0.13332786986636,0.220514560987281,0.27926375354118,"TCGA-CJ-4908","High"
0.144809305580429,0.097572095528837,0.14393087994914,-0.0227922285496298,0.128033190716318,-0.134067229719922,-0.0937911833749418,-0.0908802841599628,-0.431514943392235,0.00388220621201668,0.219511953723448,0.105152892439001,0.207164094599108,0.224344920492472,0.199498854656821,0.399639666936263,0.342596261482224,0.0507775111960317,0.0200756752964782,0.0449817092715231,-0.296682201688232,0.0742343223718723,0.0623138170856658,-0.224349895228573,0.485900651198983,0.0902241024521356,0.169143709307866,0.279439387953866,"TCGA-CJ-4912","High"
0.363810683191356,0.203603999544748,0.408646569221969,0.166390866621324,0.144495189081778,-0.0658450337474481,-0.0137711798645497,0.0362382991566193,-0.234086324476057,-0.145639428967354,0.164926211957464,0.00515984242580871,0.120157726400269,0.373883180191926,0.00842680932960822,0.350828709642183,0.372823065671444,0.0229648414475148,0.0604685133213266,-0.0500031998712557,-0.286707671722697,-0.0975681044780019,-0.0892827705858941,-0.108377688620784,0.377376387663996,0.0298638481355408,0.10079199607388,0.457791359441796,"TCGA-CJ-4916","High"
0.1783287683813,0.131774597857252,0.189256053266367,0.122510317231491,0.182505320764268,-0.15782495198257,-0.120358450721065,-0.142030203323225,-0.370648653620694,-0.165292739632517,0.16799974933414,0.0812535244023086,0.170941823090853,0.22450736932942,0.0771824807475544,0.410744199784016,0.497291677886227,0.130372608277696,0.204124970249331,-0.0498546245169798,-0.330250292821242,0.261339207836724,-0.050100434616709,-0.221191940818238,0.39782519993682,0.0957084762922964,0.149336767807055,0.318410610761873,"TCGA-CJ-4918","High"
0.107119976886046,0.168337177423517,0.0836040976083499,0.0666432996630059,0.194043992035255,-0.0658838542069175,-0.132329633436766,-0.116074234157677,-0.34988079799192,-0.0868412940822036,0.118751128510758,-0.0498474886204893,0.170261155744134,0.172610313602027,0.147118165080658,0.433338652108067,0.485825620055211,0.124125879363284,0.224143697085768,0.0257669006989878,-0.344632891025303,0.281815782280394,-0.208045392077958,-0.324999296718484,0.301491665377484,0.178133974241289,0.155241106112274,0.234796760557346,"TCGA-CJ-4920","High"
0.281495360075585,0.186344110098261,0.338170772559567,0.248055304892637,0.14949911356468,-0.0771324174731614,-0.0355218870507395,-0.049568969027926,-0.316024369631757,-0.184899852511766,0.145872418800495,0.115988308941676,0.211616534840428,0.362313250673099,-0.03448770251999,0.348862497837143,0.350066962793446,0.0395522979180768,0.0170107530608589,-0.123982244075071,-0.390862630832899,0.0240021022574225,0.0238827795997332,-0.0676201813860042,0.41322990814045,0.111057111341719,0.141130764322245,0.413376402090603,"TCGA-CJ-4923","High"
0.160761079509611,0.147270407522207,0.173630987446264,0.205582819787967,0.178837125261365,-0.15625722455644,-0.131328144846686,-0.116088900295294,-0.345797619606972,-0.147403101855456,0.0301039460634957,-0.0699952536822684,0.109696024551413,0.281672463445417,0.118995537899969,0.419633955966704,0.466476837453343,0.043161660557716,0.181810177885649,-0.0272137091672598,-0.201859979256296,0.197109270339477,-0.0454687908685618,-0.186258464614625,0.403706726598441,0.117360262989002,0.198133769494847,0.335773629338919,"TCGA-CJ-5671","High"
0.306347054401098,0.133672133214892,0.371327893080906,0.163791622420625,0.166852519627637,-0.167889374256677,-0.0253090649309615,0.0263077250693006,-0.320556579651119,-0.140592448058548,0.0881357185208463,0.0124017740138938,0.0690145963099211,0.336111622017822,-0.0156834174808497,0.310342652765965,0.432678286978702,0.0526357209367153,0.105065143054087,-0.109173952370627,-0.28278489105149,0.0914433431534935,-0.127821317618283,-0.146929134380744,0.402770223866854,0.112034764604308,0.0810677758404974,0.418753045829643,"TCGA-CJ-5672","High"
0.371514543655324,0.192485579577153,0.419439134125061,0.143602797826255,0.176884507171204,-0.147441422820646,0.0219337458476545,0.0446738018056634,-0.227324990244311,-0.187747990810948,0.145472585540979,0.0461911420019052,0.107532364138717,0.361608123872871,0.0295789092343302,0.366834612009851,0.393338672999761,0.09154311872967,0.094551295566516,-0.0618553737131508,-0.275512863838521,-0.0184742249836112,-0.243712003385107,-0.121895075393885,0.261332382861877,0.0617717678206018,0.104226387061332,0.457878760008151,"TCGA-CJ-5675","High"
0.222171471609726,0.165314138360827,0.257560358608325,0.117219356905374,0.145151828439739,-0.110830325968185,-0.0836054273179336,-0.124653028323326,-0.409133786913212,-0.0704697051820256,0.050666733820469,0.0213008184911058,0.100840058657518,0.348358874201965,0.110272535543904,0.373098131700742,0.419190931628825,0.0527993610998124,0.0931904649237954,-0.0722716564505373,-0.20294392867984,0.0816106839139467,-0.0185040597495646,-0.101000361736065,0.416242126346711,0.0840907550945535,0.181935698653685,0.379733611884956,"TCGA-CJ-5676","Low"
0.156738820840596,0.115976038134741,0.198227871611546,0.063073540799707,0.252587477012459,-0.128097176394952,-0.119445234200711,-0.0584158016012443,-0.385023022958198,-0.171643811161351,0.0636692469886853,-0.0639394280918823,0.0693640667155909,0.241650199900832,0.213519367654539,0.454162486484535,0.453376884137395,0.195136950177565,0.170497513494114,0.0613150571835155,-0.251114849787307,-0.0483540842061775,-0.111497016983644,-0.239518056693314,0.37056941402843,0.155439434039239,0.216435187012887,0.30724828903181,"TCGA-CJ-5677","High"
0.346352948713471,0.181191194767968,0.373590303076547,0.100077118866798,0.175046537980504,-0.175806510341596,-0.0895831165869154,-0.0143987038005152,-0.344183852739347,-0.03547905858768,0.151125876999812,0.0619866135390844,0.112602559030507,0.366478175291008,0.0390752178546451,0.348061338472094,0.362053311755831,0.0369115275016423,0.0473389475018117,-0.102868773517334,-0.305712341339527,-0.195955748587464,0.0342238886181618,-0.0726581953874346,0.471917254479108,0.138789023936231,0.119192170234582,0.44119987814131,"TCGA-CJ-5678","Low"
0.207166262248827,0.118480324864073,0.217787434853682,0.0763834538026952,0.207765672526833,-0.116032558922936,-0.10325907407397,-0.0523199752660603,-0.3384587451852,-0.0124577061670693,0.239128061734916,0.157260662363534,0.240302594597542,0.275029743641853,0.227863227809266,0.386471465999829,0.370483892700483,0.0175642010109733,0.076806038465884,0.000929482846435751,-0.252539573379489,-0.0367784781683954,-0.111839172743991,-0.141851553125496,0.289686404971032,0.0324851406031214,0.187710293455387,0.323916629831909,"TCGA-CJ-5679","High"
0.142464986416984,0.0959322953174416,0.116233866694133,0.169635395333903,0.242901727994685,-0.218170889830755,-0.120793644655116,-0.126607338271697,-0.335075903489929,-0.128847936499083,0.118646170700127,-0.0303207438162128,0.119102045167673,0.185870162695108,0.243444062135417,0.481555520960342,0.475088774737707,0.139109823014519,0.16253504503583,0.193613827484334,-0.30713087230166,0.197132264235105,-0.253463096336465,-0.32093556119266,0.26792700447411,0.166633120170752,0.201238955150968,0.267993939744048,"TCGA-CJ-5680","Low"
-0.00900463877637243,0.053650415437571,0.0118597390991476,0.162861548576762,0.388673243011156,-0.00304157129109277,-0.121035539433037,-0.150910999156799,-0.33587425644505,0.00711464273266889,0.0582220908233982,0.116478408130063,0.128616559794637,0.0552115306314173,0.136283543267537,0.366227362866968,0.463132064318758,0.31478324449202,0.182485906312455,0.0658544478337618,-0.435373944510673,-0.0795474154832984,-0.00786097417013366,-0.145218848820265,0.209371131086493,0.431195729120839,0.123731666184906,0.150726587940565,"TCGA-CJ-5681","High"
0.270076632018008,0.138312173616456,0.242479580084584,0.198320530221211,0.117530966332556,-0.161218966725128,-0.136920482056763,-0.108739652344818,-0.374514150245908,-0.0103388081001961,0.235166515961692,0.0975649698340994,0.236526819212629,0.336954883226736,0.0617469013043795,0.379381961930181,0.420806586539083,0.0802265855279264,0.106488648431137,-0.0469174997410563,-0.365002976375067,0.0306314078904112,-0.120265657143827,-0.21118818387248,0.385817738522921,0.0547965533270508,0.208300604008063,0.37403315031179,"TCGA-CJ-5682","Low"
0.227456968564416,0.114405285142302,0.169390001949381,0.111685739556311,0.215472843433744,-0.13190562286288,-0.117538684661878,-0.157904125239641,-0.222272922274474,-0.11365971195081,0.169581227464315,-0.0577738661590908,0.142041619846697,0.247194883997065,0.103649746729415,0.392210115757177,0.474500179052435,0.0763093866809187,0.190306671303456,-0.0242732749140959,-0.283291760972366,0.110943559903646,-0.0815515671829003,-0.232292992265264,0.360643852520819,0.149665617389579,0.176453478174279,0.329772297314396,"TCGA-CJ-5683","High"
0.277007784033446,0.143583602662704,0.349122088967158,0.107755301924861,0.144936032093544,-0.219544072988161,-0.0623808561438137,-0.00794586214674895,-0.318611673755985,-0.105387775991748,0.16647387256751,-0.00776736650460227,0.125158701871341,0.32504732526257,-0.0608510395735378,0.282678387801247,0.434815876614817,0.0836428406100805,0.14261640392342,-0.197342672491973,-0.314687781742335,0.238066440300658,-0.14112963658705,-0.153986077198538,0.349919779411927,0.0667179504230263,0.168305308458403,0.396424719738695,"TCGA-CJ-5684","Low"
0.253794060451447,0.183092637598677,0.249560738024443,0.218682704123659,0.200621344771218,-0.147827972909991,-0.0883324057403341,-0.120182018436422,-0.35329911841233,-0.109037360848286,0.0903182051066987,-0.0447659463553089,0.130432504092145,0.332551588373236,0.112263152404536,0.43261549482172,0.461762295434559,0.0899863353930049,0.153980355337604,0.0288988376580495,-0.299355465259142,0.078464953435705,-0.132916186992699,-0.186969641469521,0.346618436037012,0.166805320154272,0.102184812570465,0.379733611884956,"TCGA-CJ-5686","Low"
0.23550267433728,0.134844960847817,0.174208130363884,0.146321063418573,0.136044706084844,-0.163682244792661,-0.146491213347761,-0.190687397816299,-0.336700319219647,-0.17118464431716,0.215601840306757,0.00787454601652263,0.201283939554515,0.272989713458278,0.19248028226631,0.48250757382843,0.464059936225924,0.0563608391489696,0.182644920614395,0.100918915786408,-0.345867722221083,0.335079645508371,-0.1278877118084,-0.254219603467745,0.334221710541131,0.113064001536991,0.083784544698713,0.318612361893957,"TCGA-CJ-5689","High"
0.344172472222146,0.211415614724949,0.353279764192968,0.180260403002848,0.156255952811707,-0.0880520040452617,-0.0506546751882413,0.0183851000929472,-0.337981759253568,-0.100518982619585,0.314996486652909,0.21129933233595,0.273928082396702,0.350987446599577,0.093309623311978,0.323688857487805,0.432132130973434,0.00620611858757816,0.146436564767568,-0.089299234419918,-0.334264773851491,-0.177398774156861,-0.220256121361369,-0.18819912412871,0.404382283467217,0.023911734870822,0.029946083565835,0.418874104622921,"TCGA-CJ-6027","High"
0.299189834622635,0.210280333935182,0.344289646645731,0.164398643507545,0.193958949723445,-0.0560647451531498,-0.00469486599054768,-0.0380796474850002,-0.285460544588123,-0.234547241630462,0.174781191506634,0.12571575792685,0.191558203703147,0.298444148666517,0.0207612785256188,0.259166635276335,0.451473155132526,0.0154694320502933,0.195942184562696,-0.179530381743183,-0.257503866442316,-0.152291867047808,-0.00859000920455016,-0.131540971211678,0.499021464098956,0.0237508431194994,0.0873795500625402,0.357567863969224,"TCGA-CJ-6028","Low"
0.258403112747987,0.186687660249445,0.252611464850081,0.149278860638799,0.23129172085169,-0.160759449485977,-0.105976450920247,-0.114845455677575,-0.391625275275814,-0.16606765446066,0.0876906227640144,0.0448938386625799,0.122835706446138,0.30610363632635,0.0843754107542219,0.414048805796693,0.45747400703045,0.0926570219814188,0.154402750496948,-0.0405007126183294,-0.25673269071461,0.121956414610771,-0.141280700727708,-0.216583207815982,0.378165820072938,0.154445930059572,0.110433193927797,0.357567863969224,"TCGA-CJ-6030","High"
0.238620657940155,0.13361647623004,0.262204415772502,0.162619605412029,0.128377280066531,-0.171980674190237,-0.116376265496701,-0.122197068182379,-0.359461222807184,-0.0535572917493414,0.144109584700947,0.0656859944405985,0.171226722681764,0.308745652562555,0.114757732157412,0.410391453021563,0.478584010108695,0.0158792072140137,0.194573144259911,-0.0346822530069605,-0.265829402139547,0.218204377925278,-0.0681783089801206,-0.154362007250312,0.374890503715312,0.0810329366687188,0.124023144645953,0.374096464825246,"TCGA-CJ-6031","High"
0.274067698390292,0.127776580440702,0.306436312498367,0.143626819172032,0.198244924934465,-0.186968983442663,-0.0451183183367835,-0.063238299753952,-0.303267079521325,-0.114421920015945,0.120698267465356,-0.0146967043246803,0.0643161470690081,0.276319266216477,0.0654896191369243,0.383394760418499,0.443669722181878,0.125570986390274,0.15642717444418,-0.0439058040609453,-0.354742956582212,0.139146689883021,-0.213947052978876,-0.21118818387248,0.318468484936619,0.0999618910898877,0.186069081823029,0.362868310430095,"TCGA-CJ-6032","Low"
0.194148635678299,0.100702957838618,0.177926510607299,0.0671856317152427,0.155963630305329,-0.0837634942142241,-0.0992026677574296,-0.0668481863639609,-0.348633691924949,-0.155407409283303,0.228271120302451,0.131986201559615,0.234206418755094,0.258231492319928,0.262692578062937,0.488995449482141,0.435782161030733,0.0775704033723881,0.138416084376444,0.0789119578894924,-0.26575532158621,0.135283558556951,-0.179722628296894,-0.283658899926829,0.288797921926928,0.0507178660794919,0.184885846967589,0.329373804248489,"TCGA-CJ-6033","High"
0.0400237613130438,0.06192207109909,-0.029242264453342,0.144965341929207,0.273667338380163,-0.0781576679312977,-0.137119643931975,-0.11751542849152,-0.385301190291742,-0.0113259807581313,0.107048774413475,-0.0712638610237417,0.122811393610082,0.122218179312621,0.215602488438634,0.470559733087204,0.517991083881084,0.182919412691923,0.220890245309478,0.131319719505073,-0.267783300769285,0.137311026579631,-0.285868500857843,-0.346191308444645,0.26880153474892,0.216928455280065,0.168255149763446,0.195473715175559,"TCGA-CW-5580","Low"
0.211401597710534,0.163391171205349,0.24066856097633,0.229067605110182,0.206759382008658,-0.144643181795359,-0.0910456786394856,-0.0823288437800887,-0.20218821512411,0.0454854169532684,0.058037801470174,-0.0305916460213973,0.123617560147944,0.296001340220015,0.0404670331047307,0.251655761770189,0.459318375137819,-0.0205032717543137,0.157066344814174,-0.194820408683906,-0.316355959603228,0.161450703666403,-0.186640524245121,-0.195350708874989,0.278427444140463,0.178244250536147,0.160382238497143,0.3464063869575,"TCGA-CW-5581","Low"
0.167751974392068,0.0982579702659276,0.12663907525263,0.0859340544479068,0.091444484621527,-0.127307607350551,-0.0915290339897235,-0.125426212452566,-0.334281459588574,-0.0862695987857673,0.178620940131728,-0.00381520853090293,0.160771234944183,0.195817697704306,0.243992285420078,0.42303098797646,0.502144919383565,0.0988481844066839,0.212607828338358,0.150784510384367,-0.345248476029544,0.337274943867168,-0.183706320525285,-0.300870184732794,0.305947919254972,0.0434999542056094,0.141677342393005,0.258092960352359,"TCGA-CW-5583","Low"
0.0882840568178619,0.0645415917179294,0.0723270054935929,0.16313512177692,0.22823194946396,-0.120352326957566,-0.148325261544102,-0.104576117172858,-0.300093256599807,-0.119412905772254,0.0258360731627301,-0.119986376796705,0.0561468809549511,0.127356942792313,0.151687399277455,0.413963687810645,0.494028800461096,0.197139803261558,0.179904983955683,0.0422906561268518,-0.290022012283463,0.301299386390209,-0.184910355396701,-0.283769786490291,0.279134938736481,0.17929334383745,0.223336467509542,0.195396027309968,"TCGA-CW-5584","Low"
0.159287999823314,0.0686507054640651,0.0690822639125192,0.0879983027072727,0.209010564297643,-0.134512552622652,-0.141415785415848,-0.0645442192553653,-0.298921533291513,-0.0845711295015858,0.19281878818083,-0.0980088337257674,0.191437707411081,0.219331242464633,0.155389279176281,0.442676984453345,0.465399832269019,0.0626979094946197,0.16395012261404,0.0922323377626513,-0.282187016660881,0.249329769907198,-0.203479615353725,-0.337395721456038,0.24299915956716,0.134292012131494,0.206553798666855,0.276744470531958,"TCGA-CW-5585","Low"
0.30707776894618,0.165883614076917,0.371166798724125,0.166363301696505,0.178075236840421,-0.0983701700972186,-0.0164253048743515,0.00798069208338718,-0.28386711173762,-0.119884233142491,0.128818064451135,0.0303003921429958,0.0881167911378574,0.305766223353896,0.0322795806906728,0.356445345012575,0.485935425184061,0.0446203639699969,0.206049326837561,-0.0216809991482654,-0.274709280528541,0.027595189616076,-0.212385592933819,-0.171824055394515,0.348101547657284,0.0426862614932141,0.0903683427245371,0.396424719738695,"TCGA-CW-5587","Low"
0.108182734880565,0.14202904728534,0.181198848234416,0.118471196927338,0.181517851271318,-0.160833776724166,-0.135097175774387,-0.0999262518850868,-0.395518455481097,-0.0284395369198424,-0.0334756956508581,-0.0426245796694838,0.0114681888163467,0.18130052283872,0.250947188491822,0.427115314199683,0.506785109925677,0.18330413057186,0.234736663130807,0.0943538385534867,-0.199090091745351,0.146258263355563,-0.157610041662809,-0.261614111942017,0.340087276277838,0.0709820819760193,0.158052469930907,0.20771181235648,"TCGA-CW-5588","Low"
0.120811949779143,0.0717964083929291,0.0691433246748171,0.103069867956591,0.193383666802373,-0.211449173688454,-0.175795727978249,-0.152085626874166,-0.318937273635101,-0.101609331843562,0.14201509404121,-0.0786326950239578,0.179530496754134,0.182263281079297,0.0690359695569358,0.400920059802079,0.499804502043724,0.127539287325274,0.211582213510387,-0.0223278825930045,-0.233939500637975,0.252711933208726,-0.0987105999702683,-0.261897561367005,0.347389565106272,0.267503610858769,0.202151359275304,0.268278564283662,"TCGA-CW-5589","Low"
0.0702295724193193,0.076691830623317,0.0353358502148764,0.165045870426585,0.220173690151593,-0.0786291625563304,-0.143530068735622,-0.136243880119063,-0.185419137252563,-0.11032694399222,0.126332878166131,-0.0503550048952709,0.117734355386567,0.146016204016619,0.164964974465498,0.402056847318848,0.506415944539653,0.155607535542134,0.214685632115597,0.0178265112270237,-0.403945420292356,0.191137775344346,-0.155839856205587,-0.253441778582437,0.302218786432022,0.212158742491698,0.176283272552032,0.212171747358552,"TCGA-CW-5591","Low"
0.343758137740442,0.248756110493132,0.389747407866416,0.182242070825695,0.132383417716806,-0.0199974975313182,0.0412620697062472,0.102826652694601,-0.325319199108117,-0.344534706801581,0.0949738419775299,-0.00794948872291576,0.0744211553926098,0.323330942145814,0.0545591047283756,0.398332356615847,0.508996094170161,0.0978804491312427,0.240151871917059,-0.00995369332384606,-0.19071991651582,0.0167264319202402,-0.180946142989048,-0.117420270340395,0.35916508735387,-0.0581450178850169,-0.0512265489796474,0.429917234107621,"TCGA-CW-6087","High"
0.0801996746333869,0.0584685504921553,0.0515697129586956,0.0391878181006437,0.180833697288352,-0.139528699988529,-0.153042202068761,-0.112676455898397,-0.329133992656166,-0.0630097772688897,0.172549682284318,0.00189480202397882,0.19535346458883,0.153242437787561,0.136135823727868,0.40698255911916,0.50414184546949,0.131526181721349,0.204362423777407,0.0819634594951802,-0.263460582908774,0.329786264117221,-0.195550673191885,-0.337126674499332,0.281212232437,0.199344007355793,0.21202179187726,0.201316056649494,"TCGA-CW-6088","Low"
0.186469027915084,0.149094658077297,0.17826241179909,0.0527730175148645,0.196574724415734,-0.126399697277882,-0.107972064793542,-0.161674308938418,-0.416030086234483,-0.109865915806957,0.0343624907527182,-0.0534185722063318,0.0421915855915667,0.227625858902553,0.199826579096382,0.458443838854675,0.520519304204236,0.106168042851273,0.260101736677273,0.0989863479034835,-0.215953404385451,0.252564884531777,-0.0741179078117172,-0.196159102187075,0.308826772023394,0.0827931612646698,0.187782587787493,0.284714497289471,"TCGA-CW-6090","High"
0.118852737175492,0.0883079445186067,0.0534384181801877,0.0607618290896032,0.154489424962193,-0.20426670260875,-0.147768604146771,-0.086563276085991,-0.390852292828022,-0.133031268082824,0.199964845207955,-0.0522530172877296,0.1702981605457,0.181759782930324,0.184655867297582,0.45348052407708,0.483686799870057,0.153715697518738,0.177559837637927,0.114371665391329,-0.285221396390426,0.331683896452903,-0.203302831146504,-0.318210456635919,0.267817702778249,0.163770315065966,0.186341464722936,0.296568841352072,"TCGA-CW-6093","Low"
0.204587077601163,0.166413380978439,0.22053509860436,0.352456554621352,0.20187805883911,-0.11492464965415,-0.0966318293354275,-0.187087177589633,-0.302557354515661,-0.252658302919725,-0.00752857801306026,-0.00246237339152766,0.0322300929435874,0.235390724122956,0.0434716534865623,0.352957470125246,0.492874455108411,0.0306173835063685,0.195421091116042,-0.0862451821904152,-0.342876616541787,0.0666204926626073,0.158898517434444,0.042168377469643,0.425092962934827,0.141273318739106,0.0554058683954336,0.303650514094079,"TCGA-CW-6097","Low"
0.135996314672687,0.159468164723254,0.168024132173306,0.137815332410529,0.233258212247853,-0.0600805568083779,-0.11893411494761,-0.00483702724610722,-0.281388376120947,-0.0739693426870304,0.121616857860919,-0.00250854510063978,0.146948659545948,0.259592616712737,-0.022526823827738,0.314833234242246,0.440626685238854,0.0444503759915664,0.122567235747546,-0.0707183225797808,-0.304510138540662,0.157125407532457,-0.186631327219461,-0.234965518533567,0.379794257691274,0.116910493216083,0.191012402558275,0.352352118272893,"TCGA-CZ-4853","Low"
0.178984694719728,0.136021103093707,0.231074135493801,0.11983313220788,0.150369541973283,-0.128800928721027,-0.124614830868042,-0.0522531126859133,-0.354277116045873,-0.147151087931771,0.183981806104769,0.129477389730151,0.184238506427346,0.28238490633321,0.0736464979656239,0.319029365559454,0.454828809860254,0.00917430482529736,0.167412773957473,-0.121939851311046,-0.297119455257241,0.0982644361831012,0.0132434411528049,-0.118734946276283,0.453214007920848,0.0584556178786501,0.16350181983828,0.334980963454027,"TCGA-CZ-4854","High"
0.238714923527456,0.108151327124045,0.295218774471845,0.0297487191115786,0.107872154988706,-0.149458508026396,-0.135666167536891,-0.0141772016943458,-0.329253430164799,-0.168894807766157,0.147147112265141,-0.00042005667022473,0.120979569297864,0.291215087695845,0.000314804451341713,0.334965992805716,0.472389041795742,0.0804114911225024,0.170158059783151,-0.149839020194999,-0.244699990556358,0.252136562023774,-0.0244485614775962,-0.167664626363575,0.412387031032945,0.0382216851779559,0.11636208688866,0.340538637317821,"TCGA-CZ-4856","Low"
0.159663942453325,0.13063371571331,0.179995657195869,0.162363476505525,0.210108015595738,-0.0430010810380501,-0.0854372423495557,-0.115827565286441,-0.344666963068323,-0.0900236230131531,0.141309830644328,0.0577758814458628,0.226330721176468,0.270816705400741,0.23309575702214,0.378852369048617,0.498662341623771,0.0644747687544896,0.197221518489004,0.0770076293225521,-0.259921680117545,0.0883055944581329,-0.237227877056453,-0.139645341989802,0.279045246136483,0.0564851994178174,0.133290452033463,0.318612361893957,"TCGA-CZ-4857","High"
0.294316067701518,0.207317725529817,0.301974667158812,0.188027292394324,0.17940468873774,0.0421781680705576,0.108662774772004,0.00175734681319988,-0.343858581739626,-0.207572310590128,0.270042873433019,0.139683417834805,0.262904072885406,0.305740960729657,0.0907906466412761,0.3698425852779,0.432286070103793,0.0161435633836285,0.149007178372572,-0.0541133117606115,-0.297277842239264,-0.279771214762976,-0.0888230082911713,-0.118627749016455,0.35302344874591,0.0275417840957725,0.0278938045731744,0.390803751052199,"TCGA-CZ-4858","High"
0.219829298710905,0.09786858082883,0.158529731859948,0.154645027803618,0.16033491386623,-0.146943476664686,-0.13450716704689,-0.138868654939532,-0.400951109671292,-0.0934872105325187,0.199226172591495,0.025042194833602,0.170245728633194,0.263076081144111,0.222930257525781,0.417536361525791,0.478994589090053,0.089641358904406,0.182069284316688,0.115126642037865,-0.317119551730736,0.180257442894173,-0.145561700681564,-0.281050913533088,0.308860396214008,0.0868543685792887,0.148674292151842,0.324618789205271,"TCGA-CZ-4859","Low"
0.154371635729973,0.190338288504421,0.215481667386667,0.222664577496887,0.27454148361971,0.0437258465793641,-0.0367838671513745,-0.0826155345545155,-0.309074369989355,-0.0553766286847008,0.0370523349570607,0.046775773212479,0.157524632384715,0.238873104082864,0.176469515770285,0.451572466115434,0.504772074708233,0.124456987030115,0.242460844337812,0.0129923559620276,-0.350111901800763,-0.0709296800866158,-0.183826415019394,-0.233366928893677,0.326868927317401,0.0674639522460332,0.0829504943074437,0.263891538486456,"TCGA-CZ-4860","High"
0.127865199998481,0.218628260922581,0.126523685791683,0.134319035096673,0.279661605084385,0.0558117895858631,-0.0817103026645266,-0.0872293780000699,-0.3285676015413,-0.101478715445494,-0.0488417954524915,-0.0889108693409734,0.0528951776460396,0.186940818829558,0.30365667872919,0.478518252362936,0.51582818217569,0.164010538378098,0.245612415300935,0.202276476175071,-0.2216070183891,0.043317993711739,-0.243197365009166,-0.256699850590141,0.334326187409569,0.0669735293063539,0.0833060292808882,0.234611618648605,"TCGA-CZ-4861","High"
0.291196724260219,0.163207754930852,0.377308693420648,0.27220333445716,0.149767398287135,-0.121091629847811,-0.024261504131507,-0.000871707894826934,-0.215221864039853,-0.125436155100877,0.160061534070393,0.13892511592637,0.150809264756733,0.310975625432081,-0.0469440093925146,0.30159018118716,0.454970972496702,0.0450690689412627,0.149033131557018,-0.136941526475842,-0.320736343425787,-0.0310719834237742,-0.172456145058098,-0.102368448639305,0.362877940894939,0.0483560354746952,0.0430814973102017,0.379639176292683,"TCGA-CZ-4862","Low"
0.35360002974155,0.186135328413783,0.431531931413572,0.169056388117581,0.174691483487356,-0.142434190766807,0.00699504476627975,0.0107885318946606,-0.217561444054744,-0.153750397994153,0.0886894725041184,0.0403640197695512,0.0678679183208843,0.326846007985815,0.017162225389338,0.313862809176386,0.390750355785996,0.116322697961742,0.0747271647804326,-0.0412626509141012,-0.333697717938778,0.0442623838719938,-0.23583249410498,-0.122552452429773,0.331755455375176,0.0445402945353704,0.109083456200899,0.407527682367309,"TCGA-CZ-4863","Low"
0.283829581611828,0.174157058975356,0.345888056941962,0.0633861238332166,0.18263112389078,-0.119081389818419,0.0179780401738272,0.0127775404418694,-0.302366568894183,-0.196152717853802,0.130811257347449,0.0561569021057761,0.0470126829075892,0.274922319834014,0.0600471910032063,0.366334063573505,0.46864839980564,0.112106113677827,0.162137074918352,-0.00582826209001533,-0.248290532529573,0.0876540618926185,-0.2810485472687,-0.171771391003329,0.327261451961826,0.0461520537102844,0.0950499675025472,0.390803751052199,"TCGA-CZ-4864","High"
0.174598436675178,0.150940434662793,0.136432598074367,0.172404049838931,0.245890250322904,-0.174958117932996,-0.10497148908697,-0.0925345930829795,-0.376063860168289,-0.0890771789822273,0.07150171319227,-0.0800755861815955,0.0807145227750667,0.198927922266512,0.163447076236369,0.455839031443712,0.509881198376216,0.0852098304065571,0.228405180183099,0.132000063158226,-0.248893494589029,0.00728201120253989,-0.0973954451903726,-0.249864149325102,0.399907746149287,0.14467678541618,0.138649168069404,0.201586426180948,"TCGA-CZ-4866","Low"
0.235319935173681,0.122497686193328,0.231306634891476,0.119666309032618,0.118009438520322,-0.146217249173894,-0.0740562574416032,-0.0953742870667723,-0.318845642230524,-0.111526901794494,0.236470195634565,0.0625624906688191,0.21247705275856,0.282979093086076,0.0872775019617122,0.39581516982067,0.442310579347955,0.00509110317162033,0.137178443684186,-0.00136590267770497,-0.236055418781876,0.216544451331921,-0.199122231428435,-0.223226142074604,0.332695212344111,0.0459662778789218,0.224758197012859,0.3464063869575,"TCGA-CZ-5451","Low"
0.329008930431165,0.201501301090001,0.409407262904797,0.248652025810439,0.146386161056466,-0.0928839726501743,-0.0514776167566813,-0.0185752238543997,-0.27077788858845,-0.152176786115154,0.0702184775928092,0.108472422951454,0.0777275747040397,0.393468807751666,-0.0194830607339268,0.195969076168344,0.372541800777592,0.021343980403897,0.0458399340763348,-0.0859262232207043,-0.260596919392874,-0.212103595602244,0.0639962902521996,0.0330424669773569,0.402709212522001,0.0679970018008549,0.12751575732854,0.457878760008151,"TCGA-CZ-5452","Low"
0.0770481445041107,0.0748084845222395,-0.0160874065715618,0.0112203477086634,0.233883586800245,-0.157799600989579,-0.132960704911312,-0.123611075654516,-0.376978169091996,-0.0437696521274373,0.154659629780196,-0.160541212859676,0.168957221905792,0.114436588031324,0.161531164753885,0.42678346601408,0.470021527588268,0.157054455485576,0.196151517691887,0.10458607285816,-0.256777065933603,0.282896188959856,-0.127878522406042,-0.352146545828829,0.310058463034626,0.156108471830955,0.236020199714428,0.145437939565011,"TCGA-CZ-5453","High"
0.183968202435266,0.198893166333884,0.173611060271212,0.131989325557607,0.274909600081058,-0.127292457484353,-0.110031817940378,-0.150901646475034,-0.38882248058917,-0.0696201929946042,0.0309931439880047,-0.0167468261027891,0.110756581848867,0.253900101040738,0.175900488482242,0.394892612797644,0.518320286773345,0.158790730299287,0.264129410259614,0.0930260399220774,-0.205050519843737,0.0194315461787016,-0.23367984208209,-0.243016579542107,0.218646798755855,0.12273326364331,0.221358191360799,0.268100645794801,"TCGA-CZ-5454","Low"
0.312044571474082,0.19079838621559,0.315379038960534,0.135418938543128,0.180052525403275,-0.0614339306690471,-0.0114804267382869,-0.0642448351467143,-0.309695951288369,-0.169194958222807,0.16154376938159,0.0470916879963846,0.148017889444335,0.289945348563208,0.111504341493743,0.364909666013379,0.529555916812857,0.0685363507012347,0.23487745593214,0.0334216630733523,-0.253559084180574,-0.0258610827350209,-0.231557840726912,-0.158670633246054,0.299882533776556,0.0312987627005213,0.122173877972972,0.368474609852361,"TCGA-CZ-5455","Low"
0.151038883084117,0.207096846068539,0.194600532826708,0.20803948230341,0.199128132252209,-0.0719230411429082,-0.095740656184973,-0.127476158169639,-0.34882186136762,-0.128508559309662,-0.0198278449850805,-0.0327136816641293,0.0774786683311894,0.298453998704531,0.17854621562699,0.380040976754434,0.464137860293824,0.063335009641624,0.174184305072645,-0.000545744260446177,-0.234033746634825,-0.200945516889554,0.118510728419575,-0.0744515864273374,0.477566739333862,0.063138919134126,0.127364397080179,0.282651855979432,"TCGA-CZ-5456","High"
0.235669339970812,0.102099527874578,0.235722982717566,0.0660894709672136,0.14811339307069,-0.210782100253511,-0.100859434486925,-0.0938258668964166,-0.383653056403112,-0.133566869208378,0.174874439555518,0.14734300968705,0.205580566022541,0.248510738768405,0.105455040981008,0.392083681254127,0.481842796045108,0.0786731425098798,0.203286372987666,0.0303411782219839,-0.251425831198237,0.192206958924063,-0.0480951780319564,-0.198790901875069,0.451140755601193,0.0513747902321785,0.175294061597399,0.280389378872726,"TCGA-CZ-5457","High"
0.208664207168811,0.159794360180214,0.226807565899048,0.25121296959383,0.145035542450088,-0.134692269252672,-0.0799665824704784,-0.128477378409614,-0.372237465658669,-0.0184581548435454,0.0169375406628448,-0.0258028560080821,0.109332714780541,0.312382927928881,0.061591593222765,0.335760363799722,0.433658904309774,0.0596294471318084,0.117269368630586,-0.121791191649836,-0.300327950303976,0.261593899847422,-0.152715415231584,-0.17947168903338,0.254923089549362,0.1906045617792,0.151238695521633,0.304236513613154,"TCGA-CZ-5458","Low"
0.234264829806609,0.13707724053646,0.242707207638463,0.145741908796204,0.148900506864161,-0.0666957597358791,-0.0711812715541801,-0.12411807673785,-0.384354532667372,0.071488076270455,0.159015441153255,0.110716933538902,0.124519425284408,0.271849537856408,0.068801304750699,0.366107682413999,0.462372821615165,0.0934550511373467,0.168179759810783,-0.0530785842371266,-0.275948192964205,0.0301590937753785,-0.152738038112028,-0.197834619039302,0.35092480303591,0.0716224799597635,0.18426390032973,0.340604227105287,"TCGA-CZ-5459","Low"
0.251097805679852,0.160106633409962,0.274113512321224,0.145730769472977,0.180129423434717,-0.0224398090456498,-0.0335560037309619,-0.132619158538518,-0.312194570354169,-0.015807944030779,-0.00964728403146371,0.00974475671146482,0.0480687779429362,0.320771856550598,0.0870365512687384,0.376111960654865,0.419908128430374,0.0535206910573668,0.0921291100446009,-0.00272872632793111,-0.346768520672799,0.105031959442458,-0.0997201331737706,-0.0772221439344335,0.371327695487726,0.0893497759536062,0.151693112310169,0.374096464825246,"TCGA-CZ-5460","High"
0.100454748204525,0.124206704047488,0.168817948575157,0.121116464802506,0.168762441451636,-0.0800634801033615,-0.119086645249341,-0.131962025558642,-0.317762479831476,-0.020121452529761,0.048132165804951,0.078446570917699,0.159227873043372,0.170036680742202,0.0965634581689344,0.383076906469521,0.495270630288416,0.111476125030515,0.190028604002928,-0.0639762854210913,-0.296899058971316,0.290865417792858,-0.215858425585574,-0.25538245932234,0.323305410739109,0.133760387145741,0.161924970469625,0.2034467647296,"TCGA-CZ-5461","Low"
0.115381813902438,0.192851825220971,0.0962778080530919,0.12207209871276,0.231028625698523,-0.154764434766811,-0.103446704245001,-0.0952181463988665,-0.343401383416714,-0.0996532031099747,0.0874356767181242,-0.00814203494428113,0.137863992112668,0.155595913663218,0.371319220542768,0.506880283310623,0.450083035391,0.166524316053584,0.161407045797729,0.228901372999432,-0.312234191861406,-0.136786004091197,-0.11003569466072,-0.255924789865196,0.408077734995103,0.0839440347469146,0.114094610653099,0.217952310587373,"TCGA-CZ-5462","Low"
0.237734073627418,0.168550495370331,0.278718747765452,0.0920737637651313,0.238778164062148,-0.106460374330398,-0.0697996656719552,-0.0501466609391338,-0.331039072302006,-0.0291742603954517,0.0920915767351081,0.00664105119580514,0.0645184024125268,0.265601282700781,0.0116558877843612,0.322301698560558,0.477366427374525,0.0988978566618301,0.203877408137575,-0.0481735359683338,-0.166535880050879,0.0681964346607858,-0.29719759268755,-0.223672936296171,0.352527083217924,0.052277016965925,0.180739695662019,0.307112180222919,"TCGA-CZ-5463","Low"
0.239357917651549,0.121062929016303,0.300216088272019,0.11294661362421,0.167252617374426,-0.043593690806306,-0.0956718342466722,-0.0694878978295617,-0.37480282454589,-0.045538641084343,0.173218300341297,0.116502916924874,0.161871591357347,0.335517645917933,0.0272420364817574,0.353145243863482,0.452443500761457,0.0868181366660048,0.149249727777791,-0.0849938661686444,-0.34926137689949,0.0184243793275309,-0.160057478370195,-0.146011288118792,0.396252547581074,0.066357934644977,0.162898343411965,0.374223125602549,"TCGA-CZ-5464","Low"
0.0794955070557802,0.108988815550427,0.0414495895479607,0.108061596698513,0.236117741866759,-0.1574558716195,-0.117812816770976,-0.13794786438467,-0.337025157472502,-0.0168873074126352,0.166078346472985,0.0702549657420372,0.193380422898199,0.133582539959265,0.054812644961899,0.341107160776944,0.450456189275359,0.151724222970718,0.156041186321733,-0.028112212545743,-0.276470949188106,0.304011662243137,-0.163866362866459,-0.312568822564276,0.320019448790868,0.119239299872244,0.199925870392283,0.185415474512203,"TCGA-CZ-5465","Low"
0.211295816942805,0.114324899684075,0.239818015775667,0.23008596436999,0.237527765608083,-0.167207916157572,-0.116367150209084,-0.118339505492519,-0.361379204010629,-0.0288075401153939,0.155943263206633,0.111845786369605,0.201032816327166,0.281467698116943,0.033520340556728,0.358217860304288,0.475902867128239,0.0244675042457983,0.192420128719047,-0.10525368869606,-0.284807182829384,-0.0200422627867638,-0.0386372478616062,-0.104718785725427,0.370465452781814,0.231514119042142,0.0649296811463862,0.329373804248489,"TCGA-CZ-5466","High"
0.151457418038353,0.107821659213306,0.137279584796509,0.16622635917291,0.171179364065164,-0.121157797788324,-0.0755529531165907,-0.177298440781216,-0.394510704918036,-0.105922883709356,0.0618532049843137,-0.0298301700347033,0.0999309454539691,0.188608682058285,0.103247540207184,0.40991264769073,0.481704998511598,0.114279956347857,0.186536815305853,-0.0539185140940164,-0.214993036797614,0.305197433599754,-0.0396320783260789,-0.206141061006647,0.362033435023682,0.0442848903498987,0.203367273582376,0.262384860391041,"TCGA-CZ-5467","Low"
0.254781359677808,0.165223194427285,0.246251336000623,0.0814666010909575,0.224190400635914,-0.00789775837441274,-0.0256345736953233,0.00508223454452177,-0.423052769346999,-0.161404344733867,0.20946604533028,0.086614548218836,0.160608742849121,0.252320672407496,0.201541129870965,0.380786557195061,0.468636029749875,0.112567038636224,0.205716712859419,-0.019913405911656,-0.284543668461313,-0.244029465943502,-0.215288645962763,-0.188627548624695,0.247290135791751,0.046460672747369,0.177877443880705,0.329440189245151,"TCGA-CZ-5468","High"
0.191821212480295,0.112002855125158,0.210105279081695,0.104068876701625,0.250450940849664,-0.0665187562206601,-0.0536157380114685,-0.126502076502859,-0.423379985343084,-0.121744790028444,0.11599412137948,0.102304134145528,0.186637717305564,0.292683440466702,0.144143975092707,0.451969645340272,0.426041973598188,0.0740092266451551,0.117995870322327,0.0282584225112351,-0.231240457839513,0.0600659121600934,-0.18200722219805,-0.160977828323858,0.27363593570641,0.151871235338016,0.250305405220472,0.329572995837085,"TCGA-CZ-5469","High"
0.267291915522218,0.155724466983663,0.285943441216106,0.11661392680362,0.216398554753803,-0.102260225219034,-0.0920059680090125,-0.0750041600512508,-0.372210120090514,-0.199762935576611,0.0884800146413072,-0.000131637209206869,0.0808862424189229,0.324986368738048,0.0221580892051728,0.374439299195435,0.46266361596431,0.0947086570886444,0.162226457686327,-0.0442774077176049,-0.29434143819215,0.0728846242371121,-0.12137166714415,-0.182903713873155,0.41342703240409,0.231224758578583,0.116375647185275,0.401968333850442,"TCGA-CZ-5470","Low"
0.107058412065642,0.0565667771644636,0.11260512977015,0.142414458089804,0.202426338805026,-0.157874622194303,-0.112183308025959,-0.141238659006318,-0.286175748832721,-0.149325234086354,0.131594909702362,0.0951464866027689,0.190994475851204,0.117243335364604,0.192161937386003,0.436123060949046,0.483364543475997,0.146086203726027,0.193780960724965,0.107446255941397,-0.322660198813151,0.302129729966779,-0.234270889886836,-0.275451385712715,0.279575834946458,0.151023172480569,0.19139666991171,0.145517735820317,"TCGA-CZ-5982","Low"
0.0893856720282419,0.12235571029266,0.09992592117186,0.154353026037896,0.231213759248161,-0.126426184496895,-0.143087639425723,-0.111033232444009,-0.27920527180035,-0.0844490998005038,-0.00585030740170003,-0.135535716150274,0.0863266310446677,0.24676728289695,0.107643006295872,0.32863456956652,0.46594651322718,0.0889242116424839,0.171639876676824,-0.0693408721259489,-0.318874429547955,-0.0168521267059736,-0.0531336943507302,-0.203945334589348,0.48300096149659,0.356654292199703,0.147003256069085,0.276744470531958,"TCGA-CZ-5984","Low"
0.195095778751122,0.145467357675012,0.199043334057925,0.166855981283292,0.234789024984739,-0.145124475286908,-0.112822446814615,-0.129280511032374,-0.35673404478172,0.0175269429295821,0.0656051003866452,-0.0577818634638468,0.0992705846547225,0.249883874437397,0.1234632023443,0.40470522672629,0.506850280460358,0.067270068429636,0.220420767906717,0.0259282104662769,-0.231862641769934,-0.05400414860124,-0.0827771613551161,-0.168777267087318,0.430625263023299,0.125246331823229,0.115523986166895,0.290600315786212,"TCGA-CZ-5985","Low"
0.0698864389318891,0.106590084205953,0.00935646618173612,0.0816266966741434,0.258933844101322,-0.132677013058092,-0.161196406661588,-0.131630202149616,-0.327264407000393,-0.00932388251294087,0.163123979703146,0.0666973173397473,0.225986520835199,0.160890741144811,0.0264486887825387,0.360091396809169,0.497355952336181,0.105276781701531,0.203087806491382,-0.0196490865521747,-0.273127931899676,0.296704988697137,-0.285066526419668,-0.326790368166025,0.28158011506605,0.264632848286004,0.157112374785324,0.217952310587373,"TCGA-CZ-5986","Low"
0.207461296416008,0.170053527867656,0.222866856806444,0.185891209501093,0.247806991009827,0.0224701186779996,-0.0104813350773702,-0.0745812774952131,-0.38124783010656,-0.165224032052855,0.176630353735112,0.14195247841689,0.228234185463606,0.275571443500766,0.153914392897724,0.412216429829476,0.36076447805883,0.0981700359199908,0.0190837646505446,0.071998089824704,-0.301259803230341,-0.108212061073386,-0.150002791695073,-0.194047104783406,0.41085871763549,0.0727417972722627,0.0724525734649699,0.318612361893957,"TCGA-CZ-5987","High"
0.231689767866915,0.169733292715387,0.26257940201341,0.230034612692044,0.176864883448493,-0.096607839391691,-0.114207992885338,-0.122623380084632,-0.357561207755381,-0.0408004005581366,0.183166968201941,0.189629354643806,0.205721300807282,0.271906434989022,-0.0228100763165175,0.332279787731276,0.452295887986351,0.119978549860096,0.15450351280521,-0.134346148273629,-0.342421112538735,0.118926525613241,-0.191376951367081,-0.200012039665459,0.332796023043496,0.0699986376480652,0.145083848416496,0.334980963454027,"TCGA-CZ-5988","High"
0.272706162419751,0.243577651187058,0.316047338930795,0.196398620795509,0.190358986533573,-0.0684959132447406,-0.083183854708366,-0.0320443707686894,-0.204635055514858,-0.126636372998572,0.10323807043288,0.0965509682394994,0.126118307820896,0.279755744146374,-0.0757149751963716,0.24354071362371,0.48793513936524,0.108247862473296,0.25562148973837,-0.125170650644192,-0.261813576619687,0.0771281889688958,-0.239463691390719,-0.173759841342565,0.311975253563097,0.0709251938435415,0.00509899834007968,0.206572449646063,"TCGA-CZ-5989","Low"
0.12113358633182,0.0358889225045671,0.141704385692679,0.114809100508117,0.256673043156189,-0.124814860140993,-0.102790779751246,-0.125296785456913,-0.323038808769285,-0.217137660695253,0.115439425992569,-0.0296900594078902,0.136610999378835,0.184578581112242,0.233424081430759,0.488161846713825,0.444713747028407,0.148778635452668,0.177373013652721,0.0917860549515447,-0.280118269882871,0.229851802520593,-0.17858095997137,-0.22724033917845,0.348314897905228,0.14310332860309,0.183842752001273,0.217725624330687,"TCGA-DV-5565","High"
0.172125400714175,0.119355397212764,0.196432130390339,0.1402522263679,0.227829370184498,-0.0983763337140853,-0.0887796520761926,-0.0980474787498461,-0.309600135060621,-0.127641228053241,0.00746430156026388,-0.0645883951372536,0.0557425526966584,0.210384075812072,0.20359214904924,0.428495437555315,0.47674848996754,0.215015154925157,0.192455304019106,0.0211155736796713,-0.312270638772602,0.0891019922412296,-0.153084682502427,-0.226799678852263,0.247940523113293,0.162887598635803,0.190230802819426,0.273761728463967,"TCGA-DV-5566","Low"
0.0725591269059466,0.0539122215529989,-0.000922959442194734,0.118170807466823,0.202557247354084,-0.0344103652270663,-0.123319346958293,-0.112909040525043,-0.202011385500391,-0.105468464342733,0.125925904071389,-0.138773083994478,0.0961139005080451,0.0775180064840105,0.136373761915432,0.342681326808435,0.423964427187742,0.141433662738935,0.151613341462155,-0.0773338175040762,-0.193726191882547,0.346312073600854,-0.196100965545877,-0.394975325181424,0.286259149379503,0.0986967821755838,0.200507529821493,0.15197477247624,"TCGA-DV-5567","Low"
0.228014210209445,0.156423819699508,0.207533703441236,0.173413199705194,0.241148743738669,-0.181458420501988,-0.0705830002389976,-0.130020035053412,-0.316717649665743,-0.0988485975557633,0.103817854220786,-0.0154259218305725,0.140522752494978,0.264824447517929,0.139616356655234,0.417003117694815,0.481791992003774,0.223663090932631,0.207443883379929,0.0227560582898041,-0.307365435498116,0.026177534717475,-0.181286450555413,-0.249732285259672,0.305420303382178,0.104430251647442,0.162454127736813,0.312651913224756,"TCGA-DV-5569","Low"
0.201123290056416,0.125505913199643,0.216817026399961,0.0717046153438161,0.201286212364942,-0.237791289850485,-0.161925462273784,-0.118469854736717,-0.387229436694975,-0.239255389920091,0.1299124514655,0.072392888303837,0.181633283726415,0.298945810130507,0.0458267735479597,0.368951092708765,0.468005503952911,0.170835654394859,0.181801311351328,-0.077169734450889,-0.279094527539151,0.266988508491818,0.030965310790891,-0.129390772640584,0.425577759481795,0.14671365578033,0.163777523964042,0.334980963454027,"TCGA-DV-5574","High"
0.23775282481945,0.14709120711156,0.24445382937801,0.197405619669,0.183142688774516,-0.147094385289522,-0.093562728629689,-0.12786713805491,-0.34662359128885,-0.141458274335218,0.145008567022009,0.114312373736406,0.176086048454023,0.26668520390234,0.0440863765594469,0.37239259009693,0.488207326998212,0.20841308561288,0.203441168574216,-0.0910219370390177,-0.313334658919985,0.0754611945275607,-0.142855690844918,-0.197186825037777,0.324278850832459,0.131464949215464,0.131648343673392,0.33507995217714,"TCGA-DV-5575","Low"
0.0428513533466056,0.0375201448526026,-0.0101491155999128,0.085966255390024,0.165393148777234,0.00136648809009174,-0.130231278934587,-0.129750140506255,-0.160634384735312,-0.0553599129044039,0.178995054080217,-0.0603365189196564,0.202184186057848,0.0871665985463124,0.224010264883977,0.393007338346929,0.401572607679623,0.158351881694569,0.122509046666571,0.0185689132441904,-0.319934962780501,0.27641047074621,-0.122933007831135,-0.272843260994304,0.262141082596647,0.0945177372614754,0.201477095373121,0.130195988437302,"TCGA-DV-5576","Low"
0.265254960817912,0.149909917407829,0.267246373895092,0.128229441664845,0.246091318691795,-0.0285637425585946,0.0162438010880755,-0.0331676792257195,-0.327441338487383,-0.108811145548716,0.206255876382441,0.0927665796710834,0.171977736751346,0.269267515857828,0.256873013882084,0.444319431955571,0.371223167708419,0.0776370450482595,0.0417072396546049,0.1613883013202,-0.305668709186487,-0.215153295908438,-0.164826416769564,-0.195686578182704,0.298299282324841,0.0942716948167025,0.130168238778339,0.346276907687453,"TCGA-DV-A4VX","High"
-0.00464934254848932,0.0199515273424992,-0.0448198675035836,0.201166104489495,0.23468627243071,0.06519920270334,-0.0363126048340621,-0.15823481534969,-0.160442377177402,-0.055308692996693,0.0143284185206921,-0.161448959128029,0.0234245700353887,0.0860012432541628,0.0948677518399361,0.300818963132284,0.339069404135681,0.173931163804195,0.0544999350713473,-0.114826876269471,-0.302849310284636,0.202641597017584,0.0612708165415037,-0.145530707742264,0.356346398900767,0.111249059746221,0.22393138547387,0.0676345436713603,"TCGA-DV-A4VZ","Low"
0.139070818243786,0.0723454594037688,0.0825993965900753,0.14722897665629,0.232150876544001,-0.128177757005904,-0.0599439701325719,-0.16549485074905,-0.342469168588297,-0.0411327315381542,0.117537570603112,-0.106048469371246,0.0915415465759679,0.197369356969348,0.0966428989318619,0.359200337285225,0.488377097061983,0.0919013047164427,0.211797991248788,-0.0450168305091774,-0.235019075112643,0.222712670350061,-0.115523713929283,-0.235053145062124,0.347616299531022,0.107795859407642,0.239345984571621,0.230009984708711,"TCGA-DV-A4W0","Low"
0.157030968451954,0.161227336612465,0.141084115606053,0.176165364627609,0.126862933068263,-0.148167097427786,-0.114352077365977,-0.225501581963722,-0.271466623767474,-0.118370565155476,0.02137394935705,-0.0502329890865503,0.0199816156526716,0.147419572595514,0.210726953359106,0.450227401156215,0.474682234818994,0.115590755674079,0.197757143252448,0.116161353160895,-0.341472893564348,0.315767790684639,-0.174754183543912,-0.245262674216004,0.31869739023814,0.133567429248892,0.167071885660951,0.214002657151656,"TCGA-EU-5904","Low"
0.167609653623925,0.155577627109596,0.142526783591064,0.150692278959253,0.141398898723372,0.00774410925924632,-0.101695765571448,-0.0874864631063059,-0.350390052828198,-0.00722001622582129,0.165017376807018,0.0993518458135846,0.204666762228729,0.195290561236202,0.0831427418428564,0.328487632957182,0.511302388687008,0.0635106397636607,0.210788906363668,-0.0916290184420348,-0.222844421905846,0.164950028364887,-0.224967323234438,-0.285019641199676,0.241245761376084,0.0103309643427233,0.164314032255914,0.234611618648605,"TCGA-EU-5905","Low"
0.121204618368538,0.117063190860028,0.0830690040657043,0.135767182683669,0.193785730500069,-0.174914349981392,-0.141781781748921,-0.171818164181643,-0.356547226052396,-0.088444054590047,0.0660299307133084,-0.0306919136032836,0.124314352597217,0.141099800764987,0.232500584679541,0.458623674005312,0.511118911883478,0.130617050481008,0.22723152611085,0.180782120305279,-0.263678656202771,0.303542439925297,-0.209756365213263,-0.29744442227782,0.260861146216148,0.169897453025825,0.172759928842207,0.184310040616791,"TCGA-EU-5906","Low"
0.125857159114944,0.168272421003285,0.179758893065824,0.102990210281993,0.257343043749498,-0.127210518886558,-0.116656591578618,-0.0771929130815867,-0.318316227404933,-0.0566495791235912,0.109674496824147,0.147186937679561,0.168502210899051,0.146588926476192,0.176870909486686,0.397610888286409,0.490682871744323,0.078912880180905,0.2186694209112,0.0186109400304691,-0.183110884250259,0.140070836890337,-0.25155328897312,-0.27579350188121,0.289611374465335,0.0487341468360653,0.218349916741606,0.184310040616791,"TCGA-EU-5907","Low"
0.334562736882499,0.166212739008895,0.352190187477807,0.0501236932256699,0.129425369965849,-0.167567298628194,-0.00809175606023241,-0.0243479389586043,-0.318710443048029,-0.122337341280095,0.203448185795805,0.0128155529019238,0.145592947194504,0.392153082231454,0.0782300619981394,0.368063405165908,0.40999279282883,0.0813646283117348,0.0946814474719802,0.00323964977245958,-0.28681940414439,-0.0599604660271275,-0.0644076202059943,-0.0987071777645846,0.331919461762246,0.0609810666746192,0.187830578295198,0.446626740243626,"TCGA-G6-A5PC","High"
0.193736632002321,0.117017515456299,0.182429146856808,0.0316915682967384,0.183485319095706,-0.0734512180426396,-0.0855930092996513,-0.094117630569388,-0.351046555040002,-0.0937794149486023,0.137154294669684,-0.0435020568003178,0.132131132451517,0.240824751475749,0.148715759607448,0.484455610527718,0.415800797995319,0.0630166123495864,0.0865493790425265,0.0826962887106151,-0.215381114996175,0.0539632279477724,-0.023982534936007,-0.179618078540329,0.337579515663028,0.0991651331340519,0.231073588952464,0.29042690751047,"TCGA-G6-A8L6","High"
0.280436502143979,0.111763957948531,0.215114995375303,0.135966900672002,0.0418457841441887,-0.079066555044894,0.0107231224139667,0.0351464182536436,-0.374016905228217,-0.134179506395069,0.41145169542315,0.0718008749241632,0.289522917315206,0.353355597094158,0.227289590441193,0.405521949251637,0.325145576733893,-0.0276754190788791,0.0120435867937189,0.0279517777975071,-0.219093102860795,-0.304051138849953,-0.0175040316869239,-0.0963360273114759,0.313435510128236,0.0148180365625882,0.179964502616554,0.430036969009288,"TCGA-G6-A8L7","High"
0.140660974822386,0.104080002727683,0.0818819910649024,-0.0343917424078489,0.267124214112807,-0.0874336344918889,-0.100214675244183,-0.0457952047102773,-0.393798995573454,-0.0690884092771152,0.227028117374783,-0.0954526540203498,0.176663470813564,0.225603807098134,0.0787577594561375,0.412105549318527,0.278749126749166,0.152971909266686,-0.0542479749966169,-0.0112300625847087,-0.349012671153541,0.286973355973885,-0.130434827363131,-0.312208789485868,0.207042804780114,0.291531239152847,0.225761228769441,0.301590105967929,"TCGA-G6-A8L8","High"
0.201972542482948,0.0956867814322596,0.149116250050019,0.0944316031594822,0.182116594420105,-0.193991288960587,-0.109148136376401,-0.0689651676515599,-0.322945998326368,-0.149850166439941,0.241489160464209,-0.0910355696641945,0.161009408556996,0.225302744885846,0.0797880048092804,0.423744017926337,0.447595765727989,0.0644768142166359,0.151447989731343,-0.0270840902111152,-0.334493530353933,0.253483350760695,-0.145282336156718,-0.263615962665839,0.323717820235983,0.145351734591301,0.234119663491996,0.302309868587168,"TCGA-GK-A6C7","Low"
0.217532755719448,0.124109022359811,0.218945705202579,0.170696662005006,0.202370690673765,-0.12623958308218,-0.0863296287695034,-0.102623879460571,-0.382404035259999,-0.163170285677693,0.122600458595428,0.0839710888207192,0.140880654555533,0.305193028540035,0.112838078913302,0.473474005672081,0.450550441273953,0.0209958166825005,0.155029401754569,0.0355039872730861,-0.358564482798815,-0.0223840277145067,0.0273943634759641,-0.0955513564772386,0.443094784478692,0.212737085334933,0.14446029757783,0.374096464825246,"TCGA-MM-A563","High"
0.212762324431643,0.0803615047183864,0.130446594776031,-0.0261376913488859,0.173614943128519,-0.159074330615152,-0.159169109174648,-0.0467601163767521,-0.389918205304205,-0.102842313959503,0.362154819912732,0.119605826051099,0.29260981829156,0.16226098960068,0.290405329436453,0.474554501545458,0.360594880898687,0.0549840631900822,0.0452536609459743,0.140385764842277,-0.30959561544598,0.190312124150374,-0.109035292334032,-0.242389265286514,0.161315204603533,0.140600482891341,0.227868215904835,0.270851076874315,"TCGA-MM-A564","High"
0.192976064922327,0.124488960451705,0.213175041122477,0.0544296614523292,0.167035653726799,-0.184537086287286,-0.0738238307135173,-0.0513667570819039,-0.395750129372862,-0.122867795123675,0.164136169213202,-0.019981115301281,0.141310027386621,0.269470007443544,0.071409646134006,0.432410221138657,0.443949403920441,0.0851067680303037,0.135231406658522,-0.00251389858566953,-0.303994703085467,0.176647420438675,-0.059305679587132,-0.195873110278041,0.36299636261712,0.17681206139692,0.215677943529812,0.33507995217714,"TCGA-MM-A84U","High"
0.172460081280478,0.10679307383594,0.133294356774635,0.0955283391192241,0.226156122020533,-0.189929849564207,-0.130813901565459,-0.0396860222560174,-0.391174766541984,-0.124498140864841,0.129296383883129,-0.152355865555814,0.104751474043922,0.235734341190597,0.0495634118131536,0.358295371863025,0.466231732473514,0.223482121301711,0.173058044353015,-0.0377747020702277,-0.301710472510208,0.240561788818545,-0.143684953731438,-0.29586144470836,0.299247630979761,0.175544940414829,0.211444578579185,0.279685428004777,"TCGA-MW-A4EC","Low"
0.17543588428047,0.15796993490854,0.222549327025643,0.232367334332286,0.305854450511534,-0.099698621310154,-0.0818787341407052,-0.036830923113962,-0.338802959080508,-0.0171239307432827,-0.0151228002250954,-0.026891364902191,0.0559228804130185,0.275524394558896,-0.0201733184482343,0.359493492601098,0.446088939554138,0.177238581949783,0.158161731730062,-0.0578507945920731,-0.313365071233422,-0.00231374830453173,-0.235004034677763,-0.224409851476447,0.326692601993804,0.300272708250836,0.0651171642784325,0.290843233540666,"TCGA-T7-A92I","Low"
